project_id_a,source_line_a,original_title_a,project_id_b,source_line_b,original_title_b,title_similarity_ratio,token_jaccard,shared_terms_csv,review_status,note
P0051,53,Turn a TV-B-Gone into a super camera remote,P0248,250,Turn a TV-B-Gone into a super camera remote!,1.0,1.0,camera; gone; into; remote; super; turn,CANDIDATE_ONLY_MANUAL_REVIEW_REQUIRED,Similarity does not establish duplication; preserve both original entries
P1984,1986,Setup External programmer in Atmel Studio,P1987,1989,Setup External programmer in Atmel Studio,1.0,1.0,atmel; external; programmer; setup; studio,CANDIDATE_ONLY_MANUAL_REVIEW_REQUIRED,Similarity does not establish duplication; preserve both original entries
P0585,587,kaOS operating system and loader using ATmega32,P0747,749,kaOS operating system and loader using atmega32,1.0,1.0,atmega32; kaos; loader; operating,CANDIDATE_ONLY_MANUAL_REVIEW_REQUIRED,Similarity does not establish duplication; preserve both original entries
P1237,1239,RFID based security system using AVR ATmega32 microcontroller,P2047,2049,RFID-Based Security System with AVR ATmega32 Microcontroller,1.0,1.0,atmega32; avr; microcontroller; rfid; security,CANDIDATE_ONLY_MANUAL_REVIEW_REQUIRED,Similarity does not establish duplication; preserve both original entries
P1237,1239,RFID based security system using AVR ATmega32 microcontroller,P2025,2027,RFID based security system using AVR ATmega32 microcontroller,1.0,1.0,atmega32; avr; microcontroller; rfid; security,CANDIDATE_ONLY_MANUAL_REVIEW_REQUIRED,Similarity does not establish duplication; preserve both original entries
P1956,1958,Automatic Egg Incubator,P2026,2028,AUTOMATIC EGG INCUBATOR,1.0,1.0,egg; incubator,CANDIDATE_ONLY_MANUAL_REVIEW_REQUIRED,Similarity does not establish duplication; preserve both original entries
P2025,2027,RFID based security system using AVR ATmega32 microcontroller,P2047,2049,RFID-Based Security System with AVR ATmega32 Microcontroller,1.0,1.0,atmega32; avr; microcontroller; rfid; security,CANDIDATE_ONLY_MANUAL_REVIEW_REQUIRED,Similarity does not establish duplication; preserve both original entries
P0610,612,A Portable Battery-Powered Roguelike Video Game using ATmega32,P0720,722,A Portable Battery-Powered Roguelike Video Game Using Atmel MEGA32,0.9643,0.6667,battery; game; portable; powered; roguelike; video,CANDIDATE_ONLY_MANUAL_REVIEW_REQUIRED,Similarity does not establish duplication; preserve both original entries
P0002,4,APC UPS Schematic Diagrams,P0004,6,PCM UPS Schematic Diagrams,0.9615,0.6,diagrams; schematic; ups,CANDIDATE_ONLY_MANUAL_REVIEW_REQUIRED,Similarity does not establish duplication; preserve both original entries
P1224,1226,A simple brushless sensored motor driver for AVR Atmega,P1246,1248,A simple brushless sensorless motor driver for AVR Atmega,0.96,0.75,atmega; avr; brushless; driver; motor; simple,CANDIDATE_ONLY_MANUAL_REVIEW_REQUIRED,Similarity does not establish duplication; preserve both original entries
P0412,414,USB AVR programmer using ATtiny2313 microcontroller,P0572,574,AVR Programmer using ATTINY2313 microcontroller,0.9535,0.8,attiny2313; avr; microcontroller; programmer,CANDIDATE_ONLY_MANUAL_REVIEW_REQUIRED,Similarity does not establish duplication; preserve both original entries
P1068,1070,How to interface keypad with AVR microcontroller (ATmega16),P1069,1071,How to interface LED with AVR Microcontroller (ATmega16),0.9505,0.7143,atmega16; avr; how; interface; microcontroller,CANDIDATE_ONLY_MANUAL_REVIEW_REQUIRED,Similarity does not establish duplication; preserve both original entries
P0584,586,RFID security system using ATmega32 microcontroller,P1237,1239,RFID based security system using AVR ATmega32 microcontroller,0.95,0.8,atmega32; microcontroller; rfid; security,CANDIDATE_ONLY_MANUAL_REVIEW_REQUIRED,Similarity does not establish duplication; preserve both original entries
P0584,586,RFID security system using ATmega32 microcontroller,P2047,2049,RFID-Based Security System with AVR ATmega32 Microcontroller,0.95,0.8,atmega32; microcontroller; rfid; security,CANDIDATE_ONLY_MANUAL_REVIEW_REQUIRED,Similarity does not establish duplication; preserve both original entries
P0584,586,RFID security system using ATmega32 microcontroller,P2025,2027,RFID based security system using AVR ATmega32 microcontroller,0.95,0.8,atmega32; microcontroller; rfid; security,CANDIDATE_ONLY_MANUAL_REVIEW_REQUIRED,Similarity does not establish duplication; preserve both original entries
P1069,1071,How to interface LED with AVR Microcontroller (ATmega16),P1081,1083,How to interface RFID with AVR microcontroller (ATmega16),0.9495,0.7143,atmega16; avr; how; interface; microcontroller,CANDIDATE_ONLY_MANUAL_REVIEW_REQUIRED,Similarity does not establish duplication; preserve both original entries
P0267,269,Rechargeable Battery Capacity Tester using ATMega168 microcontroller,P0375,377,Atmega Rechargeable Battery Capacity Tester using ATMega168 microcontroller,0.9466,0.8571,atmega168; battery; capacity; microcontroller; rechargeable; tester,CANDIDATE_ONLY_MANUAL_REVIEW_REQUIRED,Similarity does not establish duplication; preserve both original entries
P1864,1866,Interfacing Stepper Motor with AVR Microcontroller Atmega16,P1866,1868,Interfacing Servo Motor with AVR Microcontroller Atmega16,0.9434,0.7143,atmega16; avr; interfacing; microcontroller; motor,CANDIDATE_ONLY_MANUAL_REVIEW_REQUIRED,Similarity does not establish duplication; preserve both original entries
P0153,155,I2C Bus for ATtiny and ATmega168,P1041,1043,I2C Bus for ATtiny and ATmega,0.9434,0.6,attiny; bus; i2c,CANDIDATE_ONLY_MANUAL_REVIEW_REQUIRED,Similarity does not establish duplication; preserve both original entries
P0401,403,EPROM adapter for ATMEL 89 Series Flash Microcontroller Programmer Ver 2.0,P0464,466,EPROM adapter for ATMEL 89 Series Flash Microcontroller Programmer,0.9394,0.875,adapter; atmel; eprom; flash; microcontroller; programmer; series,CANDIDATE_ONLY_MANUAL_REVIEW_REQUIRED,Similarity does not establish duplication; preserve both original entries
P1062,1064,How to interface GPS with AVR microcontroller (ATmega16),P1069,1071,How to interface LED with AVR Microcontroller (ATmega16),0.9388,0.7143,atmega16; avr; how; interface; microcontroller,CANDIDATE_ONLY_MANUAL_REVIEW_REQUIRED,Similarity does not establish duplication; preserve both original entries
P0628,630,Night Light Saver V6 using AT89C2051,P0635,637,Night Light Saver V5.0 using AT89C2051,0.9355,1.0,at89c2051; light; night; saver,CANDIDATE_ONLY_MANUAL_REVIEW_REQUIRED,Similarity does not establish duplication; preserve both original entries
P0592,594,AVR DDS signal generator V1.0 using ATmega8,P0612,614,AVR DDS signal generator V2.0 using ATmega16,0.9333,0.6667,avr; dds; generator; signal,CANDIDATE_ONLY_MANUAL_REVIEW_REQUIRED,Similarity does not establish duplication; preserve both original entries
P0562,564,Running TX433 and RX433 RF modules with AVR microcontrollers using Atmega8,P1210,1212,Running TX433 and RX433 RF modules with AVR microcontrollers,0.9322,0.8571,avr; microcontrollers; modules; running; rx433; tx433,CANDIDATE_ONLY_MANUAL_REVIEW_REQUIRED,Similarity does not establish duplication; preserve both original entries
P0570,572,Servo motor control using Atmega8 microcontroller,P1288,1290,Stepper motor control with an ATmega8 microcontroller,0.9318,0.6,atmega8; microcontroller; motor,CANDIDATE_ONLY_MANUAL_REVIEW_REQUIRED,Similarity does not establish duplication; preserve both original entries
P1857,1859,Interfacing DC Motor with AVR Microcontroller Atmega16,P1866,1868,Interfacing Servo Motor with AVR Microcontroller Atmega16,0.9307,0.8333,atmega16; avr; interfacing; microcontroller; motor,CANDIDATE_ONLY_MANUAL_REVIEW_REQUIRED,Similarity does not establish duplication; preserve both original entries
P1062,1064,How to interface GPS with AVR microcontroller (ATmega16),P1068,1070,How to interface keypad with AVR microcontroller (ATmega16),0.9307,0.7143,atmega16; avr; how; interface; microcontroller,CANDIDATE_ONLY_MANUAL_REVIEW_REQUIRED,Similarity does not establish duplication; preserve both original entries
P1130,1132,PC stepper motor driver,P1135,1137,Stepper motor driver,0.9302,1.0,driver; motor; stepper,CANDIDATE_ONLY_MANUAL_REVIEW_REQUIRED,Similarity does not establish duplication; preserve both original entries
P1062,1064,How to interface GPS with AVR microcontroller (ATmega16),P1081,1083,How to interface RFID with AVR microcontroller (ATmega16),0.9293,0.7143,atmega16; avr; how; interface; microcontroller,CANDIDATE_ONLY_MANUAL_REVIEW_REQUIRED,Similarity does not establish duplication; preserve both original entries
P1111,1113,Speed and Direction Control of Stepper Motor using AVR Microcontroller,P2005,2007,Speed and Direction Control of DC Motor using AVR Microcontroller,0.9268,0.8333,avr; direction; microcontroller; motor; speed,CANDIDATE_ONLY_MANUAL_REVIEW_REQUIRED,Similarity does not establish duplication; preserve both original entries
P1193,1195,Touch Keypad Interfacing with ATmega32 Microcontroller,P1991,1993,4×4 Keypad Interfacing with ATmega32 Microcontroller,0.9263,0.8,atmega32; interfacing; keypad; microcontroller,CANDIDATE_ONLY_MANUAL_REVIEW_REQUIRED,Similarity does not establish duplication; preserve both original entries
P0703,705,MIDI synthesizer Using Atmega32,P0822,824,MCU MIDI synthesizer using Atmega32,0.9259,0.75,atmega32; midi; synthesizer,CANDIDATE_ONLY_MANUAL_REVIEW_REQUIRED,Similarity does not establish duplication; preserve both original entries
P1287,1289,Interfacing DC Motor with Atmega32 Microcontroller,P1996,1998,Interfacing Servo Motor with Atmega32 Microcontroller,0.9247,0.8,atmega32; interfacing; microcontroller; motor,CANDIDATE_ONLY_MANUAL_REVIEW_REQUIRED,Similarity does not establish duplication; preserve both original entries
P0068,70,Temperature controlled fan using PWM microcontroller,P1145,1147,Temperature Controlled DC Fan using Microcontroller,0.9231,0.8,controlled; fan; microcontroller; temperature,CANDIDATE_ONLY_MANUAL_REVIEW_REQUIRED,Similarity does not establish duplication; preserve both original entries
P1068,1070,How to interface keypad with AVR microcontroller (ATmega16),P1081,1083,How to interface RFID with AVR microcontroller (ATmega16),0.9216,0.7143,atmega16; avr; how; interface; microcontroller,CANDIDATE_ONLY_MANUAL_REVIEW_REQUIRED,Similarity does not establish duplication; preserve both original entries
P0319,321,Kitchen Timer using ATTiny2313 microcontroller,P0320,322,Tea Timer using ATTiny2313 microcontroller,0.9211,0.6,attiny2313; microcontroller; timer,CANDIDATE_ONLY_MANUAL_REVIEW_REQUIRED,Similarity does not establish duplication; preserve both original entries
P1116,1118,Fastest Finger First Circuit using ATMega16,P1379,1381,Fastest Finger First Quiz Project using ATmega16,0.9206,0.8,atmega16; fastest; finger; first,CANDIDATE_ONLY_MANUAL_REVIEW_REQUIRED,Similarity does not establish duplication; preserve both original entries
P0396,398,ATmega8 Based Smart Code Lock,P2060,2062,AVR Project – ATmega8 Based Smart Code Lock,0.92,0.75,atmega8; code; lock,CANDIDATE_ONLY_MANUAL_REVIEW_REQUIRED,Similarity does not establish duplication; preserve both original entries
P0704,706,Frogger Video Game Using Atmel Mega32,P0718,720,Digger video game using Atmel Mega32,0.918,0.6667,atmel; game; mega32; video,CANDIDATE_ONLY_MANUAL_REVIEW_REQUIRED,Similarity does not establish duplication; preserve both original entries
P0719,721,Dual control RC car using Atmel Mega32,P0794,796,Dual Control R/C Car Using Atmega32,0.918,0.4,car; dual,CANDIDATE_ONLY_MANUAL_REVIEW_REQUIRED,Similarity does not establish duplication; preserve both original entries
P1857,1859,Interfacing DC Motor with AVR Microcontroller Atmega16,P1864,1866,Interfacing Stepper Motor with AVR Microcontroller Atmega16,0.9126,0.8333,atmega16; avr; interfacing; microcontroller; motor,CANDIDATE_ONLY_MANUAL_REVIEW_REQUIRED,Similarity does not establish duplication; preserve both original entries
P0778,780,Digital Stethoscope Using Atmega32,P0971,973,Digital Stethoscope Using Atmega644,0.9123,0.3333,stethoscope,CANDIDATE_ONLY_MANUAL_REVIEW_REQUIRED,Similarity does not establish duplication; preserve both original entries
P0176,178,Getting started with LCD's and Microprocessors,P0188,190,Getting started with LCD's and Microprocessors using ATmega8,0.9111,0.8,getting; lcd; microprocessors; started,CANDIDATE_ONLY_MANUAL_REVIEW_REQUIRED,Similarity does not establish duplication; preserve both original entries
P1066,1068,How to use I2C / TWI (Two Wire Interface) in AVR ATmega32,P1963,1965,How to use I2C / TWI (Two Wire Interface) in AVR ATmega32- (Part 36/46),0.906,0.9,atmega32; avr; how; i2c; interface; twi; two; use; wire,CANDIDATE_ONLY_MANUAL_REVIEW_REQUIRED,Similarity does not establish duplication; preserve both original entries
P1891,1893,Getting Started with C Programming for the ATMEL AVR Microcontrollers,P2033,2035,Getting Started with Assembly Programming for ATMEL­AVR­Microcontrollers,0.906,0.375,getting; programming; started,CANDIDATE_ONLY_MANUAL_REVIEW_REQUIRED,Similarity does not establish duplication; preserve both original entries
P0250,252,How to program a AVR (arduino) with another arduino using atmega168 microcontroller,P0253,255,How to program a AVR (arduino) with another arduino using attiny2313 microcontroller,0.9051,0.75,another; arduino; avr; how; microcontroller; program,CANDIDATE_ONLY_MANUAL_REVIEW_REQUIRED,Similarity does not establish duplication; preserve both original entries
P1867,1869,Interfacing 16×2 LCD with Atmega16 AVR Microcontroller in 4-Bit Mode,P1994,1996,Interfacing LCD 16×2 with ATMEGA32 AVR Microcontroller in 4-bit mode,0.9032,0.7778,162; avr; bit; interfacing; lcd; microcontroller; mode,CANDIDATE_ONLY_MANUAL_REVIEW_REQUIRED,Similarity does not establish duplication; preserve both original entries
P0355,357,5 Channel USB Analog Sensor with AVR using ATmega48 Microcontroller,P0556,558,Multichannel USB Analog Sensor using ATMega48 Microcontroller,0.9009,0.625,analog; atmega48; microcontroller; sensor; usb,CANDIDATE_ONLY_MANUAL_REVIEW_REQUIRED,Similarity does not establish duplication; preserve both original entries
P0625,627,AT89C4051 to work as a Real time clock,P0627,629,AT89C4051 to work as a Real time Digital clock,0.9,1.0,at89c4051; clock; real; time; work,CANDIDATE_ONLY_MANUAL_REVIEW_REQUIRED,Similarity does not establish duplication; preserve both original entries
P1067,1069,How to interface Servo Motor with AVR Microcontroller (ATmega16),P1866,1868,Interfacing Servo Motor with AVR Microcontroller Atmega16,0.8991,0.625,atmega16; avr; microcontroller; motor; servo,CANDIDATE_ONLY_MANUAL_REVIEW_REQUIRED,Similarity does not establish duplication; preserve both original entries
P0313,315,Dimmer using ATTiny2313 microcontroller,P0320,322,Tea Timer using ATTiny2313 microcontroller,0.8986,0.4,attiny2313; microcontroller,CANDIDATE_ONLY_MANUAL_REVIEW_REQUIRED,Similarity does not establish duplication; preserve both original entries
P1203,1205,Interfacing LCD with ATmega32 Microcontroller,P1287,1289,Interfacing DC Motor with Atmega32 Microcontroller,0.8941,0.6,atmega32; interfacing; microcontroller,CANDIDATE_ONLY_MANUAL_REVIEW_REQUIRED,Similarity does not establish duplication; preserve both original entries
P0570,572,Servo motor control using Atmega8 microcontroller,P1398,1400,Servo Motor Control by Using AVR ATmega32 Microcontroller,0.8936,0.5,microcontroller; motor; servo,CANDIDATE_ONLY_MANUAL_REVIEW_REQUIRED,Similarity does not establish duplication; preserve both original entries
P1975,1977,ATmega328P Standalone Board,P2061,2063,ATMEGA 32U-4 Standalone Board,0.8929,0.4,board; standalone,CANDIDATE_ONLY_MANUAL_REVIEW_REQUIRED,Similarity does not establish duplication; preserve both original entries
P0078,80,PC Steppermotor Driver Using AT2313 µ-controller,P0087,89,Stepper motor Driver Using AT2313 microcontroller,0.8916,0.3333,at2313; driver,CANDIDATE_ONLY_MANUAL_REVIEW_REQUIRED,Similarity does not establish duplication; preserve both original entries
P1064,1066,How to interface serial ADC0831 with AVR microcontroller (ATmega16),P1081,1083,How to interface RFID with AVR microcontroller (ATmega16),0.8909,0.625,atmega16; avr; how; interface; microcontroller,CANDIDATE_ONLY_MANUAL_REVIEW_REQUIRED,Similarity does not establish duplication; preserve both original entries
P0978,980,Virtual Saxophone Using Atmega644,P0979,981,Digital Saxophone Using Atmega644,0.8889,0.6667,atmega644; saxophone,CANDIDATE_ONLY_MANUAL_REVIEW_REQUIRED,Similarity does not establish duplication; preserve both original entries
P1211,1213,Servo motor control using AVR,P1370,1372,servo motor controller,0.8889,0.6667,motor; servo,CANDIDATE_ONLY_MANUAL_REVIEW_REQUIRED,Similarity does not establish duplication; preserve both original entries
P0166,168,New Jar of Fireflies,P1681,1683,Jar of Fireflies,0.8889,0.6667,fireflies; jar,CANDIDATE_ONLY_MANUAL_REVIEW_REQUIRED,Similarity does not establish duplication; preserve both original entries
P1067,1069,How to interface Servo Motor with AVR Microcontroller (ATmega16),P1069,1071,How to interface LED with AVR Microcontroller (ATmega16),0.8868,0.625,atmega16; avr; how; interface; microcontroller,CANDIDATE_ONLY_MANUAL_REVIEW_REQUIRED,Similarity does not establish duplication; preserve both original entries
P1062,1064,How to interface GPS with AVR microcontroller (ATmega16),P1067,1069,How to interface Servo Motor with AVR Microcontroller (ATmega16),0.8868,0.625,atmega16; avr; how; interface; microcontroller,CANDIDATE_ONLY_MANUAL_REVIEW_REQUIRED,Similarity does not establish duplication; preserve both original entries
P1858,1860,How to Use Hall Sensor with AVR Microcontroller ATmega16,P1863,1865,How to use ADC in AVR Microcontroller ATmega16,0.8866,0.625,atmega16; avr; how; microcontroller; use,CANDIDATE_ONLY_MANUAL_REVIEW_REQUIRED,Similarity does not establish duplication; preserve both original entries
P0036,38,Digital Voltmeter using Microcontroller Atmega8,P0037,39,Digital dimmer using Microcontroller atmega8,0.8861,0.5,atmega8; microcontroller,CANDIDATE_ONLY_MANUAL_REVIEW_REQUIRED,Similarity does not establish duplication; preserve both original entries
P0147,149,Instalacion del controlador USBasp (USBasp drivers setup) – Dark Side Electronics using AVR microcontroller,P0183,185,Instalacion del controlador USBasp (USBasp drivers setup) – Dark Side Electronics,0.8851,0.8,controlador; dark; del; drivers; instalacion; setup; side; usbasp,CANDIDATE_ONLY_MANUAL_REVIEW_REQUIRED,Similarity does not establish duplication; preserve both original entries
P0094,96,Charlieplexing 7 segment displays using Microcontroller,P0129,131,Charlieplexing 7 segment displays using Atmel Tiny26 microcontroller,0.8829,0.6667,charlieplexing; displays; microcontroller; segment,CANDIDATE_ONLY_MANUAL_REVIEW_REQUIRED,Similarity does not establish duplication; preserve both original entries
P1690,1692,GPS Data Logger,P1795,1797,GPS Cap Data Logger,0.8824,0.75,data; gps; logger,CANDIDATE_ONLY_MANUAL_REVIEW_REQUIRED,Similarity does not establish duplication; preserve both original entries
P0985,987,"Wireless, voice-controllable, household system Using Atmega644",P2004,2006,"A wireless, voice-controllable, household system.",0.881,0.75,controllable; household; voice,CANDIDATE_ONLY_MANUAL_REVIEW_REQUIRED,Similarity does not establish duplication; preserve both original entries
P1064,1066,How to interface serial ADC0831 with AVR microcontroller (ATmega16),P1069,1071,How to interface LED with AVR Microcontroller (ATmega16),0.8807,0.625,atmega16; avr; how; interface; microcontroller,CANDIDATE_ONLY_MANUAL_REVIEW_REQUIRED,Similarity does not establish duplication; preserve both original entries
P1085,1087,How to use inbuilt ADC of AVR microcontroller (ATmega16),P1863,1865,How to use ADC in AVR Microcontroller ATmega16,0.88,0.8571,adc; atmega16; avr; how; microcontroller; use,CANDIDATE_ONLY_MANUAL_REVIEW_REQUIRED,Similarity does not establish duplication; preserve both original entries
P1073,1075,Phase Correct PWM (Pulse Width Modulation) Mode of AVR microcontroller Timer,P1074,1076,How to use fast PWM (Pulse Width Modulation) Mode of AVR microcontroller Timer,0.88,0.6154,avr; microcontroller; mode; modulation; pulse; pwm; timer; width,CANDIDATE_ONLY_MANUAL_REVIEW_REQUIRED,Similarity does not establish duplication; preserve both original entries
P1067,1069,How to interface Servo Motor with AVR Microcontroller (ATmega16),P1081,1083,How to interface RFID with AVR microcontroller (ATmega16),0.8785,0.625,atmega16; avr; how; interface; microcontroller,CANDIDATE_ONLY_MANUAL_REVIEW_REQUIRED,Similarity does not establish duplication; preserve both original entries
P0295,297,Experimental board using ATTiny2313 microcontroller,P0575,577,Project Development Board using ATTiny2313 microcontroller,0.8764,0.75,attiny2313; board; microcontroller,CANDIDATE_ONLY_MANUAL_REVIEW_REQUIRED,Similarity does not establish duplication; preserve both original entries
P1064,1066,How to interface serial ADC0831 with AVR microcontroller (ATmega16),P1068,1070,How to interface keypad with AVR microcontroller (ATmega16),0.875,0.625,atmega16; avr; how; interface; microcontroller,CANDIDATE_ONLY_MANUAL_REVIEW_REQUIRED,Similarity does not establish duplication; preserve both original entries
P1588,1590,AT89C51 L293D MOTOR CONTROL PROJECT,P1602,1604,AT89C51 L293D DC MOTOR WITH DOOR CONTROL CIRCUIT,0.871,0.75,at89c51; l293d; motor,CANDIDATE_ONLY_MANUAL_REVIEW_REQUIRED,Similarity does not establish duplication; preserve both original entries
P0310,312,LC Meter using AVR microcontroller,P1322,1324,Volt-Amp meter using AVR microcontroller,0.871,0.6,avr; meter; microcontroller,CANDIDATE_ONLY_MANUAL_REVIEW_REQUIRED,Similarity does not establish duplication; preserve both original entries
P0605,607,Sensor Interfacing using ATmega8 microcontroller,P1868,1870,Rotary Encoder Interfacing with ATmega8 Microcontroller,0.8696,0.5,atmega8; interfacing; microcontroller,CANDIDATE_ONLY_MANUAL_REVIEW_REQUIRED,Similarity does not establish duplication; preserve both original entries
P0709,711,Memory Video Game Using Atmel Mega32,P0718,720,Digger video game using Atmel Mega32,0.8667,0.6667,atmel; game; mega32; video,CANDIDATE_ONLY_MANUAL_REVIEW_REQUIRED,Similarity does not establish duplication; preserve both original entries
P0631,633,Easy-Downloader V1.1 with SDCC using AT89C2051,P0632,634,Easy-DownloaderV1.1 for ATMEL89C2051,0.8657,0.1667,easy,CANDIDATE_ONLY_MANUAL_REVIEW_REQUIRED,Similarity does not establish duplication; preserve both original entries
P0327,329,6 LED Knight Rider using ATtiny22 microcontroller,P0328,330,8 LED Knight Rider using AVR microcontroller,0.8642,0.6667,knight; led; microcontroller; rider,CANDIDATE_ONLY_MANUAL_REVIEW_REQUIRED,Similarity does not establish duplication; preserve both original entries
P0066,68,Digital Melody player using atmega16 microcontroller,P1323,1325,Digital Clock using AVR Atmega16 Microcontroller,0.8636,0.3333,atmega16; microcontroller,CANDIDATE_ONLY_MANUAL_REVIEW_REQUIRED,Similarity does not establish duplication; preserve both original entries
P1062,1064,How to interface GPS with AVR microcontroller (ATmega16),P1064,1066,How to interface serial ADC0831 with AVR microcontroller (ATmega16),0.8624,0.625,atmega16; avr; how; interface; microcontroller,CANDIDATE_ONLY_MANUAL_REVIEW_REQUIRED,Similarity does not establish duplication; preserve both original entries
P1067,1069,How to interface Servo Motor with AVR Microcontroller (ATmega16),P1068,1070,How to interface keypad with AVR microcontroller (ATmega16),0.8624,0.625,atmega16; avr; how; interface; microcontroller,CANDIDATE_ONLY_MANUAL_REVIEW_REQUIRED,Similarity does not establish duplication; preserve both original entries
P0686,688,Hard Drive Based AVR Programmer Using Mega163,P1985,1987,Hard Drive Based AVR Programmer,0.8621,0.8,avr; drive; hard; programmer,CANDIDATE_ONLY_MANUAL_REVIEW_REQUIRED,Similarity does not establish duplication; preserve both original entries
P0324,326,AVR Based CRO using Atmega16 microcontroller,P0609,611,Evertool using ATmega16 microcontroller,0.8615,0.4,atmega16; microcontroller,CANDIDATE_ONLY_MANUAL_REVIEW_REQUIRED,Similarity does not establish duplication; preserve both original entries
P0320,322,Tea Timer using ATTiny2313 microcontroller,P0323,325,Dotmatrix using ATtiny2313 microcontroller,0.8611,0.4,attiny2313; microcontroller,CANDIDATE_ONLY_MANUAL_REVIEW_REQUIRED,Similarity does not establish duplication; preserve both original entries
P0379,381,Ear Trainer using ATMega644 microcontroller,P0613,615,etherrape using ATmega644 microcontroller,0.8611,0.4,atmega644; microcontroller,CANDIDATE_ONLY_MANUAL_REVIEW_REQUIRED,Similarity does not establish duplication; preserve both original entries
P1203,1205,Interfacing LCD with ATmega32 Microcontroller,P1286,1288,Interfacing LCD with Atmega32 Microcontroller using Atmel Studio,0.8602,0.6667,atmega32; interfacing; lcd; microcontroller,CANDIDATE_ONLY_MANUAL_REVIEW_REQUIRED,Similarity does not establish duplication; preserve both original entries
P0303,305,A multifunction digital meter using Atmega128 microcontroller,P1050,1052,MultiFunction LED Game Using An ATmega32 Microcontroller,0.86,0.2857,microcontroller; multifunction,CANDIDATE_ONLY_MANUAL_REVIEW_REQUIRED,Similarity does not establish duplication; preserve both original entries
P1285,1287,Blinking LED using Atmega32 Microcontroller and Atmel Studio,P1286,1288,Interfacing LCD with Atmega32 Microcontroller using Atmel Studio,0.8598,0.5,atmega32; atmel; microcontroller; studio,CANDIDATE_ONLY_MANUAL_REVIEW_REQUIRED,Similarity does not establish duplication; preserve both original entries
P0718,720,Digger video game using Atmel Mega32,P0743,745,The Contender video game using Atmel Mega32,0.8571,0.6667,atmel; game; mega32; video,CANDIDATE_ONLY_MANUAL_REVIEW_REQUIRED,Similarity does not establish duplication; preserve both original entries
P0067,69,SMT160 based Temperature indicator,P1133,1135,Temperature indicator,0.8571,0.6667,indicator; temperature,CANDIDATE_ONLY_MANUAL_REVIEW_REQUIRED,Similarity does not establish duplication; preserve both original entries
P1867,1869,Interfacing 16×2 LCD with Atmega16 AVR Microcontroller in 4-Bit Mode,P1990,1992,Connecting a 16×2 LCD to an ATmega32 AVR Microcontroller in 4-bit mode,0.8571,0.6,162; avr; bit; lcd; microcontroller; mode,CANDIDATE_ONLY_MANUAL_REVIEW_REQUIRED,Similarity does not establish duplication; preserve both original entries
P1154,1156,DTMF Controlled Home Automation System Circuit,P2028,2030,VOICE CONTROLLED HOME AUTOMATION SYSTEM,0.8571,0.6,automation; controlled; home,CANDIDATE_ONLY_MANUAL_REVIEW_REQUIRED,Similarity does not establish duplication; preserve both original entries
P0998,1000,Glove Mouse Using Atmega1284,P1009,1011,Eye Mouse Using Atmega1284,0.8571,0.5,atmega1284; mouse,CANDIDATE_ONLY_MANUAL_REVIEW_REQUIRED,Similarity does not establish duplication; preserve both original entries
P1632,1634,Microcontroller Projects: Home Automation System,P2028,2030,VOICE CONTROLLED HOME AUTOMATION SYSTEM,0.8571,0.4,automation; home,CANDIDATE_ONLY_MANUAL_REVIEW_REQUIRED,Similarity does not establish duplication; preserve both original entries
P0626,628,xTimer with 4094 using ATMEL89C2051 microcontroller,P0629,631,xTimer V1.0 using AT89C4051 microcontroller,0.8571,0.4,microcontroller; xtimer,CANDIDATE_ONLY_MANUAL_REVIEW_REQUIRED,Similarity does not establish duplication; preserve both original entries
P1064,1066,How to interface serial ADC0831 with AVR microcontroller (ATmega16),P1067,1069,How to interface Servo Motor with AVR Microcontroller (ATmega16),0.8547,0.5556,atmega16; avr; how; interface; microcontroller,CANDIDATE_ONLY_MANUAL_REVIEW_REQUIRED,Similarity does not establish duplication; preserve both original entries
P0440,442,PWM Waveform Capture using AVR microcontroller,P0535,537,Minimum Mass Waveform Capture using AVR microcontroller,0.8539,0.5714,avr; capture; microcontroller; waveform,CANDIDATE_ONLY_MANUAL_REVIEW_REQUIRED,Similarity does not establish duplication; preserve both original entries
P0426,428,Nixie Clock with AVR using ATmega48 microcontroller,P1323,1325,Digital Clock using AVR Atmega16 Microcontroller,0.8537,0.5,avr; clock; microcontroller,CANDIDATE_ONLY_MANUAL_REVIEW_REQUIRED,Similarity does not establish duplication; preserve both original entries
P1191,1193,Joystick Interfacing with AVR Microcontroller,P1309,1311,DS1307 RTC Interfacing with AVR microcontroller,0.8537,0.5,avr; interfacing; microcontroller,CANDIDATE_ONLY_MANUAL_REVIEW_REQUIRED,Similarity does not establish duplication; preserve both original entries
P0316,318,Programmer using ATMEGA8 microcontroller,P0647,649,RSS Reader using ATmega8 microcontroller,0.8529,0.4,atmega8; microcontroller,CANDIDATE_ONLY_MANUAL_REVIEW_REQUIRED,Similarity does not establish duplication; preserve both original entries
P0310,312,LC Meter using AVR microcontroller,P1189,1191,100mA Ammeter using AVR Microcontroller,0.8525,0.4,avr; microcontroller,CANDIDATE_ONLY_MANUAL_REVIEW_REQUIRED,Similarity does not establish duplication; preserve both original entries
P0091,93,Cellphone Operated Robot Using Microcontrollers,P0494,496,Cellphone Operated Robot using ATmega16 AVR microcontroller,0.8511,0.4286,cellphone; operated; robot,CANDIDATE_ONLY_MANUAL_REVIEW_REQUIRED,Similarity does not establish duplication; preserve both original entries
P1002,1004,The Air Mouse Using Atmega1284,P1009,1011,Eye Mouse Using Atmega1284,0.85,0.5,atmega1284; mouse,CANDIDATE_ONLY_MANUAL_REVIEW_REQUIRED,Similarity does not establish duplication; preserve both original entries
P0313,315,Dimmer using ATTiny2313 microcontroller,P0319,321,Kitchen Timer using ATTiny2313 microcontroller,0.8493,0.4,attiny2313; microcontroller,CANDIDATE_ONLY_MANUAL_REVIEW_REQUIRED,Similarity does not establish duplication; preserve both original entries
P0616,618,The WhereAVR using ATmega8 microcontroller,P0647,649,RSS Reader using ATmega8 microcontroller,0.8485,0.4,atmega8; microcontroller,CANDIDATE_ONLY_MANUAL_REVIEW_REQUIRED,Similarity does not establish duplication; preserve both original entries
P0324,326,AVR Based CRO using Atmega16 microcontroller,P0539,541,AvrPhone using ATmega128 microcontroller,0.8485,0.1667,microcontroller,CANDIDATE_ONLY_MANUAL_REVIEW_REQUIRED,Similarity does not establish duplication; preserve both original entries
P1096,1098,Stepper Motor Angle Control using AVR Microcontroller,P1288,1290,Stepper motor control with an ATmega8 microcontroller,0.8478,0.5,microcontroller; motor; stepper,CANDIDATE_ONLY_MANUAL_REVIEW_REQUIRED,Similarity does not establish duplication; preserve both original entries
P0906,908,Digital Oscilloscope Using Atmega644,P0971,973,Digital Stethoscope Using Atmega644,0.8475,0.3333,atmega644,CANDIDATE_ONLY_MANUAL_REVIEW_REQUIRED,Similarity does not establish duplication; preserve both original entries
P1044,1046,Atmega16/32 Development Board With LCD,P1176,1178,ATmega64 Development Board,0.8475,0.25,board,CANDIDATE_ONLY_MANUAL_REVIEW_REQUIRED,Similarity does not establish duplication; preserve both original entries
P0605,607,Sensor Interfacing using ATmega8 microcontroller,P1192,1194,Flex Sensor Interfacing with AVR Microcontroller,0.8471,0.5,interfacing; microcontroller; sensor,CANDIDATE_ONLY_MANUAL_REVIEW_REQUIRED,Similarity does not establish duplication; preserve both original entries
P1067,1069,How to interface Servo Motor with AVR Microcontroller (ATmega16),P1864,1866,Interfacing Stepper Motor with AVR Microcontroller Atmega16,0.8468,0.4444,atmega16; avr; microcontroller; motor,CANDIDATE_ONLY_MANUAL_REVIEW_REQUIRED,Similarity does not establish duplication; preserve both original entries
P0070,72,8 MHz frequency meter using AVR microcontroller,P0429,431,Frequency counter using AVR microcontroller,0.8462,0.5,avr; frequency; microcontroller,CANDIDATE_ONLY_MANUAL_REVIEW_REQUIRED,Similarity does not establish duplication; preserve both original entries
P1442,1444,DIGITAL CLASS D AMPLIFIER CIRCUIT TAS5706A PCM1850A ATMEGA128,P1443,1445,DIGITAL CLASS D AMPLIFIER PROJECT TAS5613 TDA9859 ATMEGA128,0.8462,0.4286,amplifier; atmega128; class,CANDIDATE_ONLY_MANUAL_REVIEW_REQUIRED,Similarity does not establish duplication; preserve both original entries
P0344,346,AVR Based Operating System using ATMega32 microcontroller,P0534,536,AVR mod player using ATmega325 microcontroller,0.8462,0.2857,avr; microcontroller,CANDIDATE_ONLY_MANUAL_REVIEW_REQUIRED,Similarity does not establish duplication; preserve both original entries
P0313,315,Dimmer using ATTiny2313 microcontroller,P0314,316,Door Opener using ATTiny2313 microcontroller,0.8451,0.4,attiny2313; microcontroller,CANDIDATE_ONLY_MANUAL_REVIEW_REQUIRED,Similarity does not establish duplication; preserve both original entries
P0704,706,Frogger Video Game Using Atmel Mega32,P0743,745,The Contender video game using Atmel Mega32,0.8438,0.6667,atmel; game; mega32; video,CANDIDATE_ONLY_MANUAL_REVIEW_REQUIRED,Similarity does not establish duplication; preserve both original entries
P1631,1633,Line Follower Robot using Microcontroller,P1862,1864,Line Follower Robot using AVR Microcontroller ATmega16,0.8434,0.6667,follower; line; microcontroller; robot,CANDIDATE_ONLY_MANUAL_REVIEW_REQUIRED,Similarity does not establish duplication; preserve both original entries
P0742,744,The Big Red Juicer using Atmel Mega32,P0756,758,The Big Red Guide Using Atmel AVR Mega32,0.8421,0.5714,atmel; big; mega32; red,CANDIDATE_ONLY_MANUAL_REVIEW_REQUIRED,Similarity does not establish duplication; preserve both original entries
P0076,78,LCD Thermometer TCN75 Using ATTiny2313,P0079,81,PC Thermometer Using ATTiny2313,0.8421,0.5,attiny2313; thermometer,CANDIDATE_ONLY_MANUAL_REVIEW_REQUIRED,Similarity does not establish duplication; preserve both original entries
P0534,536,AVR mod player using ATmega325 microcontroller,P0544,546,MP3 Player using ATMega128 microcontroller,0.8421,0.2857,microcontroller; player,CANDIDATE_ONLY_MANUAL_REVIEW_REQUIRED,Similarity does not establish duplication; preserve both original entries
P0070,72,8 MHz frequency meter using AVR microcontroller,P0458,460,LC Resonant Frequency Meter using AVR microcontroller,0.8409,0.6667,avr; frequency; meter; microcontroller,CANDIDATE_ONLY_MANUAL_REVIEW_REQUIRED,Similarity does not establish duplication; preserve both original entries
P1203,1205,Interfacing LCD with ATmega32 Microcontroller,P1996,1998,Interfacing Servo Motor with Atmega32 Microcontroller,0.8409,0.5,atmega32; interfacing; microcontroller,CANDIDATE_ONLY_MANUAL_REVIEW_REQUIRED,Similarity does not establish duplication; preserve both original entries
P0313,315,Dimmer using ATTiny2313 microcontroller,P0323,325,Dotmatrix using ATtiny2313 microcontroller,0.8406,0.5,attiny2313; microcontroller,CANDIDATE_ONLY_MANUAL_REVIEW_REQUIRED,Similarity does not establish duplication; preserve both original entries
P0313,315,Dimmer using ATTiny2313 microcontroller,P0546,548,LED Menorah using ATtiny13 microcontroller,0.8406,0.1667,microcontroller,CANDIDATE_ONLY_MANUAL_REVIEW_REQUIRED,Similarity does not establish duplication; preserve both original entries
P0366,368,AVR Based Mobile Phone using AVR ATmega128A microcontroller,P0539,541,AvrPhone using ATmega128 microcontroller,0.8395,0.1429,microcontroller,CANDIDATE_ONLY_MANUAL_REVIEW_REQUIRED,Similarity does not establish duplication; preserve both original entries
P0102,104,Rechargeable Battery Capacity Tester using Microcontroller ATMega168,P0267,269,Rechargeable Battery Capacity Tester using ATMega168 microcontroller,0.8387,1.0,atmega168; battery; capacity; microcontroller; rechargeable; tester,CANDIDATE_ONLY_MANUAL_REVIEW_REQUIRED,Similarity does not establish duplication; preserve both original entries
P1154,1156,DTMF Controlled Home Automation System Circuit,P1632,1634,Microcontroller Projects: Home Automation System,0.8387,0.4,automation; home,CANDIDATE_ONLY_MANUAL_REVIEW_REQUIRED,Similarity does not establish duplication; preserve both original entries
P0339,341,"Simple USB AVR programmer, USBasp using ATMega8 microcontroller",P0550,552,Making a USB based AVR Programmer using ATMEGA8 Microcontroller,0.8381,0.625,atmega8; avr; microcontroller; programmer; usb,CANDIDATE_ONLY_MANUAL_REVIEW_REQUIRED,Similarity does not establish duplication; preserve both original entries
P1208,1210,Weeks 11-12: AVR USB Devices and Programming,P1997,1999,AVR USB Devices and Programming,0.8378,0.8,avr; devices; programming; usb,CANDIDATE_ONLY_MANUAL_REVIEW_REQUIRED,Similarity does not establish duplication; preserve both original entries
P0313,315,Dimmer using ATTiny2313 microcontroller,P0572,574,AVR Programmer using ATTINY2313 microcontroller,0.8378,0.4,attiny2313; microcontroller,CANDIDATE_ONLY_MANUAL_REVIEW_REQUIRED,Similarity does not establish duplication; preserve both original entries
P0534,536,AVR mod player using ATmega325 microcontroller,P0586,588,Air-Mouse using ATmega32 microcontroller,0.8378,0.125,microcontroller,CANDIDATE_ONLY_MANUAL_REVIEW_REQUIRED,Similarity does not establish duplication; preserve both original entries
P1203,1205,Interfacing LCD with ATmega32 Microcontroller,P1991,1993,4×4 Keypad Interfacing with ATmega32 Microcontroller,0.8372,0.6,atmega32; interfacing; microcontroller,CANDIDATE_ONLY_MANUAL_REVIEW_REQUIRED,Similarity does not establish duplication; preserve both original entries
P1002,1004,The Air Mouse Using Atmega1284,P1016,1018,The Webcam Mouse Using Atmega1284,0.8372,0.5,atmega1284; mouse,CANDIDATE_ONLY_MANUAL_REVIEW_REQUIRED,Similarity does not establish duplication; preserve both original entries
P1009,1011,Eye Mouse Using Atmega1284,P1016,1018,The Webcam Mouse Using Atmega1284,0.8372,0.5,atmega1284; mouse,CANDIDATE_ONLY_MANUAL_REVIEW_REQUIRED,Similarity does not establish duplication; preserve both original entries
P2071,2073,8-bit ADC with ADC0808 using ATmega16 with Proteus Simulation,P2076,2078,AVR Based 8-bit DAC using ATmega16 with Proteus Simulation,0.8372,0.5,atmega16; bit; proteus; simulation,CANDIDATE_ONLY_MANUAL_REVIEW_REQUIRED,Similarity does not establish duplication; preserve both original entries
P1296,1298,How to use I2C-bus on the Atmel AVR Microcontroller,P1995,1997,How to use Push Button with ATMEGA32 AVR Microcontroller,0.8367,0.4,avr; how; microcontroller; use,CANDIDATE_ONLY_MANUAL_REVIEW_REQUIRED,Similarity does not establish duplication; preserve both original entries
P1189,1191,100mA Ammeter using AVR Microcontroller,P1322,1324,Volt-Amp meter using AVR microcontroller,0.8358,0.2857,avr; microcontroller,CANDIDATE_ONLY_MANUAL_REVIEW_REQUIRED,Similarity does not establish duplication; preserve both original entries
P0316,318,Programmer using ATMEGA8 microcontroller,P0617,619,HVProg using ATmega8535 microcontroller,0.8358,0.2,microcontroller,CANDIDATE_ONLY_MANUAL_REVIEW_REQUIRED,Similarity does not establish duplication; preserve both original entries
P1203,1205,Interfacing LCD with ATmega32 Microcontroller,P1295,1297,Interfacing GSM Module with Atmega32 AVR microcontroller,0.8352,0.4286,atmega32; interfacing; microcontroller,CANDIDATE_ONLY_MANUAL_REVIEW_REQUIRED,Similarity does not establish duplication; preserve both original entries
P2076,2078,AVR Based 8-bit DAC using ATmega16 with Proteus Simulation,P2077,2079,AVR DAC using TLC5615 with ATmega16 using Proteus Simulation,0.8333,0.7143,atmega16; avr; dac; proteus; simulation,CANDIDATE_ONLY_MANUAL_REVIEW_REQUIRED,Similarity does not establish duplication; preserve both original entries
P1287,1289,Interfacing DC Motor with Atmega32 Microcontroller,P1295,1297,Interfacing GSM Module with Atmega32 AVR microcontroller,0.8333,0.4286,atmega32; interfacing; microcontroller,CANDIDATE_ONLY_MANUAL_REVIEW_REQUIRED,Similarity does not establish duplication; preserve both original entries
P0344,346,AVR Based Operating System using ATMega32 microcontroller,P0586,588,Air-Mouse using ATmega32 microcontroller,0.8333,0.3333,atmega32; microcontroller,CANDIDATE_ONLY_MANUAL_REVIEW_REQUIRED,Similarity does not establish duplication; preserve both original entries
P1288,1290,Stepper motor control with an ATmega8 microcontroller,P1398,1400,Servo Motor Control by Using AVR ATmega32 Microcontroller,0.8333,0.2857,microcontroller; motor,CANDIDATE_ONLY_MANUAL_REVIEW_REQUIRED,Similarity does not establish duplication; preserve both original entries
P0320,322,Tea Timer using ATTiny2313 microcontroller,P0546,548,LED Menorah using ATtiny13 microcontroller,0.8333,0.1429,microcontroller,CANDIDATE_ONLY_MANUAL_REVIEW_REQUIRED,Similarity does not establish duplication; preserve both original entries
P0040,42,Traffic light controller using avr microcontroller,P1108,1110,LED Light Bulb Controller using AVR Microcontroller,0.8315,0.5,avr; light; microcontroller,CANDIDATE_ONLY_MANUAL_REVIEW_REQUIRED,Similarity does not establish duplication; preserve both original entries
P0315,317,Beamer Control using attiny2313 microcontroller,P0320,322,Tea Timer using ATTiny2313 microcontroller,0.8312,0.4,attiny2313; microcontroller,CANDIDATE_ONLY_MANUAL_REVIEW_REQUIRED,Similarity does not establish duplication; preserve both original entries
P0320,322,Tea Timer using ATTiny2313 microcontroller,P0572,574,AVR Programmer using ATTINY2313 microcontroller,0.8312,0.3333,attiny2313; microcontroller,CANDIDATE_ONLY_MANUAL_REVIEW_REQUIRED,Similarity does not establish duplication; preserve both original entries
P0310,312,LC Meter using AVR microcontroller,P0433,435,Capacitance Meter using AVR microcontroller,0.8308,0.75,avr; meter; microcontroller,CANDIDATE_ONLY_MANUAL_REVIEW_REQUIRED,Similarity does not establish duplication; preserve both original entries
P0743,745,The Contender video game using Atmel Mega32,P0744,746,Duckhunt video game using Atmel Mega32,0.8308,0.6667,atmel; game; mega32; video,CANDIDATE_ONLY_MANUAL_REVIEW_REQUIRED,Similarity does not establish duplication; preserve both original entries
P1067,1069,How to interface Servo Motor with AVR Microcontroller (ATmega16),P1857,1859,Interfacing DC Motor with AVR Microcontroller Atmega16,0.8302,0.5,atmega16; avr; microcontroller; motor,CANDIDATE_ONLY_MANUAL_REVIEW_REQUIRED,Similarity does not establish duplication; preserve both original entries
P0328,330,8 LED Knight Rider using AVR microcontroller,P0329,331,16 LED Knight Rider using 74HCT138 microcontroller,0.8293,0.6667,knight; led; microcontroller; rider,CANDIDATE_ONLY_MANUAL_REVIEW_REQUIRED,Similarity does not establish duplication; preserve both original entries
P1317,1319,GSM Based Home Automation,P1363,1365,ThiDom Home automation,0.8293,0.5,automation; home,CANDIDATE_ONLY_MANUAL_REVIEW_REQUIRED,Similarity does not establish duplication; preserve both original entries
P0467,469,Interfacing DRAM Memory using AVR microcontroller,P1061,1063,Interfacing SD Card with AVR Microcontroller,0.8293,0.5,avr; interfacing; microcontroller,CANDIDATE_ONLY_MANUAL_REVIEW_REQUIRED,Similarity does not establish duplication; preserve both original entries
P1061,1063,Interfacing SD Card with AVR Microcontroller,P1156,1158,Interfacing 16X2 LCD to AVR Microcontroller,0.8293,0.5,avr; interfacing; microcontroller,CANDIDATE_ONLY_MANUAL_REVIEW_REQUIRED,Similarity does not establish duplication; preserve both original entries
P0316,318,Programmer using ATMEGA8 microcontroller,P0418,420,Atmel avr usb programmer using ATMEGA8 microcontroller,0.8293,0.5,atmega8; microcontroller; programmer,CANDIDATE_ONLY_MANUAL_REVIEW_REQUIRED,Similarity does not establish duplication; preserve both original entries
P1370,1372,servo motor controller,P1755,1757,DC Motor Controller,0.8293,0.5,motor,CANDIDATE_ONLY_MANUAL_REVIEW_REQUIRED,Similarity does not establish duplication; preserve both original entries
P1092,1094,DIY – Waveform Generator using AVR Microcontroller,P1097,1099,Audio Tone Generator using AVR Microcontroller,0.8293,0.4286,avr; generator; microcontroller,CANDIDATE_ONLY_MANUAL_REVIEW_REQUIRED,Similarity does not establish duplication; preserve both original entries
P0605,607,Sensor Interfacing using ATmega8 microcontroller,P1203,1205,Interfacing LCD with ATmega32 Microcontroller,0.8293,0.3333,interfacing; microcontroller,CANDIDATE_ONLY_MANUAL_REVIEW_REQUIRED,Similarity does not establish duplication; preserve both original entries
P0368,370,Clever Clapper using ATtiny2313 microcontroller,P0551,553,LED Dog Collar using ATTINY2313 Microcontroller,0.8293,0.2857,attiny2313; microcontroller,CANDIDATE_ONLY_MANUAL_REVIEW_REQUIRED,Similarity does not establish duplication; preserve both original entries
P0586,588,Air-Mouse using ATmega32 microcontroller,P1186,1188,Alarm Clock using ATmega32 Microcontroller,0.8286,0.3333,atmega32; microcontroller,CANDIDATE_ONLY_MANUAL_REVIEW_REQUIRED,Similarity does not establish duplication; preserve both original entries
P0604,606,The Prototino™ using ATmega168 microcontroller,P0609,611,Evertool using ATmega16 microcontroller,0.8286,0.2,microcontroller,CANDIDATE_ONLY_MANUAL_REVIEW_REQUIRED,Similarity does not establish duplication; preserve both original entries
P1295,1297,Interfacing GSM Module with Atmega32 AVR microcontroller,P1996,1998,Interfacing Servo Motor with Atmega32 Microcontroller,0.8283,0.375,atmega32; interfacing; microcontroller,CANDIDATE_ONLY_MANUAL_REVIEW_REQUIRED,Similarity does not establish duplication; preserve both original entries
P0327,329,6 LED Knight Rider using ATtiny22 microcontroller,P0329,331,16 LED Knight Rider using 74HCT138 microcontroller,0.8276,0.6667,knight; led; microcontroller; rider,CANDIDATE_ONLY_MANUAL_REVIEW_REQUIRED,Similarity does not establish duplication; preserve both original entries
P0344,346,AVR Based Operating System using ATMega32 microcontroller,P0581,583,Wall of Pong using ATmega32 microcontroller,0.8267,0.3333,atmega32; microcontroller,CANDIDATE_ONLY_MANUAL_REVIEW_REQUIRED,Similarity does not establish duplication; preserve both original entries
P1990,1992,Connecting a 16×2 LCD to an ATmega32 AVR Microcontroller in 4-bit mode,P1994,1996,Interfacing LCD 16×2 with ATMEGA32 AVR Microcontroller in 4-bit mode,0.8254,0.7778,162; atmega32; avr; bit; lcd; microcontroller; mode,CANDIDATE_ONLY_MANUAL_REVIEW_REQUIRED,Similarity does not establish duplication; preserve both original entries
P0709,711,Memory Video Game Using Atmel Mega32,P0743,745,The Contender video game using Atmel Mega32,0.8254,0.6667,atmel; game; mega32; video,CANDIDATE_ONLY_MANUAL_REVIEW_REQUIRED,Similarity does not establish duplication; preserve both original entries
P1269,1271,Atmega 32u4 Based Wireless USB Mouse,P1271,1273,Atmega 32u4 Based Wireless USB Keyboard,0.8254,0.6,32u4; atmega; usb,CANDIDATE_ONLY_MANUAL_REVIEW_REQUIRED,Similarity does not establish duplication; preserve both original entries
P0404,406,Wireless Lan for AVR microcontrollers,P1187,1189,Fire Alarm System using AVR Microcontroller,0.8254,0.1667,avr,CANDIDATE_ONLY_MANUAL_REVIEW_REQUIRED,Similarity does not establish duplication; preserve both original entries
P1566,1568,AT89S52 DS1620 THERMOMETER CIRCUIT (LCD DISPLAY),P1612,1614,AT89S52 THERMISTOR CIRCUIT THERMOMETER LCD DISPLAY,0.825,0.6667,at89s52; display; lcd; thermometer,CANDIDATE_ONLY_MANUAL_REVIEW_REQUIRED,Similarity does not establish duplication; preserve both original entries
P0315,317,Beamer Control using attiny2313 microcontroller,P0602,604,The Game of Life using ATtiny2313 microcontroller,0.825,0.4,attiny2313; microcontroller,CANDIDATE_ONLY_MANUAL_REVIEW_REQUIRED,Similarity does not establish duplication; preserve both original entries
P0418,420,Atmel avr usb programmer using ATMEGA8 microcontroller,P0550,552,Making a USB based AVR Programmer using ATMEGA8 Microcontroller,0.8247,0.7143,atmega8; avr; microcontroller; programmer; usb,CANDIDATE_ONLY_MANUAL_REVIEW_REQUIRED,Similarity does not establish duplication; preserve both original entries
P0639,641,Watch controlled robot using AVR microcontroller,P1699,1701,Voice Controlled Robot Using 8051 Microcontroller,0.8235,0.4286,controlled; microcontroller; robot,CANDIDATE_ONLY_MANUAL_REVIEW_REQUIRED,Similarity does not establish duplication; preserve both original entries
P0539,541,AvrPhone using ATmega128 microcontroller,P0586,588,Air-Mouse using ATmega32 microcontroller,0.8235,0.1667,microcontroller,CANDIDATE_ONLY_MANUAL_REVIEW_REQUIRED,Similarity does not establish duplication; preserve both original entries
P0324,326,AVR Based CRO using Atmega16 microcontroller,P1186,1188,Alarm Clock using ATmega32 Microcontroller,0.8235,0.1429,microcontroller,CANDIDATE_ONLY_MANUAL_REVIEW_REQUIRED,Similarity does not establish duplication; preserve both original entries
P0713,715,CubeSat Diagnostics board using Mega128,P0801,803,CUsat diagnostic board using Atmel mega32,0.8235,0.125,board,CANDIDATE_ONLY_MANUAL_REVIEW_REQUIRED,Similarity does not establish duplication; preserve both original entries
P0407,409,80×32 LED matrix display using ATmega32 microcontroller,P0541,543,LED Matrix Display using TD62783 microcontroller,0.8222,0.5714,display; led; matrix; microcontroller,CANDIDATE_ONLY_MANUAL_REVIEW_REQUIRED,Similarity does not establish duplication; preserve both original entries
P0568,570,Simplified AVR LCD routines using ATmega8 microcontroller,P0569,571,AVR LCD menu routine using ATmega8 microcontroller,0.8211,0.5,atmega8; avr; lcd; microcontroller,CANDIDATE_ONLY_MANUAL_REVIEW_REQUIRED,Similarity does not establish duplication; preserve both original entries
P0061,63,ATTiny2313 Board RS232,P1372,1374,ATTiny 2313 BOARD,0.8205,0.2,board,CANDIDATE_ONLY_MANUAL_REVIEW_REQUIRED,Similarity does not establish duplication; preserve both original entries
P1081,1083,How to interface RFID with AVR microcontroller (ATmega16),P1214,1216,How to interface RFID with AVR ATmega32 microcontroller,0.82,0.7143,avr; how; interface; microcontroller; rfid,CANDIDATE_ONLY_MANUAL_REVIEW_REQUIRED,Similarity does not establish duplication; preserve both original entries
P1866,1868,Interfacing Servo Motor with AVR Microcontroller Atmega16,P1996,1998,Interfacing Servo Motor with Atmega32 Microcontroller,0.82,0.5714,interfacing; microcontroller; motor; servo,CANDIDATE_ONLY_MANUAL_REVIEW_REQUIRED,Similarity does not establish duplication; preserve both original entries
P0704,706,Frogger Video Game Using Atmel Mega32,P0709,711,Memory Video Game Using Atmel Mega32,0.8197,0.6667,atmel; game; mega32; video,CANDIDATE_ONLY_MANUAL_REVIEW_REQUIRED,Similarity does not establish duplication; preserve both original entries
P1156,1158,Interfacing 16X2 LCD to AVR Microcontroller,P1203,1205,Interfacing LCD with ATmega32 Microcontroller,0.8193,0.5,interfacing; lcd; microcontroller,CANDIDATE_ONLY_MANUAL_REVIEW_REQUIRED,Similarity does not establish duplication; preserve both original entries
P0316,318,Programmer using ATMEGA8 microcontroller,P0550,552,Making a USB based AVR Programmer using ATMEGA8 Microcontroller,0.8193,0.5,atmega8; microcontroller; programmer,CANDIDATE_ONLY_MANUAL_REVIEW_REQUIRED,Similarity does not establish duplication; preserve both original entries
P0400,402,Digital Stop Watch with ATmega8 using microcontroller,P0459,461,Digital Telemetry using ATMega8 microcontroller,0.8193,0.4,atmega8; microcontroller,CANDIDATE_ONLY_MANUAL_REVIEW_REQUIRED,Similarity does not establish duplication; preserve both original entries
P0359,361,Ultrasonic Security System using Atmega644 microcontroller,P0584,586,RFID security system using ATmega32 microcontroller,0.8193,0.3333,microcontroller; security,CANDIDATE_ONLY_MANUAL_REVIEW_REQUIRED,Similarity does not establish duplication; preserve both original entries
P0300,302,VGA monitor tester using ATTiny2313 microcontroller,P0314,316,Door Opener using ATTiny2313 microcontroller,0.8193,0.2857,attiny2313; microcontroller,CANDIDATE_ONLY_MANUAL_REVIEW_REQUIRED,Similarity does not establish duplication; preserve both original entries
P1120,1122,Smart Home Automation using AVR,P1317,1319,GSM Based Home Automation,0.8182,0.5,automation; home,CANDIDATE_ONLY_MANUAL_REVIEW_REQUIRED,Similarity does not establish duplication; preserve both original entries
P0316,318,Programmer using ATMEGA8 microcontroller,P0616,618,The WhereAVR using ATmega8 microcontroller,0.8182,0.5,atmega8; microcontroller,CANDIDATE_ONLY_MANUAL_REVIEW_REQUIRED,Similarity does not establish duplication; preserve both original entries
P1183,1185,8×8 LED Matrix Interfacing with AVR Microcontroller,P1192,1194,Flex Sensor Interfacing with AVR Microcontroller,0.8182,0.4286,avr; interfacing; microcontroller,CANDIDATE_ONLY_MANUAL_REVIEW_REQUIRED,Similarity does not establish duplication; preserve both original entries
P0605,607,Sensor Interfacing using ATmega8 microcontroller,P1991,1993,4×4 Keypad Interfacing with ATmega32 Microcontroller,0.8182,0.3333,interfacing; microcontroller,CANDIDATE_ONLY_MANUAL_REVIEW_REQUIRED,Similarity does not establish duplication; preserve both original entries
P0539,541,AvrPhone using ATmega128 microcontroller,P0616,618,The WhereAVR using ATmega8 microcontroller,0.8182,0.2,microcontroller,CANDIDATE_ONLY_MANUAL_REVIEW_REQUIRED,Similarity does not establish duplication; preserve both original entries
P0324,326,AVR Based CRO using Atmega16 microcontroller,P0586,588,Air-Mouse using ATmega32 microcontroller,0.8182,0.1429,microcontroller,CANDIDATE_ONLY_MANUAL_REVIEW_REQUIRED,Similarity does not establish duplication; preserve both original entries
P1590,1592,8051 ELEVATOR PROJECT STEPPER MOTOR CONTROL,P1591,1593,8051 ROBOT ARM STEPPER MOTOR CONTROL,0.8169,0.5,8051; motor; stepper,CANDIDATE_ONLY_MANUAL_REVIEW_REQUIRED,Similarity does not establish duplication; preserve both original entries
P0316,318,Programmer using ATMEGA8 microcontroller,P0317,319,Programmer UsbAsp using AVR microcontroller,0.8169,0.4,microcontroller; programmer,CANDIDATE_ONLY_MANUAL_REVIEW_REQUIRED,Similarity does not establish duplication; preserve both original entries
P0146,148,How to Read Binary/Hex Thumbwheel Switch with an AVR Microcontroller using ATmega328p microcontroller,P0182,184,How to Read Binary/Hex Thumbwheel Switch with an AVR Microcontroller,0.8163,0.8889,avr; binary; hex; how; microcontroller; read; switch; thumbwheel,CANDIDATE_ONLY_MANUAL_REVIEW_REQUIRED,Similarity does not establish duplication; preserve both original entries
P1305,1307,Atmel AVR ISP Microcontroller Programmer Project,P2017,2019,Building Your Own Atmel AVR ISP Microcontroller Programmer,0.8163,0.625,atmel; avr; isp; microcontroller; programmer,CANDIDATE_ONLY_MANUAL_REVIEW_REQUIRED,Similarity does not establish duplication; preserve both original entries
P0528,530,RS-232 to 100 MHz RF desktop channel adapter using ATtiny2313 microcontroller,P0529,531,Frequency Meter with 100 MHz RF desktop channel using ATtiny2313 microcontroller,0.8143,0.6,100; attiny2313; channel; desktop; mhz; microcontroller,CANDIDATE_ONLY_MANUAL_REVIEW_REQUIRED,Similarity does not establish duplication; preserve both original entries
P0467,469,Interfacing DRAM Memory using AVR microcontroller,P1156,1158,Interfacing 16X2 LCD to AVR Microcontroller,0.814,0.4286,avr; interfacing; microcontroller,CANDIDATE_ONLY_MANUAL_REVIEW_REQUIRED,Similarity does not establish duplication; preserve both original entries
P0066,68,Digital Melody player using atmega16 microcontroller,P0534,536,AVR mod player using ATmega325 microcontroller,0.814,0.2857,microcontroller; player,CANDIDATE_ONLY_MANUAL_REVIEW_REQUIRED,Similarity does not establish duplication; preserve both original entries
P0741,743,Color Tetris video game using ATMega32,P0750,752,Reversi Video Game Using ATmega32,0.8136,0.5,atmega32; game; video,CANDIDATE_ONLY_MANUAL_REVIEW_REQUIRED,Similarity does not establish duplication; preserve both original entries
P0389,391,Line Following Robot using AVR ATmega8,P0826,828,Line-following car Using atmega32,0.8136,0.2857,following; line,CANDIDATE_ONLY_MANUAL_REVIEW_REQUIRED,Similarity does not establish duplication; preserve both original entries
P0286,288,Development Board With LCD using Atmega16 microcontrollers,P0575,577,Project Development Board using ATTiny2313 microcontroller,0.8132,0.1667,board,CANDIDATE_ONLY_MANUAL_REVIEW_REQUIRED,Similarity does not establish duplication; preserve both original entries
P0705,707,Space Fighter Video Game Using ATMega32,P0706,708,SpaceInvaders Video Game Using Mega32,0.8125,0.2857,game; video,CANDIDATE_ONLY_MANUAL_REVIEW_REQUIRED,Similarity does not establish duplication; preserve both original entries
P0324,326,AVR Based CRO using Atmega16 microcontroller,P0616,618,The WhereAVR using ATmega8 microcontroller,0.8125,0.1667,microcontroller,CANDIDATE_ONLY_MANUAL_REVIEW_REQUIRED,Similarity does not establish duplication; preserve both original entries
P0429,431,Frequency counter using AVR microcontroller,P1198,1200,0-99 Counter using AVR Microcontroller,0.8116,0.75,avr; counter; microcontroller,CANDIDATE_ONLY_MANUAL_REVIEW_REQUIRED,Similarity does not establish duplication; preserve both original entries
P0077,79,LCD Thermometer TCN77 Using AVR Microcontroller,P0310,312,LC Meter using AVR microcontroller,0.8116,0.3333,avr; microcontroller,CANDIDATE_ONLY_MANUAL_REVIEW_REQUIRED,Similarity does not establish duplication; preserve both original entries
P0271,273,Color Sensor using Atmega16 microcontroller,P0324,326,AVR Based CRO using Atmega16 microcontroller,0.8116,0.3333,atmega16; microcontroller,CANDIDATE_ONLY_MANUAL_REVIEW_REQUIRED,Similarity does not establish duplication; preserve both original entries
P0324,326,AVR Based CRO using Atmega16 microcontroller,P0379,381,Ear Trainer using ATMega644 microcontroller,0.8116,0.1429,microcontroller,CANDIDATE_ONLY_MANUAL_REVIEW_REQUIRED,Similarity does not establish duplication; preserve both original entries
P0313,315,Dimmer using ATTiny2313 microcontroller,P0315,317,Beamer Control using attiny2313 microcontroller,0.8108,0.5,attiny2313; microcontroller,CANDIDATE_ONLY_MANUAL_REVIEW_REQUIRED,Similarity does not establish duplication; preserve both original entries
P0314,316,Door Opener using ATTiny2313 microcontroller,P0323,325,Dotmatrix using ATtiny2313 microcontroller,0.8108,0.4,attiny2313; microcontroller,CANDIDATE_ONLY_MANUAL_REVIEW_REQUIRED,Similarity does not establish duplication; preserve both original entries
P0314,316,Door Opener using ATTiny2313 microcontroller,P0320,322,Tea Timer using ATTiny2313 microcontroller,0.8108,0.3333,attiny2313; microcontroller,CANDIDATE_ONLY_MANUAL_REVIEW_REQUIRED,Similarity does not establish duplication; preserve both original entries
P0015,17,DIY AVR Programmers,P1240,1242,USB AVR programmer,0.8108,0.2,avr,CANDIDATE_ONLY_MANUAL_REVIEW_REQUIRED,Similarity does not establish duplication; preserve both original entries
P0498,500,Minimum Mass Waveform Capture and Display using AT90S2313 microcontroller,P0535,537,Minimum Mass Waveform Capture using AVR microcontroller,0.8103,0.625,capture; mass; microcontroller; minimum; waveform,CANDIDATE_ONLY_MANUAL_REVIEW_REQUIRED,Similarity does not establish duplication; preserve both original entries
P0314,316,Door Opener using ATTiny2313 microcontroller,P0315,317,Beamer Control using attiny2313 microcontroller,0.8101,0.4,attiny2313; microcontroller,CANDIDATE_ONLY_MANUAL_REVIEW_REQUIRED,Similarity does not establish duplication; preserve both original entries
P1061,1063,Interfacing SD Card with AVR Microcontroller,P1203,1205,Interfacing LCD with ATmega32 Microcontroller,0.8101,0.3333,interfacing; microcontroller,CANDIDATE_ONLY_MANUAL_REVIEW_REQUIRED,Similarity does not establish duplication; preserve both original entries
P0314,316,Door Opener using ATTiny2313 microcontroller,P0572,574,AVR Programmer using ATTINY2313 microcontroller,0.8101,0.3333,attiny2313; microcontroller,CANDIDATE_ONLY_MANUAL_REVIEW_REQUIRED,Similarity does not establish duplication; preserve both original entries
P0314,316,Door Opener using ATTiny2313 microcontroller,P0368,370,Clever Clapper using ATtiny2313 microcontroller,0.8101,0.3333,attiny2313; microcontroller,CANDIDATE_ONLY_MANUAL_REVIEW_REQUIRED,Similarity does not establish duplication; preserve both original entries
P0055,57,DIY TiX Clock using ATMEGA16 AVR microcontroller,P1323,1325,Digital Clock using AVR Atmega16 Microcontroller,0.8095,0.6667,atmega16; avr; clock; microcontroller,CANDIDATE_ONLY_MANUAL_REVIEW_REQUIRED,Similarity does not establish duplication; preserve both original entries
P0003,5,PowerMan UPS Schematic,P0005,7,Homage UPS Schematic Circuit Diagram,0.8095,0.5,schematic; ups,CANDIDATE_ONLY_MANUAL_REVIEW_REQUIRED,Similarity does not establish duplication; preserve both original entries
P0998,1000,Glove Mouse Using Atmega1284,P1002,1004,The Air Mouse Using Atmega1284,0.8095,0.5,atmega1284; mouse,CANDIDATE_ONLY_MANUAL_REVIEW_REQUIRED,Similarity does not establish duplication; preserve both original entries
P0400,402,Digital Stop Watch with ATmega8 using microcontroller,P1323,1325,Digital Clock using AVR Atmega16 Microcontroller,0.8095,0.1429,microcontroller,CANDIDATE_ONLY_MANUAL_REVIEW_REQUIRED,Similarity does not establish duplication; preserve both original entries
P1193,1195,Touch Keypad Interfacing with ATmega32 Microcontroller,P1203,1205,Interfacing LCD with ATmega32 Microcontroller,0.809,0.5,atmega32; interfacing; microcontroller,CANDIDATE_ONLY_MANUAL_REVIEW_REQUIRED,Similarity does not establish duplication; preserve both original entries
P0346,348,Modular User Interface System using ATMega88 microcontroller,P0605,607,Sensor Interfacing using ATmega8 microcontroller,0.809,0.125,microcontroller,CANDIDATE_ONLY_MANUAL_REVIEW_REQUIRED,Similarity does not establish duplication; preserve both original entries
P1287,1289,Interfacing DC Motor with Atmega32 Microcontroller,P1857,1859,Interfacing DC Motor with AVR Microcontroller Atmega16,0.8085,0.5,interfacing; microcontroller; motor,CANDIDATE_ONLY_MANUAL_REVIEW_REQUIRED,Similarity does not establish duplication; preserve both original entries
P0066,68,Digital Melody player using atmega16 microcontroller,P0382,384,AVR Digital Hum Nuller using ATmega168 microcontroller,0.8085,0.125,microcontroller,CANDIDATE_ONLY_MANUAL_REVIEW_REQUIRED,Similarity does not establish duplication; preserve both original entries
P1266,1268,Atmega 32u4 Based USB EEPROM Reader,P1268,1270,Atmega 32u4 Based USB Speaker,0.8077,0.5,32u4; atmega; usb,CANDIDATE_ONLY_MANUAL_REVIEW_REQUIRED,Similarity does not establish duplication; preserve both original entries
P0094,96,Charlieplexing 7 segment displays using Microcontroller,P0338,340,Controlling 7-segments LED displays using AVR microcontroller,0.8077,0.25,displays; microcontroller,CANDIDATE_ONLY_MANUAL_REVIEW_REQUIRED,Similarity does not establish duplication; preserve both original entries
P0085,87,DS1820 Temperature Controller using atmega8515 microcontroller,P0341,343,Open Source AVR Temperature Controller using ATmega48 microcontroller,0.8067,0.25,microcontroller; temperature,CANDIDATE_ONLY_MANUAL_REVIEW_REQUIRED,Similarity does not establish duplication; preserve both original entries
P0718,720,Digger video game using Atmel Mega32,P0744,746,Duckhunt video game using Atmel Mega32,0.8065,0.6667,atmel; game; mega32; video,CANDIDATE_ONLY_MANUAL_REVIEW_REQUIRED,Similarity does not establish duplication; preserve both original entries
P1176,1178,ATmega64 Development Board,P1979,1981,Another ATMEGA4808 Development Board,0.8065,0.25,board,CANDIDATE_ONLY_MANUAL_REVIEW_REQUIRED,Similarity does not establish duplication; preserve both original entries
P0539,541,AvrPhone using ATmega128 microcontroller,P0609,611,Evertool using ATmega16 microcontroller,0.806,0.2,microcontroller,CANDIDATE_ONLY_MANUAL_REVIEW_REQUIRED,Similarity does not establish duplication; preserve both original entries
P0539,541,AvrPhone using ATmega128 microcontroller,P0617,619,HVProg using ATmega8535 microcontroller,0.806,0.2,microcontroller,CANDIDATE_ONLY_MANUAL_REVIEW_REQUIRED,Similarity does not establish duplication; preserve both original entries
P0613,615,etherrape using ATmega644 microcontroller,P0616,618,The WhereAVR using ATmega8 microcontroller,0.806,0.2,microcontroller,CANDIDATE_ONLY_MANUAL_REVIEW_REQUIRED,Similarity does not establish duplication; preserve both original entries
P0313,315,Dimmer using ATTiny2313 microcontroller,P0602,604,The Game of Life using ATtiny2313 microcontroller,0.8056,0.4,attiny2313; microcontroller,CANDIDATE_ONLY_MANUAL_REVIEW_REQUIRED,Similarity does not establish duplication; preserve both original entries
P0584,586,RFID security system using ATmega32 microcontroller,P0586,588,Air-Mouse using ATmega32 microcontroller,0.8056,0.3333,atmega32; microcontroller,CANDIDATE_ONLY_MANUAL_REVIEW_REQUIRED,Similarity does not establish duplication; preserve both original entries
P0324,326,AVR Based CRO using Atmega16 microcontroller,P0354,356,AVR Switch Timer using ATmega8 Microcontroller,0.8056,0.2857,avr; microcontroller,CANDIDATE_ONLY_MANUAL_REVIEW_REQUIRED,Similarity does not establish duplication; preserve both original entries
P0344,346,AVR Based Operating System using ATMega32 microcontroller,P0539,541,AvrPhone using ATmega128 microcontroller,0.8056,0.1667,microcontroller,CANDIDATE_ONLY_MANUAL_REVIEW_REQUIRED,Similarity does not establish duplication; preserve both original entries
P0313,315,Dimmer using ATTiny2313 microcontroller,P0575,577,Project Development Board using ATTiny2313 microcontroller,0.8052,0.5,attiny2313; microcontroller,CANDIDATE_ONLY_MANUAL_REVIEW_REQUIRED,Similarity does not establish duplication; preserve both original entries
P0532,534,AttoBasic HOME using Atmega168 microcontroller,P0604,606,The Prototino™ using ATmega168 microcontroller,0.8052,0.4,atmega168; microcontroller,CANDIDATE_ONLY_MANUAL_REVIEW_REQUIRED,Similarity does not establish duplication; preserve both original entries
P0323,325,Dotmatrix using ATtiny2313 microcontroller,P0551,553,LED Dog Collar using ATTINY2313 Microcontroller,0.8052,0.3333,attiny2313; microcontroller,CANDIDATE_ONLY_MANUAL_REVIEW_REQUIRED,Similarity does not establish duplication; preserve both original entries
P0320,322,Tea Timer using ATTiny2313 microcontroller,P0368,370,Clever Clapper using ATtiny2313 microcontroller,0.8052,0.3333,attiny2313; microcontroller,CANDIDATE_ONLY_MANUAL_REVIEW_REQUIRED,Similarity does not establish duplication; preserve both original entries
P0546,548,LED Menorah using ATtiny13 microcontroller,P0551,553,LED Dog Collar using ATTINY2313 Microcontroller,0.8052,0.2857,led; microcontroller,CANDIDATE_ONLY_MANUAL_REVIEW_REQUIRED,Similarity does not establish duplication; preserve both original entries
P0266,268,Arduino FTDI Header using ATmega8 microcontroller,P0647,649,RSS Reader using ATmega8 microcontroller,0.8052,0.2857,atmega8; microcontroller,CANDIDATE_ONLY_MANUAL_REVIEW_REQUIRED,Similarity does not establish duplication; preserve both original entries
P0046,48,Box with a Music Lock using ATMega328P Microcontroller,P1186,1188,Alarm Clock using ATmega32 Microcontroller,0.8052,0.125,microcontroller,CANDIDATE_ONLY_MANUAL_REVIEW_REQUIRED,Similarity does not establish duplication; preserve both original entries
P0134,136,Led dimmer 2 channels using Attiny13 microcontroller,P0546,548,LED Menorah using ATtiny13 microcontroller,0.8049,0.5,attiny13; led; microcontroller,CANDIDATE_ONLY_MANUAL_REVIEW_REQUIRED,Similarity does not establish duplication; preserve both original entries
P0440,442,PWM Waveform Capture using AVR microcontroller,P1092,1094,DIY – Waveform Generator using AVR Microcontroller,0.8049,0.4286,avr; microcontroller; waveform,CANDIDATE_ONLY_MANUAL_REVIEW_REQUIRED,Similarity does not establish duplication; preserve both original entries
P0315,317,Beamer Control using attiny2313 microcontroller,P0368,370,Clever Clapper using ATtiny2313 microcontroller,0.8049,0.4,attiny2313; microcontroller,CANDIDATE_ONLY_MANUAL_REVIEW_REQUIRED,Similarity does not establish duplication; preserve both original entries
P0314,316,Door Opener using ATTiny2313 microcontroller,P0575,577,Project Development Board using ATTiny2313 microcontroller,0.8049,0.4,attiny2313; microcontroller,CANDIDATE_ONLY_MANUAL_REVIEW_REQUIRED,Similarity does not establish duplication; preserve both original entries
P0368,370,Clever Clapper using ATtiny2313 microcontroller,P0572,574,AVR Programmer using ATTINY2313 microcontroller,0.8049,0.3333,attiny2313; microcontroller,CANDIDATE_ONLY_MANUAL_REVIEW_REQUIRED,Similarity does not establish duplication; preserve both original entries
P0467,469,Interfacing DRAM Memory using AVR microcontroller,P1857,1859,Interfacing DC Motor with AVR Microcontroller Atmega16,0.8043,0.4286,avr; interfacing; microcontroller,CANDIDATE_ONLY_MANUAL_REVIEW_REQUIRED,Similarity does not establish duplication; preserve both original entries
P0088,90,Temperature Indicator Using attiny2313 micrcontroller,P0431,433,PC Temperature Meter using ATtiny15 microcontroller,0.8043,0.1429,temperature,CANDIDATE_ONLY_MANUAL_REVIEW_REQUIRED,Similarity does not establish duplication; preserve both original entries
P0343,345,3D Color LED Graphics Display using ATmega32 microcontroller,P0407,409,80×32 LED matrix display using ATmega32 microcontroller,0.8039,0.5,atmega32; display; led; microcontroller,CANDIDATE_ONLY_MANUAL_REVIEW_REQUIRED,Similarity does not establish duplication; preserve both original entries
P0307,309,Cellphone controlled robot vehicle using ATmega16 microcontroller,P0494,496,Cellphone Operated Robot using ATmega16 AVR microcontroller,0.8036,0.5,atmega16; cellphone; microcontroller; robot,CANDIDATE_ONLY_MANUAL_REVIEW_REQUIRED,Similarity does not establish duplication; preserve both original entries
P0750,752,Reversi Video Game Using ATmega32,P0751,753,Arkanoid Video Game using Atmega32,0.8,0.6,atmega32; game; video,CANDIDATE_ONLY_MANUAL_REVIEW_REQUIRED,Similarity does not establish duplication; preserve both original entries
P1085,1087,How to use inbuilt ADC of AVR microcontroller (ATmega16),P1858,1860,How to Use Hall Sensor with AVR Microcontroller ATmega16,0.8,0.5556,atmega16; avr; how; microcontroller; use,CANDIDATE_ONLY_MANUAL_REVIEW_REQUIRED,Similarity does not establish duplication; preserve both original entries
P1183,1185,8×8 LED Matrix Interfacing with AVR Microcontroller,P1191,1193,Joystick Interfacing with AVR Microcontroller,0.8,0.5,avr; interfacing; microcontroller,CANDIDATE_ONLY_MANUAL_REVIEW_REQUIRED,Similarity does not establish duplication; preserve both original entries
P0310,312,LC Meter using AVR microcontroller,P1198,1200,0-99 Counter using AVR Microcontroller,0.8,0.5,avr; microcontroller,CANDIDATE_ONLY_MANUAL_REVIEW_REQUIRED,Similarity does not establish duplication; preserve both original entries
P1062,1064,How to interface GPS with AVR microcontroller (ATmega16),P1863,1865,How to use ADC in AVR Microcontroller ATmega16,0.8,0.5,atmega16; avr; how; microcontroller,CANDIDATE_ONLY_MANUAL_REVIEW_REQUIRED,Similarity does not establish duplication; preserve both original entries
P1162,1164,Alarm clock Using Atmega-328 and RTC,P1168,1170,Digital Wall clock Using Atmega-8 and RTC,0.8,0.5,atmega; clock; rtc,CANDIDATE_ONLY_MANUAL_REVIEW_REQUIRED,Similarity does not establish duplication; preserve both original entries
P1152,1154,Digital Temperature Sensor Circuit,P1758,1760,Linkit One Temperature Sensor,0.8,0.5,sensor; temperature,CANDIDATE_ONLY_MANUAL_REVIEW_REQUIRED,Similarity does not establish duplication; preserve both original entries
P0323,325,Dotmatrix using ATtiny2313 microcontroller,P0575,577,Project Development Board using ATTiny2313 microcontroller,0.8,0.5,attiny2313; microcontroller,CANDIDATE_ONLY_MANUAL_REVIEW_REQUIRED,Similarity does not establish duplication; preserve both original entries
P0846,848,ROBOT ARM Using Atmega32,P0864,866,Robot Plotter Using Atmega32,0.8,0.5,atmega32; robot,CANDIDATE_ONLY_MANUAL_REVIEW_REQUIRED,Similarity does not establish duplication; preserve both original entries
P1069,1071,How to interface LED with AVR Microcontroller (ATmega16),P1863,1865,How to use ADC in AVR Microcontroller ATmega16,0.8,0.5,atmega16; avr; how; microcontroller,CANDIDATE_ONLY_MANUAL_REVIEW_REQUIRED,Similarity does not establish duplication; preserve both original entries
P1264,1266,Atmega 32u4 Based USB Controlled Servo Motor,P1265,1267,Atmega 32u4 Based USB Controlled LED Series,0.8,0.5,32u4; atmega; controlled; usb,CANDIDATE_ONLY_MANUAL_REVIEW_REQUIRED,Similarity does not establish duplication; preserve both original entries
P0998,1000,Glove Mouse Using Atmega1284,P1016,1018,The Webcam Mouse Using Atmega1284,0.8,0.5,atmega1284; mouse,CANDIDATE_ONLY_MANUAL_REVIEW_REQUIRED,Similarity does not establish duplication; preserve both original entries
P1069,1071,How to interface LED with AVR Microcontroller (ATmega16),P1858,1860,How to Use Hall Sensor with AVR Microcontroller ATmega16,0.8,0.4444,atmega16; avr; how; microcontroller,CANDIDATE_ONLY_MANUAL_REVIEW_REQUIRED,Similarity does not establish duplication; preserve both original entries
P1192,1194,Flex Sensor Interfacing with AVR Microcontroller,P1309,1311,DS1307 RTC Interfacing with AVR microcontroller,0.8,0.4286,avr; interfacing; microcontroller,CANDIDATE_ONLY_MANUAL_REVIEW_REQUIRED,Similarity does not establish duplication; preserve both original entries
P1482,1484,REMOTE CONTROLLED ROBOT CIRCUIT RC5 AT90S2313,P1485,1487,REMOTE CONTROLLED PROPELLER CLOCK CIRCUIT AT90S2313,0.8,0.4286,at90s2313; controlled; remote,CANDIDATE_ONLY_MANUAL_REVIEW_REQUIRED,Similarity does not establish duplication; preserve both original entries
P1061,1063,Interfacing SD Card with AVR Microcontroller,P1295,1297,Interfacing GSM Module with Atmega32 AVR microcontroller,0.8,0.4286,avr; interfacing; microcontroller,CANDIDATE_ONLY_MANUAL_REVIEW_REQUIRED,Similarity does not establish duplication; preserve both original entries
P0310,312,LC Meter using AVR microcontroller,P0427,429,Packet Radio using AVR microcontroller,0.8,0.4,avr; microcontroller,CANDIDATE_ONLY_MANUAL_REVIEW_REQUIRED,Similarity does not establish duplication; preserve both original entries
P0916,918,Acoustic Data Modem Using Atmega644,P1012,1014,Acoustic Modem Using Atmega1284p,0.8,0.4,acoustic; modem,CANDIDATE_ONLY_MANUAL_REVIEW_REQUIRED,Similarity does not establish duplication; preserve both original entries
P0539,541,AvrPhone using ATmega128 microcontroller,P0544,546,MP3 Player using ATMega128 microcontroller,0.8,0.4,atmega128; microcontroller,CANDIDATE_ONLY_MANUAL_REVIEW_REQUIRED,Similarity does not establish duplication; preserve both original entries
P0320,322,Tea Timer using ATTiny2313 microcontroller,P0602,604,The Game of Life using ATtiny2313 microcontroller,0.8,0.3333,attiny2313; microcontroller,CANDIDATE_ONLY_MANUAL_REVIEW_REQUIRED,Similarity does not establish duplication; preserve both original entries
P0324,326,AVR Based CRO using Atmega16 microcontroller,P0344,346,AVR Based Operating System using ATMega32 microcontroller,0.8,0.3333,avr; microcontroller,CANDIDATE_ONLY_MANUAL_REVIEW_REQUIRED,Similarity does not establish duplication; preserve both original entries
P0142,144,LoveBox – The box of love using ATtiny2313 Microcontroller,P0602,604,The Game of Life using ATtiny2313 microcontroller,0.8,0.2857,attiny2313; microcontroller,CANDIDATE_ONLY_MANUAL_REVIEW_REQUIRED,Similarity does not establish duplication; preserve both original entries
P0539,541,AvrPhone using ATmega128 microcontroller,P1869,1871,ATMEGA328P Microcontroller,0.8,0.25,microcontroller,CANDIDATE_ONLY_MANUAL_REVIEW_REQUIRED,Similarity does not establish duplication; preserve both original entries
P1240,1242,USB AVR programmer,P1910,1912,Using the AVRISP Programmer,0.8,0.25,programmer,CANDIDATE_ONLY_MANUAL_REVIEW_REQUIRED,Similarity does not establish duplication; preserve both original entries
P0299,301,Digital oscilloscope GLCD using Atmega32 microcontroller,P0490,492,Dutchtronix AVR Oscilloscope Clock using Atmega328 microcontroller,0.8,0.25,microcontroller; oscilloscope,CANDIDATE_ONLY_MANUAL_REVIEW_REQUIRED,Similarity does not establish duplication; preserve both original entries
P1012,1014,Acoustic Modem Using Atmega1284p,P1031,1033,Acoustic Wayfinder Using Atmega1284,0.8,0.2,acoustic,CANDIDATE_ONLY_MANUAL_REVIEW_REQUIRED,Similarity does not establish duplication; preserve both original entries
P0616,618,The WhereAVR using ATmega8 microcontroller,P0617,619,HVProg using ATmega8535 microcontroller,0.8,0.2,microcontroller,CANDIDATE_ONLY_MANUAL_REVIEW_REQUIRED,Similarity does not establish duplication; preserve both original entries
P0586,588,Air-Mouse using ATmega32 microcontroller,P1869,1871,ATMEGA328P Microcontroller,0.8,0.2,microcontroller,CANDIDATE_ONLY_MANUAL_REVIEW_REQUIRED,Similarity does not establish duplication; preserve both original entries
P0609,611,Evertool using ATmega16 microcontroller,P0615,617,Video Overlay using ATmega8 microcontroller,0.8,0.1667,microcontroller,CANDIDATE_ONLY_MANUAL_REVIEW_REQUIRED,Similarity does not establish duplication; preserve both original entries
P0324,326,AVR Based CRO using Atmega16 microcontroller,P0617,619,HVProg using ATmega8535 microcontroller,0.8,0.1667,microcontroller,CANDIDATE_ONLY_MANUAL_REVIEW_REQUIRED,Similarity does not establish duplication; preserve both original entries
P0320,322,Tea Timer using ATTiny2313 microcontroller,P0594,596,Batwatch using ATtiny13V microcontroller,0.8,0.1667,microcontroller,CANDIDATE_ONLY_MANUAL_REVIEW_REQUIRED,Similarity does not establish duplication; preserve both original entries
P0316,318,Programmer using ATMEGA8 microcontroller,P0544,546,MP3 Player using ATMega128 microcontroller,0.8,0.1667,microcontroller,CANDIDATE_ONLY_MANUAL_REVIEW_REQUIRED,Similarity does not establish duplication; preserve both original entries
P0322,324,Easy Breadboarding using ATMega microcontroller,P0647,649,RSS Reader using ATmega8 microcontroller,0.8,0.1429,microcontroller,CANDIDATE_ONLY_MANUAL_REVIEW_REQUIRED,Similarity does not establish duplication; preserve both original entries
P0544,546,MP3 Player using ATMega128 microcontroller,P0647,649,RSS Reader using ATmega8 microcontroller,0.8,0.1429,microcontroller,CANDIDATE_ONLY_MANUAL_REVIEW_REQUIRED,Similarity does not establish duplication; preserve both original entries
P0446,448,Atmel Test Card using ATmega32 microcontroller,P1190,1192,Anti-Theft Alert System using ATmega8 Microcontroller,0.8,0.1111,microcontroller,CANDIDATE_ONLY_MANUAL_REVIEW_REQUIRED,Similarity does not establish duplication; preserve both original entries
P1067,1069,How to interface Servo Motor with AVR Microcontroller (ATmega16),P1858,1860,How to Use Hall Sensor with AVR Microcontroller ATmega16,0.7963,0.4,atmega16; avr; how; microcontroller,CANDIDATE_ONLY_MANUAL_REVIEW_REQUIRED,Similarity does not establish duplication; preserve both original entries
P0318,320,Power usage monitor using Atmel AVR using Atmega168 microcontroller,P0385,387,AVR Power Usage Logger using ATmega168 microcontroller,0.7961,0.625,atmega168; avr; microcontroller; power; usage,CANDIDATE_ONLY_MANUAL_REVIEW_REQUIRED,Similarity does not establish duplication; preserve both original entries
P1069,1071,How to interface LED with AVR Microcontroller (ATmega16),P1857,1859,Interfacing DC Motor with AVR Microcontroller Atmega16,0.7959,0.375,atmega16; avr; microcontroller,CANDIDATE_ONLY_MANUAL_REVIEW_REQUIRED,Similarity does not establish duplication; preserve both original entries
P0008,10,Generating AUDIO ECHO using Atmega32 microcontroller,P0484,486,Analog audio panel for PC using ATMega328 microcontroller,0.7957,0.25,audio; microcontroller,CANDIDATE_ONLY_MANUAL_REVIEW_REQUIRED,Similarity does not establish duplication; preserve both original entries
P1061,1063,Interfacing SD Card with AVR Microcontroller,P1857,1859,Interfacing DC Motor with AVR Microcontroller Atmega16,0.7955,0.5,avr; interfacing; microcontroller,CANDIDATE_ONLY_MANUAL_REVIEW_REQUIRED,Similarity does not establish duplication; preserve both original entries
P0467,469,Interfacing DRAM Memory using AVR microcontroller,P1287,1289,Interfacing DC Motor with Atmega32 Microcontroller,0.7955,0.2857,interfacing; microcontroller,CANDIDATE_ONLY_MANUAL_REVIEW_REQUIRED,Similarity does not establish duplication; preserve both original entries
P1191,1193,Joystick Interfacing with AVR Microcontroller,P1192,1194,Flex Sensor Interfacing with AVR Microcontroller,0.7952,0.5,avr; interfacing; microcontroller,CANDIDATE_ONLY_MANUAL_REVIEW_REQUIRED,Similarity does not establish duplication; preserve both original entries
P0462,464,89Sxx Development Board using microcontroller,P0575,577,Project Development Board using ATTiny2313 microcontroller,0.7952,0.5,board; microcontroller,CANDIDATE_ONLY_MANUAL_REVIEW_REQUIRED,Similarity does not establish duplication; preserve both original entries
P1204,1206,LED Blinking with ATmega32 Microcontroller,P1991,1993,4×4 Keypad Interfacing with ATmega32 Microcontroller,0.7952,0.3333,atmega32; microcontroller,CANDIDATE_ONLY_MANUAL_REVIEW_REQUIRED,Similarity does not establish duplication; preserve both original entries
P0467,469,Interfacing DRAM Memory using AVR microcontroller,P1203,1205,Interfacing LCD with ATmega32 Microcontroller,0.7952,0.2857,interfacing; microcontroller,CANDIDATE_ONLY_MANUAL_REVIEW_REQUIRED,Similarity does not establish duplication; preserve both original entries
P0266,268,Arduino FTDI Header using ATmega8 microcontroller,P1190,1192,Anti-Theft Alert System using ATmega8 Microcontroller,0.7952,0.25,atmega8; microcontroller,CANDIDATE_ONLY_MANUAL_REVIEW_REQUIRED,Similarity does not establish duplication; preserve both original entries
P0459,461,Digital Telemetry using ATMega8 microcontroller,P1323,1325,Digital Clock using AVR Atmega16 Microcontroller,0.7952,0.1667,microcontroller,CANDIDATE_ONLY_MANUAL_REVIEW_REQUIRED,Similarity does not establish duplication; preserve both original entries
P0369,371,Mini Logic Analyzer using ATmega8 microcontroller,P0426,428,Nixie Clock with AVR using ATmega48 microcontroller,0.7952,0.1111,microcontroller,CANDIDATE_ONLY_MANUAL_REVIEW_REQUIRED,Similarity does not establish duplication; preserve both original entries
P1186,1188,Alarm Clock using ATmega32 Microcontroller,P1323,1325,Digital Clock using AVR Atmega16 Microcontroller,0.7949,0.3333,clock; microcontroller,CANDIDATE_ONLY_MANUAL_REVIEW_REQUIRED,Similarity does not establish duplication; preserve both original entries
P0314,316,Door Opener using ATTiny2313 microcontroller,P0319,321,Kitchen Timer using ATTiny2313 microcontroller,0.7949,0.3333,attiny2313; microcontroller,CANDIDATE_ONLY_MANUAL_REVIEW_REQUIRED,Similarity does not establish duplication; preserve both original entries
P0344,346,AVR Based Operating System using ATMega32 microcontroller,P1203,1205,Interfacing LCD with ATmega32 Microcontroller,0.7949,0.3333,atmega32; microcontroller,CANDIDATE_ONLY_MANUAL_REVIEW_REQUIRED,Similarity does not establish duplication; preserve both original entries
P0313,315,Dimmer using ATTiny2313 microcontroller,P0412,414,USB AVR programmer using ATtiny2313 microcontroller,0.7949,0.3333,attiny2313; microcontroller,CANDIDATE_ONLY_MANUAL_REVIEW_REQUIRED,Similarity does not establish duplication; preserve both original entries
P0584,586,RFID security system using ATmega32 microcontroller,P2052,2054,DIY 3D LED Cube Using ATmega32 Microcontroller,0.7949,0.2857,atmega32; microcontroller,CANDIDATE_ONLY_MANUAL_REVIEW_REQUIRED,Similarity does not establish duplication; preserve both original entries
P1186,1188,Alarm Clock using ATmega32 Microcontroller,P1204,1206,LED Blinking with ATmega32 Microcontroller,0.7945,0.3333,atmega32; microcontroller,CANDIDATE_ONLY_MANUAL_REVIEW_REQUIRED,Similarity does not establish duplication; preserve both original entries
P0581,583,Wall of Pong using ATmega32 microcontroller,P1186,1188,Alarm Clock using ATmega32 Microcontroller,0.7945,0.3333,atmega32; microcontroller,CANDIDATE_ONLY_MANUAL_REVIEW_REQUIRED,Similarity does not establish duplication; preserve both original entries
P0718,720,Digger video game using Atmel Mega32,P0759,761,Scorched Earth video game using Atmel Mega32,0.7941,0.5714,atmel; game; mega32; video,CANDIDATE_ONLY_MANUAL_REVIEW_REQUIRED,Similarity does not establish duplication; preserve both original entries
P0162,164,VUSBTiny AVR SPI Programmer Using ATtiny85,P0620,622,USB AVR in-system Programmer using ATtiny2313,0.7941,0.2857,avr; programmer,CANDIDATE_ONLY_MANUAL_REVIEW_REQUIRED,Similarity does not establish duplication; preserve both original entries
P0316,318,Programmer using ATMEGA8 microcontroller,P0539,541,AvrPhone using ATmega128 microcontroller,0.7941,0.2,microcontroller,CANDIDATE_ONLY_MANUAL_REVIEW_REQUIRED,Similarity does not establish duplication; preserve both original entries
P0609,611,Evertool using ATmega16 microcontroller,P0613,615,etherrape using ATmega644 microcontroller,0.7941,0.2,microcontroller,CANDIDATE_ONLY_MANUAL_REVIEW_REQUIRED,Similarity does not establish duplication; preserve both original entries
P0102,104,Rechargeable Battery Capacity Tester using Microcontroller ATMega168,P0375,377,Atmega Rechargeable Battery Capacity Tester using ATMega168 microcontroller,0.7939,0.8571,atmega168; battery; capacity; microcontroller; rechargeable; tester,CANDIDATE_ONLY_MANUAL_REVIEW_REQUIRED,Similarity does not establish duplication; preserve both original entries
P0741,743,Color Tetris video game using ATMega32,P0776,778,Nova Strike video game Using Atmega32,0.7937,0.4286,atmega32; game; video,CANDIDATE_ONLY_MANUAL_REVIEW_REQUIRED,Similarity does not establish duplication; preserve both original entries
P0342,344,A GLCD connected to an AVR microcontroller using ATmega8 microcontroller,P0347,349,Controlling SpeakJet with an AVR microcontroller using ATmega88 microcontroller,0.7937,0.25,avr; microcontroller,CANDIDATE_ONLY_MANUAL_REVIEW_REQUIRED,Similarity does not establish duplication; preserve both original entries
P0899,901,3D ultrasonic mouse Using Atmega644,P0960,962,Ultrasonic Security System Using Atmega644,0.7931,0.5,atmega644; ultrasonic,CANDIDATE_ONLY_MANUAL_REVIEW_REQUIRED,Similarity does not establish duplication; preserve both original entries
P0761,763,Eye in the Sky Security System Using Atmel Mega32,P0766,768,Home Security System Using Atmel Mega32,0.7931,0.5,atmel; mega32; security,CANDIDATE_ONLY_MANUAL_REVIEW_REQUIRED,Similarity does not establish duplication; preserve both original entries
P0706,708,SpaceInvaders Video Game Using Mega32,P0750,752,Reversi Video Game Using ATmega32,0.7931,0.3333,game; video,CANDIDATE_ONLY_MANUAL_REVIEW_REQUIRED,Similarity does not establish duplication; preserve both original entries
P0704,706,Frogger Video Game Using Atmel Mega32,P0750,752,Reversi Video Game Using ATmega32,0.7931,0.2857,game; video,CANDIDATE_ONLY_MANUAL_REVIEW_REQUIRED,Similarity does not establish duplication; preserve both original entries
P0616,618,The WhereAVR using ATmega8 microcontroller,P1869,1871,ATMEGA328P Microcontroller,0.7931,0.25,microcontroller,CANDIDATE_ONLY_MANUAL_REVIEW_REQUIRED,Similarity does not establish duplication; preserve both original entries
P1079,1081,How to use internal ADC of AVR microcontroller using interrupts,P1085,1087,How to use inbuilt ADC of AVR microcontroller (ATmega16),0.7928,0.5556,adc; avr; how; microcontroller; use,CANDIDATE_ONLY_MANUAL_REVIEW_REQUIRED,Similarity does not establish duplication; preserve both original entries
P1068,1070,How to interface keypad with AVR microcontroller (ATmega16),P1085,1087,How to use inbuilt ADC of AVR microcontroller (ATmega16),0.7925,0.4444,atmega16; avr; how; microcontroller,CANDIDATE_ONLY_MANUAL_REVIEW_REQUIRED,Similarity does not establish duplication; preserve both original entries
P1064,1066,How to interface serial ADC0831 with AVR microcontroller (ATmega16),P1863,1865,How to use ADC in AVR Microcontroller ATmega16,0.7925,0.4444,atmega16; avr; how; microcontroller,CANDIDATE_ONLY_MANUAL_REVIEW_REQUIRED,Similarity does not establish duplication; preserve both original entries
P0072,74,LCD Message Display Using AT Mega8 microcontroller,P0391,393,AVR ATmega8 Project LED Moving Message Display using ATmega8 microcontroller,0.7925,0.3333,display; message; microcontroller,CANDIDATE_ONLY_MANUAL_REVIEW_REQUIRED,Similarity does not establish duplication; preserve both original entries
P0085,87,DS1820 Temperature Controller using atmega8515 microcontroller,P1288,1290,Stepper motor control with an ATmega8 microcontroller,0.7921,0.1429,microcontroller,CANDIDATE_ONLY_MANUAL_REVIEW_REQUIRED,Similarity does not establish duplication; preserve both original entries
P1081,1083,How to interface RFID with AVR microcontroller (ATmega16),P1863,1865,How to use ADC in AVR Microcontroller ATmega16,0.7917,0.5,atmega16; avr; how; microcontroller,CANDIDATE_ONLY_MANUAL_REVIEW_REQUIRED,Similarity does not establish duplication; preserve both original entries
P0890,892,Traction control system Using Atmega644,P0931,933,Heat Control System Using Atmega644,0.7917,0.3333,atmega644,CANDIDATE_ONLY_MANUAL_REVIEW_REQUIRED,Similarity does not establish duplication; preserve both original entries
P0346,348,Modular User Interface System using ATMega88 microcontroller,P0487,489,MMC/SD/SDHC AVR Interface using ATMega8 microcontroller,0.7917,0.2222,interface; microcontroller,CANDIDATE_ONLY_MANUAL_REVIEW_REQUIRED,Similarity does not establish duplication; preserve both original entries
P1287,1289,Interfacing DC Motor with Atmega32 Microcontroller,P1991,1993,4×4 Keypad Interfacing with ATmega32 Microcontroller,0.7912,0.6,atmega32; interfacing; microcontroller,CANDIDATE_ONLY_MANUAL_REVIEW_REQUIRED,Similarity does not establish duplication; preserve both original entries
P1279,1281,4X4 Keypad based Password with ATmega32 and LCD Display,P1280,1282,4X4 Keypad Interfacing with ATmega32 and LED Display,0.7912,0.5,4x4; atmega32; display; keypad,CANDIDATE_ONLY_MANUAL_REVIEW_REQUIRED,Similarity does not establish duplication; preserve both original entries
P0605,607,Sensor Interfacing using ATmega8 microcontroller,P1193,1195,Touch Keypad Interfacing with ATmega32 Microcontroller,0.7912,0.2857,interfacing; microcontroller,CANDIDATE_ONLY_MANUAL_REVIEW_REQUIRED,Similarity does not establish duplication; preserve both original entries
P0008,10,Generating AUDIO ECHO using Atmega32 microcontroller,P1287,1289,Interfacing DC Motor with Atmega32 Microcontroller,0.7912,0.2857,atmega32; microcontroller,CANDIDATE_ONLY_MANUAL_REVIEW_REQUIRED,Similarity does not establish duplication; preserve both original entries
P0487,489,MMC/SD/SDHC AVR Interface using ATMega8 microcontroller,P0605,607,Sensor Interfacing using ATmega8 microcontroller,0.7912,0.25,atmega8; microcontroller,CANDIDATE_ONLY_MANUAL_REVIEW_REQUIRED,Similarity does not establish duplication; preserve both original entries
P0008,10,Generating AUDIO ECHO using Atmega32 microcontroller,P1203,1205,Interfacing LCD with ATmega32 Microcontroller,0.7907,0.2857,atmega32; microcontroller,CANDIDATE_ONLY_MANUAL_REVIEW_REQUIRED,Similarity does not establish duplication; preserve both original entries
P0040,42,Traffic light controller using avr microcontroller,P0639,641,Watch controlled robot using AVR microcontroller,0.7907,0.2857,avr; microcontroller,CANDIDATE_ONLY_MANUAL_REVIEW_REQUIRED,Similarity does not establish duplication; preserve both original entries
P0543,545,How to drive 595 shift registers with AVR hardware SPI using ATmega168 microcontroller,P1383,1385,How to drive 595 shift registers with AVR hardware SPI,0.7903,0.8,595; avr; drive; hardware; how; registers; shift; spi,CANDIDATE_ONLY_MANUAL_REVIEW_REQUIRED,Similarity does not establish duplication; preserve both original entries
P0200,202,The Household Informer using atmega168 microcontroller,P0604,606,The Prototino™ using ATmega168 microcontroller,0.7901,0.4,atmega168; microcontroller,CANDIDATE_ONLY_MANUAL_REVIEW_REQUIRED,Similarity does not establish duplication; preserve both original entries
P0319,321,Kitchen Timer using ATTiny2313 microcontroller,P0368,370,Clever Clapper using ATtiny2313 microcontroller,0.7901,0.3333,attiny2313; microcontroller,CANDIDATE_ONLY_MANUAL_REVIEW_REQUIRED,Similarity does not establish duplication; preserve both original entries
P0295,297,Experimental board using ATTiny2313 microcontroller,P0320,322,Tea Timer using ATTiny2313 microcontroller,0.7901,0.3333,attiny2313; microcontroller,CANDIDATE_ONLY_MANUAL_REVIEW_REQUIRED,Similarity does not establish duplication; preserve both original entries
P0320,322,Tea Timer using ATTiny2313 microcontroller,P0412,414,USB AVR programmer using ATtiny2313 microcontroller,0.7901,0.2857,attiny2313; microcontroller,CANDIDATE_ONLY_MANUAL_REVIEW_REQUIRED,Similarity does not establish duplication; preserve both original entries
P0300,302,VGA monitor tester using ATTiny2313 microcontroller,P0320,322,Tea Timer using ATTiny2313 microcontroller,0.7901,0.2857,attiny2313; microcontroller,CANDIDATE_ONLY_MANUAL_REVIEW_REQUIRED,Similarity does not establish duplication; preserve both original entries
P0898,900,3D scanner Using Atmega644,P0929,931,3D Paint Using Atmega644,0.7895,0.3333,atmega644,CANDIDATE_ONLY_MANUAL_REVIEW_REQUIRED,Similarity does not establish duplication; preserve both original entries
P0344,346,AVR Based Operating System using ATMega32 microcontroller,P0584,586,RFID security system using ATmega32 microcontroller,0.7895,0.3333,atmega32; microcontroller,CANDIDATE_ONLY_MANUAL_REVIEW_REQUIRED,Similarity does not establish duplication; preserve both original entries
P0324,326,AVR Based CRO using Atmega16 microcontroller,P0569,571,AVR LCD menu routine using ATmega8 microcontroller,0.7895,0.25,avr; microcontroller,CANDIDATE_ONLY_MANUAL_REVIEW_REQUIRED,Similarity does not establish duplication; preserve both original entries
P0433,435,Capacitance Meter using AVR microcontroller,P1322,1324,Volt-Amp meter using AVR microcontroller,0.7887,0.5,avr; meter; microcontroller,CANDIDATE_ONLY_MANUAL_REVIEW_REQUIRED,Similarity does not establish duplication; preserve both original entries
P0581,583,Wall of Pong using ATmega32 microcontroller,P0586,588,Air-Mouse using ATmega32 microcontroller,0.7887,0.3333,atmega32; microcontroller,CANDIDATE_ONLY_MANUAL_REVIEW_REQUIRED,Similarity does not establish duplication; preserve both original entries
P0023,25,CNC Update 2 Using atmega32 microcontroller,P0586,588,Air-Mouse using ATmega32 microcontroller,0.7887,0.3333,atmega32; microcontroller,CANDIDATE_ONLY_MANUAL_REVIEW_REQUIRED,Similarity does not establish duplication; preserve both original entries
P0722,724,PC temperature control using Atmel Mega32,P1649,1651,Temperature Control System Using Labview (Atmega32),0.7887,0.2,temperature,CANDIDATE_ONLY_MANUAL_REVIEW_REQUIRED,Similarity does not establish duplication; preserve both original entries
P0316,318,Programmer using ATMEGA8 microcontroller,P0604,606,The Prototino™ using ATmega168 microcontroller,0.7887,0.2,microcontroller,CANDIDATE_ONLY_MANUAL_REVIEW_REQUIRED,Similarity does not establish duplication; preserve both original entries
P0539,541,AvrPhone using ATmega128 microcontroller,P0604,606,The Prototino™ using ATmega168 microcontroller,0.7887,0.2,microcontroller,CANDIDATE_ONLY_MANUAL_REVIEW_REQUIRED,Similarity does not establish duplication; preserve both original entries
P0316,318,Programmer using ATMEGA8 microcontroller,P0379,381,Ear Trainer using ATMega644 microcontroller,0.7887,0.1667,microcontroller,CANDIDATE_ONLY_MANUAL_REVIEW_REQUIRED,Similarity does not establish duplication; preserve both original entries
P0344,346,AVR Based Operating System using ATMega32 microcontroller,P0617,619,HVProg using ATmega8535 microcontroller,0.7887,0.1667,microcontroller,CANDIDATE_ONLY_MANUAL_REVIEW_REQUIRED,Similarity does not establish duplication; preserve both original entries
P0539,541,AvrPhone using ATmega128 microcontroller,P0581,583,Wall of Pong using ATmega32 microcontroller,0.7887,0.1667,microcontroller,CANDIDATE_ONLY_MANUAL_REVIEW_REQUIRED,Similarity does not establish duplication; preserve both original entries
P0022,24,Delta Robot using atmega32 micrcontroller,P1186,1188,Alarm Clock using ATmega32 Microcontroller,0.7887,0.1429,atmega32,CANDIDATE_ONLY_MANUAL_REVIEW_REQUIRED,Similarity does not establish duplication; preserve both original entries
P0103,105,Music Playing Alarm Clock using Microcontroller AT90USB1286,P0258,260,Music Playing Alarm Clock using ATmega644 microcontroller,0.7885,0.7143,alarm; clock; microcontroller; music; playing,CANDIDATE_ONLY_MANUAL_REVIEW_REQUIRED,Similarity does not establish duplication; preserve both original entries
P0339,341,"Simple USB AVR programmer, USBasp using ATMega8 microcontroller",P0418,420,Atmel avr usb programmer using ATMEGA8 microcontroller,0.7885,0.625,atmega8; avr; microcontroller; programmer; usb,CANDIDATE_ONLY_MANUAL_REVIEW_REQUIRED,Similarity does not establish duplication; preserve both original entries
P1124,1126,LCD/switch interface,P1137,1139,LCD interface,0.7879,0.6667,interface; lcd,CANDIDATE_ONLY_MANUAL_REVIEW_REQUIRED,Similarity does not establish duplication; preserve both original entries
P0001,3,UPS Schematic Circuit Diagram,P0005,7,Homage UPS Schematic Circuit Diagram,0.7879,0.6667,schematic; ups,CANDIDATE_ONLY_MANUAL_REVIEW_REQUIRED,Similarity does not establish duplication; preserve both original entries
P0310,312,LC Meter using AVR microcontroller,P0441,443,Analog Multiplexer using AVR microcontroller,0.7879,0.4,avr; microcontroller,CANDIDATE_ONLY_MANUAL_REVIEW_REQUIRED,Similarity does not establish duplication; preserve both original entries
P1081,1083,How to interface RFID with AVR microcontroller (ATmega16),P1857,1859,Interfacing DC Motor with AVR Microcontroller Atmega16,0.7879,0.375,atmega16; avr; microcontroller,CANDIDATE_ONLY_MANUAL_REVIEW_REQUIRED,Similarity does not establish duplication; preserve both original entries
P1875,1877,Programming the ATtiny,P1968,1970,Programming for AVR,0.7879,0.3333,programming,CANDIDATE_ONLY_MANUAL_REVIEW_REQUIRED,Similarity does not establish duplication; preserve both original entries
P0609,611,Evertool using ATmega16 microcontroller,P0617,619,HVProg using ATmega8535 microcontroller,0.7879,0.2,microcontroller,CANDIDATE_ONLY_MANUAL_REVIEW_REQUIRED,Similarity does not establish duplication; preserve both original entries
P0030,32,Ultrasonic range finder using ATMega8515,P1032,1034,Ultrasonic Pathfinder Using Atmega1284,0.7879,0.1667,ultrasonic,CANDIDATE_ONLY_MANUAL_REVIEW_REQUIRED,Similarity does not establish duplication; preserve both original entries
P0412,414,USB AVR programmer using ATtiny2313 microcontroller,P0550,552,Making a USB based AVR Programmer using ATMEGA8 Microcontroller,0.7872,0.5714,avr; microcontroller; programmer; usb,CANDIDATE_ONLY_MANUAL_REVIEW_REQUIRED,Similarity does not establish duplication; preserve both original entries
P2077,2079,AVR DAC using TLC5615 with ATmega16 using Proteus Simulation,P2082,2084,AVR Based DC Motor Controller using ATmega16 with Proteus Simulation,0.7872,0.5714,atmega16; avr; proteus; simulation,CANDIDATE_ONLY_MANUAL_REVIEW_REQUIRED,Similarity does not establish duplication; preserve both original entries
P0467,469,Interfacing DRAM Memory using AVR microcontroller,P1295,1297,Interfacing GSM Module with Atmega32 AVR microcontroller,0.7872,0.375,avr; interfacing; microcontroller,CANDIDATE_ONLY_MANUAL_REVIEW_REQUIRED,Similarity does not establish duplication; preserve both original entries
P0382,384,AVR Digital Hum Nuller using ATmega168 microcontroller,P0459,461,Digital Telemetry using ATMega8 microcontroller,0.7865,0.1429,microcontroller,CANDIDATE_ONLY_MANUAL_REVIEW_REQUIRED,Similarity does not establish duplication; preserve both original entries
P0457,459,AVR LED RF Field Strength using microcontroller,P0460,462,RF Field Strength meter using AVR microcontroller,0.7857,0.6667,avr; field; microcontroller; strength,CANDIDATE_ONLY_MANUAL_REVIEW_REQUIRED,Similarity does not establish duplication; preserve both original entries
P0751,753,Arkanoid Video Game using Atmega32,P0828,830,TouchPad video game Using Atmega32,0.7857,0.6,atmega32; game; video,CANDIDATE_ONLY_MANUAL_REVIEW_REQUIRED,Similarity does not establish duplication; preserve both original entries
P0275,277,AVR acoustic spectrum analyzer using Atmega8 microcontroller,P0301,303,Portable 2.4 GHz Spectrum Analyzer using Atmega8 microcontroller,0.7857,0.5,analyzer; atmega8; microcontroller; spectrum,CANDIDATE_ONLY_MANUAL_REVIEW_REQUIRED,Similarity does not establish duplication; preserve both original entries
P0429,431,Frequency counter using AVR microcontroller,P0458,460,LC Resonant Frequency Meter using AVR microcontroller,0.7857,0.5,avr; frequency; microcontroller,CANDIDATE_ONLY_MANUAL_REVIEW_REQUIRED,Similarity does not establish duplication; preserve both original entries
P0036,38,Digital Voltmeter using Microcontroller Atmega8,P1195,1197,0-25V Digital Voltmeter using AVR Microcontroller,0.7857,0.4,microcontroller; voltmeter,CANDIDATE_ONLY_MANUAL_REVIEW_REQUIRED,Similarity does not establish duplication; preserve both original entries
P0354,356,AVR Switch Timer using ATmega8 Microcontroller,P0569,571,AVR LCD menu routine using ATmega8 microcontroller,0.7857,0.375,atmega8; avr; microcontroller,CANDIDATE_ONLY_MANUAL_REVIEW_REQUIRED,Similarity does not establish duplication; preserve both original entries
P0344,346,AVR Based Operating System using ATMega32 microcontroller,P1991,1993,4×4 Keypad Interfacing with ATmega32 Microcontroller,0.7857,0.3333,atmega32; microcontroller,CANDIDATE_ONLY_MANUAL_REVIEW_REQUIRED,Similarity does not establish duplication; preserve both original entries
P0971,973,Digital Stethoscope Using Atmega644,P0979,981,Digital Saxophone Using Atmega644,0.7857,0.3333,atmega644,CANDIDATE_ONLY_MANUAL_REVIEW_REQUIRED,Similarity does not establish duplication; preserve both original entries
P1061,1063,Interfacing SD Card with AVR Microcontroller,P1287,1289,Interfacing DC Motor with Atmega32 Microcontroller,0.7857,0.3333,interfacing; microcontroller,CANDIDATE_ONLY_MANUAL_REVIEW_REQUIRED,Similarity does not establish duplication; preserve both original entries
P0300,302,VGA monitor tester using ATTiny2313 microcontroller,P0602,604,The Game of Life using ATtiny2313 microcontroller,0.7857,0.2857,attiny2313; microcontroller,CANDIDATE_ONLY_MANUAL_REVIEW_REQUIRED,Similarity does not establish duplication; preserve both original entries
P0306,308,Multi-channel temperature logger using Atmega48 microcontroller,P0556,558,Multichannel USB Analog Sensor using ATMega48 Microcontroller,0.7857,0.2,atmega48; microcontroller,CANDIDATE_ONLY_MANUAL_REVIEW_REQUIRED,Similarity does not establish duplication; preserve both original entries
P0258,260,Music Playing Alarm Clock using ATmega644 microcontroller,P0386,388,AVR Music Player with Alarm Clock using AT90USB1286 microcontroller,0.785,0.4444,alarm; clock; microcontroller; music,CANDIDATE_ONLY_MANUAL_REVIEW_REQUIRED,Similarity does not establish duplication; preserve both original entries
P1188,1190,Light Intensity Measurement using LDR and AVR Microcontroller,P1194,1196,Distance Measurement using HC-SR04 and AVR Microcontroller,0.785,0.375,avr; measurement; microcontroller,CANDIDATE_ONLY_MANUAL_REVIEW_REQUIRED,Similarity does not establish duplication; preserve both original entries
P1061,1063,Interfacing SD Card with AVR Microcontroller,P1191,1193,Joystick Interfacing with AVR Microcontroller,0.7848,0.6,avr; interfacing; microcontroller,CANDIDATE_ONLY_MANUAL_REVIEW_REQUIRED,Similarity does not establish duplication; preserve both original entries
P0134,136,Led dimmer 2 channels using Attiny13 microcontroller,P0313,315,Dimmer using ATTiny2313 microcontroller,0.7848,0.3333,dimmer; microcontroller,CANDIDATE_ONLY_MANUAL_REVIEW_REQUIRED,Similarity does not establish duplication; preserve both original entries
P0059,61,LED wind indicator Using atmega8 Microcontroller,P1204,1206,LED Blinking with ATmega32 Microcontroller,0.7848,0.2857,led; microcontroller,CANDIDATE_ONLY_MANUAL_REVIEW_REQUIRED,Similarity does not establish duplication; preserve both original entries
P0314,316,Door Opener using ATTiny2313 microcontroller,P0551,553,LED Dog Collar using ATTINY2313 Microcontroller,0.7848,0.2857,attiny2313; microcontroller,CANDIDATE_ONLY_MANUAL_REVIEW_REQUIRED,Similarity does not establish duplication; preserve both original entries
P0369,371,Mini Logic Analyzer using ATmega8 microcontroller,P0544,546,MP3 Player using ATMega128 microcontroller,0.7848,0.125,microcontroller,CANDIDATE_ONLY_MANUAL_REVIEW_REQUIRED,Similarity does not establish duplication; preserve both original entries
P1203,1205,Interfacing LCD with ATmega32 Microcontroller,P1994,1996,Interfacing LCD 16×2 with ATMEGA32 AVR Microcontroller in 4-bit mode,0.7843,0.5,atmega32; interfacing; lcd; microcontroller,CANDIDATE_ONLY_MANUAL_REVIEW_REQUIRED,Similarity does not establish duplication; preserve both original entries
P1081,1083,How to interface RFID with AVR microcontroller (ATmega16),P1866,1868,Interfacing Servo Motor with AVR Microcontroller Atmega16,0.7843,0.3333,atmega16; avr; microcontroller,CANDIDATE_ONLY_MANUAL_REVIEW_REQUIRED,Similarity does not establish duplication; preserve both original entries
P0068,70,Temperature controlled fan using PWM microcontroller,P0085,87,DS1820 Temperature Controller using atmega8515 microcontroller,0.7843,0.2857,microcontroller; temperature,CANDIDATE_ONLY_MANUAL_REVIEW_REQUIRED,Similarity does not establish duplication; preserve both original entries
P0359,361,Ultrasonic Security System using Atmega644 microcontroller,P0960,962,Ultrasonic Security System Using Atmega644,0.7838,0.75,atmega644; security; ultrasonic,CANDIDATE_ONLY_MANUAL_REVIEW_REQUIRED,Similarity does not establish duplication; preserve both original entries
P0313,315,Dimmer using ATTiny2313 microcontroller,P0368,370,Clever Clapper using ATtiny2313 microcontroller,0.7838,0.4,attiny2313; microcontroller,CANDIDATE_ONLY_MANUAL_REVIEW_REQUIRED,Similarity does not establish duplication; preserve both original entries
P1061,1063,Interfacing SD Card with AVR Microcontroller,P1950,1952,GETTING STARTED WITH AVR MICROCONTROLLER,0.7838,0.3333,avr; microcontroller,CANDIDATE_ONLY_MANUAL_REVIEW_REQUIRED,Similarity does not establish duplication; preserve both original entries
P0581,583,Wall of Pong using ATmega32 microcontroller,P1204,1206,LED Blinking with ATmega32 Microcontroller,0.7838,0.3333,atmega32; microcontroller,CANDIDATE_ONLY_MANUAL_REVIEW_REQUIRED,Similarity does not establish duplication; preserve both original entries
P0344,346,AVR Based Operating System using ATMega32 microcontroller,P1186,1188,Alarm Clock using ATmega32 Microcontroller,0.7838,0.3333,atmega32; microcontroller,CANDIDATE_ONLY_MANUAL_REVIEW_REQUIRED,Similarity does not establish duplication; preserve both original entries
P0313,315,Dimmer using ATTiny2313 microcontroller,P0551,553,LED Dog Collar using ATTINY2313 Microcontroller,0.7838,0.3333,attiny2313; microcontroller,CANDIDATE_ONLY_MANUAL_REVIEW_REQUIRED,Similarity does not establish duplication; preserve both original entries
P0586,588,Air-Mouse using ATmega32 microcontroller,P2052,2054,DIY 3D LED Cube Using ATmega32 Microcontroller,0.7838,0.2857,atmega32; microcontroller,CANDIDATE_ONLY_MANUAL_REVIEW_REQUIRED,Similarity does not establish duplication; preserve both original entries
P0647,649,RSS Reader using ATmega8 microcontroller,P1190,1192,Anti-Theft Alert System using ATmega8 Microcontroller,0.7838,0.2857,atmega8; microcontroller,CANDIDATE_ONLY_MANUAL_REVIEW_REQUIRED,Similarity does not establish duplication; preserve both original entries
P0271,273,Color Sensor using Atmega16 microcontroller,P0604,606,The Prototino™ using ATmega168 microcontroller,0.7838,0.1667,microcontroller,CANDIDATE_ONLY_MANUAL_REVIEW_REQUIRED,Similarity does not establish duplication; preserve both original entries
P0532,534,AttoBasic HOME using Atmega168 microcontroller,P0539,541,AvrPhone using ATmega128 microcontroller,0.7838,0.1667,microcontroller,CANDIDATE_ONLY_MANUAL_REVIEW_REQUIRED,Similarity does not establish duplication; preserve both original entries
P0534,536,AVR mod player using ATmega325 microcontroller,P0539,541,AvrPhone using ATmega128 microcontroller,0.7838,0.1429,microcontroller,CANDIDATE_ONLY_MANUAL_REVIEW_REQUIRED,Similarity does not establish duplication; preserve both original entries
P0354,356,AVR Switch Timer using ATmega8 Microcontroller,P0539,541,AvrPhone using ATmega128 microcontroller,0.7838,0.1429,microcontroller,CANDIDATE_ONLY_MANUAL_REVIEW_REQUIRED,Similarity does not establish duplication; preserve both original entries
P0070,72,8 MHz frequency meter using AVR microcontroller,P0310,312,LC Meter using AVR microcontroller,0.7826,0.6,avr; meter; microcontroller,CANDIDATE_ONLY_MANUAL_REVIEW_REQUIRED,Similarity does not establish duplication; preserve both original entries
P2076,2078,AVR Based 8-bit DAC using ATmega16 with Proteus Simulation,P2082,2084,AVR Based DC Motor Controller using ATmega16 with Proteus Simulation,0.7826,0.5714,atmega16; avr; proteus; simulation,CANDIDATE_ONLY_MANUAL_REVIEW_REQUIRED,Similarity does not establish duplication; preserve both original entries
P0704,706,Frogger Video Game Using Atmel Mega32,P0759,761,Scorched Earth video game using Atmel Mega32,0.7826,0.5714,atmel; game; mega32; video,CANDIDATE_ONLY_MANUAL_REVIEW_REQUIRED,Similarity does not establish duplication; preserve both original entries
P0615,617,Video Overlay using ATmega8 microcontroller,P0616,618,The WhereAVR using ATmega8 microcontroller,0.7826,0.4,atmega8; microcontroller,CANDIDATE_ONLY_MANUAL_REVIEW_REQUIRED,Similarity does not establish duplication; preserve both original entries
P0309,311,Power Supply using AVR microcontroller,P0317,319,Programmer UsbAsp using AVR microcontroller,0.7826,0.3333,avr; microcontroller,CANDIDATE_ONLY_MANUAL_REVIEW_REQUIRED,Similarity does not establish duplication; preserve both original entries
P0072,74,LCD Message Display Using AT Mega8 microcontroller,P0407,409,80×32 LED matrix display using ATmega32 microcontroller,0.7826,0.2222,display; microcontroller,CANDIDATE_ONLY_MANUAL_REVIEW_REQUIRED,Similarity does not establish duplication; preserve both original entries
P0316,318,Programmer using ATMEGA8 microcontroller,P0613,615,etherrape using ATmega644 microcontroller,0.7826,0.2,microcontroller,CANDIDATE_ONLY_MANUAL_REVIEW_REQUIRED,Similarity does not establish duplication; preserve both original entries
P0324,326,AVR Based CRO using Atmega16 microcontroller,P0604,606,The Prototino™ using ATmega168 microcontroller,0.7826,0.1667,microcontroller,CANDIDATE_ONLY_MANUAL_REVIEW_REQUIRED,Similarity does not establish duplication; preserve both original entries
P0299,301,Digital oscilloscope GLCD using Atmega32 microcontroller,P1323,1325,Digital Clock using AVR Atmega16 Microcontroller,0.7826,0.1429,microcontroller,CANDIDATE_ONLY_MANUAL_REVIEW_REQUIRED,Similarity does not establish duplication; preserve both original entries
P0299,301,Digital oscilloscope GLCD using Atmega32 microcontroller,P0400,402,Digital Stop Watch with ATmega8 using microcontroller,0.7826,0.1429,microcontroller,CANDIDATE_ONLY_MANUAL_REVIEW_REQUIRED,Similarity does not establish duplication; preserve both original entries
P1063,1065,How to configure Watchdog Timers of AVR Microcontroller (ATmega16),P1863,1865,How to use ADC in AVR Microcontroller ATmega16,0.7818,0.4444,atmega16; avr; how; microcontroller,CANDIDATE_ONLY_MANUAL_REVIEW_REQUIRED,Similarity does not establish duplication; preserve both original entries
P0041,43,Scientific Calculator using AVR Microcontroller,P0063,65,Simple calculator using avr microcontroller Atmega16,0.7816,0.5,avr; calculator; microcontroller,CANDIDATE_ONLY_MANUAL_REVIEW_REQUIRED,Similarity does not establish duplication; preserve both original entries
P1183,1185,8×8 LED Matrix Interfacing with AVR Microcontroller,P1309,1311,DS1307 RTC Interfacing with AVR microcontroller,0.7816,0.4286,avr; interfacing; microcontroller,CANDIDATE_ONLY_MANUAL_REVIEW_REQUIRED,Similarity does not establish duplication; preserve both original entries
P0258,260,Music Playing Alarm Clock using ATmega644 microcontroller,P1186,1188,Alarm Clock using ATmega32 Microcontroller,0.7816,0.4286,alarm; clock; microcontroller,CANDIDATE_ONLY_MANUAL_REVIEW_REQUIRED,Similarity does not establish duplication; preserve both original entries
P0605,607,Sensor Interfacing using ATmega8 microcontroller,P1287,1289,Interfacing DC Motor with Atmega32 Microcontroller,0.7816,0.3333,interfacing; microcontroller,CANDIDATE_ONLY_MANUAL_REVIEW_REQUIRED,Similarity does not establish duplication; preserve both original entries
P0359,361,Ultrasonic Security System using Atmega644 microcontroller,P1237,1239,RFID based security system using AVR ATmega32 microcontroller,0.7816,0.2857,microcontroller; security,CANDIDATE_ONLY_MANUAL_REVIEW_REQUIRED,Similarity does not establish duplication; preserve both original entries
P0359,361,Ultrasonic Security System using Atmega644 microcontroller,P2047,2049,RFID-Based Security System with AVR ATmega32 Microcontroller,0.7816,0.2857,microcontroller; security,CANDIDATE_ONLY_MANUAL_REVIEW_REQUIRED,Similarity does not establish duplication; preserve both original entries
P0359,361,Ultrasonic Security System using Atmega644 microcontroller,P2025,2027,RFID based security system using AVR ATmega32 microcontroller,0.7816,0.2857,microcontroller; security,CANDIDATE_ONLY_MANUAL_REVIEW_REQUIRED,Similarity does not establish duplication; preserve both original entries
P0366,368,AVR Based Mobile Phone using AVR ATmega128A microcontroller,P0534,536,AVR mod player using ATmega325 microcontroller,0.7816,0.25,avr; microcontroller,CANDIDATE_ONLY_MANUAL_REVIEW_REQUIRED,Similarity does not establish duplication; preserve both original entries
P0066,68,Digital Melody player using atmega16 microcontroller,P0459,461,Digital Telemetry using ATMega8 microcontroller,0.7816,0.1667,microcontroller,CANDIDATE_ONLY_MANUAL_REVIEW_REQUIRED,Similarity does not establish duplication; preserve both original entries
P1156,1158,Interfacing 16X2 LCD to AVR Microcontroller,P1867,1869,Interfacing 16×2 LCD with Atmega16 AVR Microcontroller in 4-Bit Mode,0.781,0.4444,avr; interfacing; lcd; microcontroller,CANDIDATE_ONLY_MANUAL_REVIEW_REQUIRED,Similarity does not establish duplication; preserve both original entries
P0352,354,Low-cost AVR programmer,P1240,1242,USB AVR programmer,0.7805,0.4,avr; programmer,CANDIDATE_ONLY_MANUAL_REVIEW_REQUIRED,Similarity does not establish duplication; preserve both original entries
P0315,317,Beamer Control using attiny2313 microcontroller,P0551,553,LED Dog Collar using ATTINY2313 Microcontroller,0.7805,0.3333,attiny2313; microcontroller,CANDIDATE_ONLY_MANUAL_REVIEW_REQUIRED,Similarity does not establish duplication; preserve both original entries
P0066,68,Digital Melody player using atmega16 microcontroller,P0544,546,MP3 Player using ATMega128 microcontroller,0.7805,0.3333,microcontroller; player,CANDIDATE_ONLY_MANUAL_REVIEW_REQUIRED,Similarity does not establish duplication; preserve both original entries
P0572,574,AVR Programmer using ATTINY2313 microcontroller,P0588,590,AVR Thermometer using AT90S2313 microcontroller,0.7805,0.3333,avr; microcontroller,CANDIDATE_ONLY_MANUAL_REVIEW_REQUIRED,Similarity does not establish duplication; preserve both original entries
P0359,361,Ultrasonic Security System using Atmega644 microcontroller,P0379,381,Ear Trainer using ATMega644 microcontroller,0.7805,0.3333,atmega644; microcontroller,CANDIDATE_ONLY_MANUAL_REVIEW_REQUIRED,Similarity does not establish duplication; preserve both original entries
P0917,919,Flexicopter Using Atmega644,P0961,963,Quadcopter Using Atmega644,0.7805,0.3333,atmega644,CANDIDATE_ONLY_MANUAL_REVIEW_REQUIRED,Similarity does not establish duplication; preserve both original entries
P0551,553,LED Dog Collar using ATTINY2313 Microcontroller,P0572,574,AVR Programmer using ATTINY2313 microcontroller,0.7805,0.2857,attiny2313; microcontroller,CANDIDATE_ONLY_MANUAL_REVIEW_REQUIRED,Similarity does not establish duplication; preserve both original entries
P1062,1064,How to interface GPS with AVR microcontroller (ATmega16),P1858,1860,How to Use Hall Sensor with AVR Microcontroller ATmega16,0.78,0.4444,atmega16; avr; how; microcontroller,CANDIDATE_ONLY_MANUAL_REVIEW_REQUIRED,Similarity does not establish duplication; preserve both original entries
P0751,753,Arkanoid Video Game using Atmega32,P0776,778,Nova Strike video game Using Atmega32,0.7797,0.5,atmega32; game; video,CANDIDATE_ONLY_MANUAL_REVIEW_REQUIRED,Similarity does not establish duplication; preserve both original entries
P0617,619,HVProg using ATmega8535 microcontroller,P1869,1871,ATMEGA328P Microcontroller,0.7797,0.25,microcontroller,CANDIDATE_ONLY_MANUAL_REVIEW_REQUIRED,Similarity does not establish duplication; preserve both original entries
P0168,170,Ghetto Development Environment Using Microcontrollers,P1877,1879,Ghetto Development Environment,0.7792,0.6667,environment; ghetto,CANDIDATE_ONLY_MANUAL_REVIEW_REQUIRED,Similarity does not establish duplication; preserve both original entries
P1204,1206,LED Blinking with ATmega32 Microcontroller,P2052,2054,DIY 3D LED Cube Using ATmega32 Microcontroller,0.7792,0.5,atmega32; led; microcontroller,CANDIDATE_ONLY_MANUAL_REVIEW_REQUIRED,Similarity does not establish duplication; preserve both original entries
P0315,317,Beamer Control using attiny2313 microcontroller,P0323,325,Dotmatrix using ATtiny2313 microcontroller,0.7792,0.5,attiny2313; microcontroller,CANDIDATE_ONLY_MANUAL_REVIEW_REQUIRED,Similarity does not establish duplication; preserve both original entries
P0323,325,Dotmatrix using ATtiny2313 microcontroller,P0572,574,AVR Programmer using ATTINY2313 microcontroller,0.7792,0.4,attiny2313; microcontroller,CANDIDATE_ONLY_MANUAL_REVIEW_REQUIRED,Similarity does not establish duplication; preserve both original entries
P0314,316,Door Opener using ATTiny2313 microcontroller,P0602,604,The Game of Life using ATtiny2313 microcontroller,0.7792,0.3333,attiny2313; microcontroller,CANDIDATE_ONLY_MANUAL_REVIEW_REQUIRED,Similarity does not establish duplication; preserve both original entries
P1203,1205,Interfacing LCD with ATmega32 Microcontroller,P1204,1206,LED Blinking with ATmega32 Microcontroller,0.7792,0.3333,atmega32; microcontroller,CANDIDATE_ONLY_MANUAL_REVIEW_REQUIRED,Similarity does not establish duplication; preserve both original entries
P0320,322,Tea Timer using ATTiny2313 microcontroller,P0551,553,LED Dog Collar using ATTINY2313 Microcontroller,0.7792,0.2857,attiny2313; microcontroller,CANDIDATE_ONLY_MANUAL_REVIEW_REQUIRED,Similarity does not establish duplication; preserve both original entries
P0368,370,Clever Clapper using ATtiny2313 microcontroller,P0546,548,LED Menorah using ATtiny13 microcontroller,0.7792,0.1429,microcontroller,CANDIDATE_ONLY_MANUAL_REVIEW_REQUIRED,Similarity does not establish duplication; preserve both original entries
P0534,536,AVR mod player using ATmega325 microcontroller,P0581,583,Wall of Pong using ATmega32 microcontroller,0.7792,0.125,microcontroller,CANDIDATE_ONLY_MANUAL_REVIEW_REQUIRED,Similarity does not establish duplication; preserve both original entries
P0467,469,Interfacing DRAM Memory using AVR microcontroller,P1866,1868,Interfacing Servo Motor with AVR Microcontroller Atmega16,0.7789,0.375,avr; interfacing; microcontroller,CANDIDATE_ONLY_MANUAL_REVIEW_REQUIRED,Similarity does not establish duplication; preserve both original entries
P1214,1216,How to interface RFID with AVR ATmega32 microcontroller,P1287,1289,Interfacing DC Motor with Atmega32 Microcontroller,0.7789,0.25,atmega32; microcontroller,CANDIDATE_ONLY_MANUAL_REVIEW_REQUIRED,Similarity does not establish duplication; preserve both original entries
P1078,1080,How to use inbuilt analog comparator of AVR microcontroller,P1085,1087,How to use inbuilt ADC of AVR microcontroller (ATmega16),0.7788,0.5556,avr; how; inbuilt; microcontroller; use,CANDIDATE_ONLY_MANUAL_REVIEW_REQUIRED,Similarity does not establish duplication; preserve both original entries
P0465,467,Ponyprog Circuit for ATMEL’S AVR using microcontroller,P0466,468,Ponyprog Circuit for AVR & PIC16F84 using microcontroller,0.7778,0.6,avr; microcontroller; ponyprog,CANDIDATE_ONLY_MANUAL_REVIEW_REQUIRED,Similarity does not establish duplication; preserve both original entries
P0057,59,USB PCB Business Card Using ATtiny85 Microcontroller,P0296,298,USB business card with a computer chip board using ATtiny85 microcontroller,0.7778,0.5556,attiny85; business; card; microcontroller; usb,CANDIDATE_ONLY_MANUAL_REVIEW_REQUIRED,Similarity does not establish duplication; preserve both original entries
P1069,1071,How to interface LED with AVR Microcontroller (ATmega16),P1087,1089,How to display text on 16×2 LCD using AVR microcontroller (ATmega16),0.7778,0.4,atmega16; avr; how; microcontroller,CANDIDATE_ONLY_MANUAL_REVIEW_REQUIRED,Similarity does not establish duplication; preserve both original entries
P0433,435,Capacitance Meter using AVR microcontroller,P0480,482,RF Inductance Meter using microcontroller,0.7778,0.4,meter; microcontroller,CANDIDATE_ONLY_MANUAL_REVIEW_REQUIRED,Similarity does not establish duplication; preserve both original entries
P0317,319,Programmer UsbAsp using AVR microcontroller,P0465,467,Ponyprog Circuit for ATMEL’S AVR using microcontroller,0.7778,0.3333,avr; microcontroller,CANDIDATE_ONLY_MANUAL_REVIEW_REQUIRED,Similarity does not establish duplication; preserve both original entries
P0570,572,Servo motor control using Atmega8 microcontroller,P1096,1098,Stepper Motor Angle Control using AVR Microcontroller,0.7778,0.2857,microcontroller; motor,CANDIDATE_ONLY_MANUAL_REVIEW_REQUIRED,Similarity does not establish duplication; preserve both original entries
P0324,326,AVR Based CRO using Atmega16 microcontroller,P0534,536,AVR mod player using ATmega325 microcontroller,0.7778,0.2857,avr; microcontroller,CANDIDATE_ONLY_MANUAL_REVIEW_REQUIRED,Similarity does not establish duplication; preserve both original entries
P0382,384,AVR Digital Hum Nuller using ATmega168 microcontroller,P1323,1325,Digital Clock using AVR Atmega16 Microcontroller,0.7778,0.2857,avr; microcontroller,CANDIDATE_ONLY_MANUAL_REVIEW_REQUIRED,Similarity does not establish duplication; preserve both original entries
P0742,744,The Big Red Juicer using Atmel Mega32,P0815,817,Braille reader using Atmel mega32,0.7778,0.2857,atmel; mega32,CANDIDATE_ONLY_MANUAL_REVIEW_REQUIRED,Similarity does not establish duplication; preserve both original entries
P1203,1205,Interfacing LCD with ATmega32 Microcontroller,P1214,1216,How to interface RFID with AVR ATmega32 microcontroller,0.7778,0.25,atmega32; microcontroller,CANDIDATE_ONLY_MANUAL_REVIEW_REQUIRED,Similarity does not establish duplication; preserve both original entries
P0752,754,INFRARED TRACKING SYSTEM USING ATMEGA32,P1026,1028,Infrared Theremin Using Atmega1284,0.7778,0.2,infrared,CANDIDATE_ONLY_MANUAL_REVIEW_REQUIRED,Similarity does not establish duplication; preserve both original entries
P0323,325,Dotmatrix using ATtiny2313 microcontroller,P0546,548,LED Menorah using ATtiny13 microcontroller,0.7778,0.1667,microcontroller,CANDIDATE_ONLY_MANUAL_REVIEW_REQUIRED,Similarity does not establish duplication; preserve both original entries
P0022,24,Delta Robot using atmega32 micrcontroller,P0581,583,Wall of Pong using ATmega32 microcontroller,0.7778,0.1429,atmega32,CANDIDATE_ONLY_MANUAL_REVIEW_REQUIRED,Similarity does not establish duplication; preserve both original entries
P0324,326,AVR Based CRO using Atmega16 microcontroller,P0532,534,AttoBasic HOME using Atmega168 microcontroller,0.7778,0.1429,microcontroller,CANDIDATE_ONLY_MANUAL_REVIEW_REQUIRED,Similarity does not establish duplication; preserve both original entries
P0426,428,Nixie Clock with AVR using ATmega48 microcontroller,P0616,618,The WhereAVR using ATmega8 microcontroller,0.7778,0.1429,microcontroller,CANDIDATE_ONLY_MANUAL_REVIEW_REQUIRED,Similarity does not establish duplication; preserve both original entries
P1062,1064,How to interface GPS with AVR microcontroller (ATmega16),P1085,1087,How to use inbuilt ADC of AVR microcontroller (ATmega16),0.7767,0.4444,atmega16; avr; how; microcontroller,CANDIDATE_ONLY_MANUAL_REVIEW_REQUIRED,Similarity does not establish duplication; preserve both original entries
P1069,1071,How to interface LED with AVR Microcontroller (ATmega16),P1085,1087,How to use inbuilt ADC of AVR microcontroller (ATmega16),0.7767,0.4444,atmega16; avr; how; microcontroller,CANDIDATE_ONLY_MANUAL_REVIEW_REQUIRED,Similarity does not establish duplication; preserve both original entries
P0315,317,Beamer Control using attiny2313 microcontroller,P0575,577,Project Development Board using ATTiny2313 microcontroller,0.7765,0.5,attiny2313; microcontroller,CANDIDATE_ONLY_MANUAL_REVIEW_REQUIRED,Similarity does not establish duplication; preserve both original entries
P0551,553,LED Dog Collar using ATTINY2313 Microcontroller,P0575,577,Project Development Board using ATTiny2313 microcontroller,0.7765,0.3333,attiny2313; microcontroller,CANDIDATE_ONLY_MANUAL_REVIEW_REQUIRED,Similarity does not establish duplication; preserve both original entries
P0320,322,Tea Timer using ATTiny2313 microcontroller,P0537,539,DS interface test tool using ATtiny2313 microcontroller,0.7765,0.2857,attiny2313; microcontroller,CANDIDATE_ONLY_MANUAL_REVIEW_REQUIRED,Similarity does not establish duplication; preserve both original entries
P0300,302,VGA monitor tester using ATTiny2313 microcontroller,P0319,321,Kitchen Timer using ATTiny2313 microcontroller,0.7765,0.2857,attiny2313; microcontroller,CANDIDATE_ONLY_MANUAL_REVIEW_REQUIRED,Similarity does not establish duplication; preserve both original entries
P0446,448,Atmel Test Card using ATmega32 microcontroller,P0593,595,Minimalist Arduino using ATMega328P microcontroller,0.7765,0.125,microcontroller,CANDIDATE_ONLY_MANUAL_REVIEW_REQUIRED,Similarity does not establish duplication; preserve both original entries
P0046,48,Box with a Music Lock using ATMega328P Microcontroller,P1869,1871,ATMEGA328P Microcontroller,0.7761,0.4,atmega328p; microcontroller,CANDIDATE_ONLY_MANUAL_REVIEW_REQUIRED,Similarity does not establish duplication; preserve both original entries
P0586,588,Air-Mouse using ATmega32 microcontroller,P0617,619,HVProg using ATmega8535 microcontroller,0.7761,0.1667,microcontroller,CANDIDATE_ONLY_MANUAL_REVIEW_REQUIRED,Similarity does not establish duplication; preserve both original entries
P0609,611,Evertool using ATmega16 microcontroller,P0647,649,RSS Reader using ATmega8 microcontroller,0.7761,0.1667,microcontroller,CANDIDATE_ONLY_MANUAL_REVIEW_REQUIRED,Similarity does not establish duplication; preserve both original entries
P1068,1070,How to interface keypad with AVR microcontroller (ATmega16),P1863,1865,How to use ADC in AVR Microcontroller ATmega16,0.7755,0.5,atmega16; avr; how; microcontroller,CANDIDATE_ONLY_MANUAL_REVIEW_REQUIRED,Similarity does not establish duplication; preserve both original entries
P1286,1288,Interfacing LCD with Atmega32 Microcontroller using Atmel Studio,P1287,1289,Interfacing DC Motor with Atmega32 Microcontroller,0.7755,0.4286,atmega32; interfacing; microcontroller,CANDIDATE_ONLY_MANUAL_REVIEW_REQUIRED,Similarity does not establish duplication; preserve both original entries
P0315,317,Beamer Control using attiny2313 microcontroller,P0381,383,DC Servomotor Controller System Meter using ATtiny2313 microcontroller,0.7755,0.4,attiny2313; microcontroller,CANDIDATE_ONLY_MANUAL_REVIEW_REQUIRED,Similarity does not establish duplication; preserve both original entries
P0725,727,Vocal Trainer Using Atmel Mega32,P0810,812,CalcParser Using Atmel Mega32,0.7755,0.4,atmel; mega32,CANDIDATE_ONLY_MANUAL_REVIEW_REQUIRED,Similarity does not establish duplication; preserve both original entries
P1062,1064,How to interface GPS with AVR microcontroller (ATmega16),P1857,1859,Interfacing DC Motor with AVR Microcontroller Atmega16,0.7755,0.375,atmega16; avr; microcontroller,CANDIDATE_ONLY_MANUAL_REVIEW_REQUIRED,Similarity does not establish duplication; preserve both original entries
P0320,322,Tea Timer using ATTiny2313 microcontroller,P0575,577,Project Development Board using ATTiny2313 microcontroller,0.775,0.4,attiny2313; microcontroller,CANDIDATE_ONLY_MANUAL_REVIEW_REQUIRED,Similarity does not establish duplication; preserve both original entries
P0572,574,AVR Programmer using ATTINY2313 microcontroller,P0602,604,The Game of Life using ATtiny2313 microcontroller,0.775,0.3333,attiny2313; microcontroller,CANDIDATE_ONLY_MANUAL_REVIEW_REQUIRED,Similarity does not establish duplication; preserve both original entries
P0238,240,Arduino XMAS hitcounter using AVR microcontroller,P0429,431,Frequency counter using AVR microcontroller,0.775,0.2857,avr; microcontroller,CANDIDATE_ONLY_MANUAL_REVIEW_REQUIRED,Similarity does not establish duplication; preserve both original entries
P0324,326,AVR Based CRO using Atmega16 microcontroller,P0385,387,AVR Power Usage Logger using ATmega168 microcontroller,0.775,0.25,avr; microcontroller,CANDIDATE_ONLY_MANUAL_REVIEW_REQUIRED,Similarity does not establish duplication; preserve both original entries
P0546,548,LED Menorah using ATtiny13 microcontroller,P0575,577,Project Development Board using ATTiny2313 microcontroller,0.775,0.1667,microcontroller,CANDIDATE_ONLY_MANUAL_REVIEW_REQUIRED,Similarity does not establish duplication; preserve both original entries
P0344,346,AVR Based Operating System using ATMega32 microcontroller,P0605,607,Sensor Interfacing using ATmega8 microcontroller,0.775,0.1429,microcontroller,CANDIDATE_ONLY_MANUAL_REVIEW_REQUIRED,Similarity does not establish duplication; preserve both original entries
P0709,711,Memory Video Game Using Atmel Mega32,P0744,746,Duckhunt video game using Atmel Mega32,0.7742,0.6667,atmel; game; mega32; video,CANDIDATE_ONLY_MANUAL_REVIEW_REQUIRED,Similarity does not establish duplication; preserve both original entries
P0044,46,DC Motor Speed Control using PWM,P1496,1498,15A MOTOR SPEED CONTROL CIRCUIT ATTINY45 PWM,0.7742,0.6,motor; pwm; speed,CANDIDATE_ONLY_MANUAL_REVIEW_REQUIRED,Similarity does not establish duplication; preserve both original entries
P1419,1421,Keypad Door Lock using AVR Microcontroller – Atmega16,P1862,1864,Line Follower Robot using AVR Microcontroller ATmega16,0.7742,0.3333,atmega16; avr; microcontroller,CANDIDATE_ONLY_MANUAL_REVIEW_REQUIRED,Similarity does not establish duplication; preserve both original entries
P1186,1188,Alarm Clock using ATmega32 Microcontroller,P1869,1871,ATMEGA328P Microcontroller,0.7742,0.2,microcontroller,CANDIDATE_ONLY_MANUAL_REVIEW_REQUIRED,Similarity does not establish duplication; preserve both original entries
P0544,546,MP3 Player using ATMega128 microcontroller,P1869,1871,ATMEGA328P Microcontroller,0.7742,0.2,microcontroller,CANDIDATE_ONLY_MANUAL_REVIEW_REQUIRED,Similarity does not establish duplication; preserve both original entries
P0316,318,Programmer using ATMEGA8 microcontroller,P0459,461,Digital Telemetry using ATMega8 microcontroller,0.7733,0.5,atmega8; microcontroller,CANDIDATE_ONLY_MANUAL_REVIEW_REQUIRED,Similarity does not establish duplication; preserve both original entries
P0323,325,Dotmatrix using ATtiny2313 microcontroller,P0602,604,The Game of Life using ATtiny2313 microcontroller,0.7733,0.4,attiny2313; microcontroller,CANDIDATE_ONLY_MANUAL_REVIEW_REQUIRED,Similarity does not establish duplication; preserve both original entries
P0316,318,Programmer using ATMEGA8 microcontroller,P0572,574,AVR Programmer using ATTINY2313 microcontroller,0.7733,0.4,microcontroller; programmer,CANDIDATE_ONLY_MANUAL_REVIEW_REQUIRED,Similarity does not establish duplication; preserve both original entries
P0023,25,CNC Update 2 Using atmega32 microcontroller,P0344,346,AVR Based Operating System using ATMega32 microcontroller,0.7733,0.3333,atmega32; microcontroller,CANDIDATE_ONLY_MANUAL_REVIEW_REQUIRED,Similarity does not establish duplication; preserve both original entries
P0238,240,Arduino XMAS hitcounter using AVR microcontroller,P1198,1200,0-99 Counter using AVR Microcontroller,0.7733,0.3333,avr; microcontroller,CANDIDATE_ONLY_MANUAL_REVIEW_REQUIRED,Similarity does not establish duplication; preserve both original entries
P0344,346,AVR Based Operating System using ATMega32 microcontroller,P1204,1206,LED Blinking with ATmega32 Microcontroller,0.7733,0.3333,atmega32; microcontroller,CANDIDATE_ONLY_MANUAL_REVIEW_REQUIRED,Similarity does not establish duplication; preserve both original entries
P0586,588,Air-Mouse using ATmega32 microcontroller,P1202,1204,Power LED Dimmer using ATmega32 Microcontroller,0.7733,0.2857,atmega32; microcontroller,CANDIDATE_ONLY_MANUAL_REVIEW_REQUIRED,Similarity does not establish duplication; preserve both original entries
P0584,586,RFID security system using ATmega32 microcontroller,P0615,617,Video Overlay using ATmega8 microcontroller,0.7733,0.1429,microcontroller,CANDIDATE_ONLY_MANUAL_REVIEW_REQUIRED,Similarity does not establish duplication; preserve both original entries
P0324,326,AVR Based CRO using Atmega16 microcontroller,P0570,572,Servo motor control using Atmega8 microcontroller,0.7733,0.1429,microcontroller,CANDIDATE_ONLY_MANUAL_REVIEW_REQUIRED,Similarity does not establish duplication; preserve both original entries
P0344,346,AVR Based Operating System using ATMega32 microcontroller,P0615,617,Video Overlay using ATmega8 microcontroller,0.7733,0.1429,microcontroller,CANDIDATE_ONLY_MANUAL_REVIEW_REQUIRED,Similarity does not establish duplication; preserve both original entries
P0316,318,Programmer using ATMEGA8 microcontroller,P1202,1204,Power LED Dimmer using ATmega32 Microcontroller,0.7733,0.1429,microcontroller,CANDIDATE_ONLY_MANUAL_REVIEW_REQUIRED,Similarity does not establish duplication; preserve both original entries
P0647,649,RSS Reader using ATmega8 microcontroller,P1202,1204,Power LED Dimmer using ATmega32 Microcontroller,0.7733,0.125,microcontroller,CANDIDATE_ONLY_MANUAL_REVIEW_REQUIRED,Similarity does not establish duplication; preserve both original entries
P0046,48,Box with a Music Lock using ATMega328P Microcontroller,P0586,588,Air-Mouse using ATmega32 microcontroller,0.7733,0.125,microcontroller,CANDIDATE_ONLY_MANUAL_REVIEW_REQUIRED,Similarity does not establish duplication; preserve both original entries
P0022,24,Delta Robot using atmega32 micrcontroller,P0446,448,Atmel Test Card using ATmega32 microcontroller,0.7733,0.125,atmega32,CANDIDATE_ONLY_MANUAL_REVIEW_REQUIRED,Similarity does not establish duplication; preserve both original entries
P0194,196,Arduino powered hangman giftbox/lockbox using ATmega328 microcontroller,P0224,226,Arduino Powered Binary Clock using ATmega168 microcontroller,0.7731,0.3,arduino; microcontroller; powered,CANDIDATE_ONLY_MANUAL_REVIEW_REQUIRED,Similarity does not establish duplication; preserve both original entries
P0087,89,Stepper motor Driver Using AT2313 microcontroller,P1288,1290,Stepper motor control with an ATmega8 microcontroller,0.7727,0.5,microcontroller; motor; stepper,CANDIDATE_ONLY_MANUAL_REVIEW_REQUIRED,Similarity does not establish duplication; preserve both original entries
P0354,356,AVR Switch Timer using ATmega8 Microcontroller,P0382,384,AVR Digital Hum Nuller using ATmega168 microcontroller,0.7727,0.25,avr; microcontroller,CANDIDATE_ONLY_MANUAL_REVIEW_REQUIRED,Similarity does not establish duplication; preserve both original entries
P0344,346,AVR Based Operating System using ATMega32 microcontroller,P0403,405,AVR Compiler toolchain for MAC using ATmega8 microcontroller,0.7727,0.25,avr; microcontroller,CANDIDATE_ONLY_MANUAL_REVIEW_REQUIRED,Similarity does not establish duplication; preserve both original entries
P0015,17,DIY AVR Programmers,P1985,1987,Hard Drive Based AVR Programmer,0.7727,0.1667,avr,CANDIDATE_ONLY_MANUAL_REVIEW_REQUIRED,Similarity does not establish duplication; preserve both original entries
P0331,333,DS1802 Digital Volume Control using microcontroller,P1195,1197,0-25V Digital Voltmeter using AVR Microcontroller,0.7727,0.1667,microcontroller,CANDIDATE_ONLY_MANUAL_REVIEW_REQUIRED,Similarity does not establish duplication; preserve both original entries
P0066,68,Digital Melody player using atmega16 microcontroller,P0400,402,Digital Stop Watch with ATmega8 using microcontroller,0.7727,0.1429,microcontroller,CANDIDATE_ONLY_MANUAL_REVIEW_REQUIRED,Similarity does not establish duplication; preserve both original entries
P1081,1083,How to interface RFID with AVR microcontroller (ATmega16),P1858,1860,How to Use Hall Sensor with AVR Microcontroller ATmega16,0.7723,0.4444,atmega16; avr; how; microcontroller,CANDIDATE_ONLY_MANUAL_REVIEW_REQUIRED,Similarity does not establish duplication; preserve both original entries
P1068,1070,How to interface keypad with AVR microcontroller (ATmega16),P1857,1859,Interfacing DC Motor with AVR Microcontroller Atmega16,0.7723,0.375,atmega16; avr; microcontroller,CANDIDATE_ONLY_MANUAL_REVIEW_REQUIRED,Similarity does not establish duplication; preserve both original entries
P0085,87,DS1820 Temperature Controller using atmega8515 microcontroller,P1145,1147,Temperature Controlled DC Fan using Microcontroller,0.7723,0.3333,microcontroller; temperature,CANDIDATE_ONLY_MANUAL_REVIEW_REQUIRED,Similarity does not establish duplication; preserve both original entries
P1062,1064,How to interface GPS with AVR microcontroller (ATmega16),P1866,1868,Interfacing Servo Motor with AVR Microcontroller Atmega16,0.7723,0.3333,atmega16; avr; microcontroller,CANDIDATE_ONLY_MANUAL_REVIEW_REQUIRED,Similarity does not establish duplication; preserve both original entries
P1069,1071,How to interface LED with AVR Microcontroller (ATmega16),P1866,1868,Interfacing Servo Motor with AVR Microcontroller Atmega16,0.7723,0.3333,atmega16; avr; microcontroller,CANDIDATE_ONLY_MANUAL_REVIEW_REQUIRED,Similarity does not establish duplication; preserve both original entries
P0435,437,AVR Programmer with ATMega8-16,P1955,1957,Atmel AVR Programmer USB Circuit Atmega8,0.7719,0.6,atmega8; avr; programmer,CANDIDATE_ONLY_MANUAL_REVIEW_REQUIRED,Similarity does not establish duplication; preserve both original entries
P0792,794,Lighting control system Using ATMEL Mega32,P0817,819,iPod controller Using Atmel Mega32,0.7719,0.5,atmel; mega32,CANDIDATE_ONLY_MANUAL_REVIEW_REQUIRED,Similarity does not establish duplication; preserve both original entries
P0906,908,Digital Oscilloscope Using Atmega644,P0979,981,Digital Saxophone Using Atmega644,0.7719,0.3333,atmega644,CANDIDATE_ONLY_MANUAL_REVIEW_REQUIRED,Similarity does not establish duplication; preserve both original entries
P0718,720,Digger video game using Atmel Mega32,P0750,752,Reversi Video Game Using ATmega32,0.7719,0.2857,game; video,CANDIDATE_ONLY_MANUAL_REVIEW_REQUIRED,Similarity does not establish duplication; preserve both original entries
P0709,711,Memory Video Game Using Atmel Mega32,P0750,752,Reversi Video Game Using ATmega32,0.7719,0.2857,game; video,CANDIDATE_ONLY_MANUAL_REVIEW_REQUIRED,Similarity does not establish duplication; preserve both original entries
P0892,894,Digital Receipts System Using Atmega644,P0993,995,Digital Reversi board using Atmega644,0.7719,0.25,atmega644,CANDIDATE_ONLY_MANUAL_REVIEW_REQUIRED,Similarity does not establish duplication; preserve both original entries
P0498,500,Minimum Mass Waveform Capture and Display using AT90S2313 microcontroller,P0526,528,Minimum Mass Wireless LCD Display using ATtiny2313 microcontroller,0.7717,0.4444,display; mass; microcontroller; minimum,CANDIDATE_ONLY_MANUAL_REVIEW_REQUIRED,Similarity does not establish duplication; preserve both original entries
P0271,273,Color Sensor using Atmega16 microcontroller,P0609,611,Evertool using ATmega16 microcontroller,0.7714,0.4,atmega16; microcontroller,CANDIDATE_ONLY_MANUAL_REVIEW_REQUIRED,Similarity does not establish duplication; preserve both original entries
P0433,435,Capacitance Meter using AVR microcontroller,P1189,1191,100mA Ammeter using AVR Microcontroller,0.7714,0.3333,avr; microcontroller,CANDIDATE_ONLY_MANUAL_REVIEW_REQUIRED,Similarity does not establish duplication; preserve both original entries
P0604,606,The Prototino™ using ATmega168 microcontroller,P0617,619,HVProg using ATmega8535 microcontroller,0.7714,0.2,microcontroller,CANDIDATE_ONLY_MANUAL_REVIEW_REQUIRED,Similarity does not establish duplication; preserve both original entries
P0323,325,Dotmatrix using ATtiny2313 microcontroller,P0594,596,Batwatch using ATtiny13V microcontroller,0.7714,0.2,microcontroller,CANDIDATE_ONLY_MANUAL_REVIEW_REQUIRED,Similarity does not establish duplication; preserve both original entries
P0379,381,Ear Trainer using ATMega644 microcontroller,P0609,611,Evertool using ATmega16 microcontroller,0.7714,0.1667,microcontroller,CANDIDATE_ONLY_MANUAL_REVIEW_REQUIRED,Similarity does not establish duplication; preserve both original entries
P0539,541,AvrPhone using ATmega128 microcontroller,P1186,1188,Alarm Clock using ATmega32 Microcontroller,0.7714,0.1667,microcontroller,CANDIDATE_ONLY_MANUAL_REVIEW_REQUIRED,Similarity does not establish duplication; preserve both original entries
P0546,548,LED Menorah using ATtiny13 microcontroller,P0594,596,Batwatch using ATtiny13V microcontroller,0.7714,0.1667,microcontroller,CANDIDATE_ONLY_MANUAL_REVIEW_REQUIRED,Similarity does not establish duplication; preserve both original entries
P0324,326,AVR Based CRO using Atmega16 microcontroller,P0584,586,RFID security system using ATmega32 microcontroller,0.7714,0.1429,microcontroller,CANDIDATE_ONLY_MANUAL_REVIEW_REQUIRED,Similarity does not establish duplication; preserve both original entries
P0328,330,8 LED Knight Rider using AVR microcontroller,P1108,1110,LED Light Bulb Controller using AVR Microcontroller,0.7711,0.4286,avr; led; microcontroller,CANDIDATE_ONLY_MANUAL_REVIEW_REQUIRED,Similarity does not establish duplication; preserve both original entries
P0314,316,Door Opener using ATTiny2313 microcontroller,P0412,414,USB AVR programmer using ATtiny2313 microcontroller,0.7711,0.2857,attiny2313; microcontroller,CANDIDATE_ONLY_MANUAL_REVIEW_REQUIRED,Similarity does not establish duplication; preserve both original entries
P0369,371,Mini Logic Analyzer using ATmega8 microcontroller,P1190,1192,Anti-Theft Alert System using ATmega8 Microcontroller,0.7711,0.25,atmega8; microcontroller,CANDIDATE_ONLY_MANUAL_REVIEW_REQUIRED,Similarity does not establish duplication; preserve both original entries
P0266,268,Arduino FTDI Header using ATmega8 microcontroller,P0354,356,AVR Switch Timer using ATmega8 Microcontroller,0.7711,0.25,atmega8; microcontroller,CANDIDATE_ONLY_MANUAL_REVIEW_REQUIRED,Similarity does not establish duplication; preserve both original entries
P0088,90,Temperature Indicator Using attiny2313 micrcontroller,P0323,325,Dotmatrix using ATtiny2313 microcontroller,0.7711,0.1667,attiny2313,CANDIDATE_ONLY_MANUAL_REVIEW_REQUIRED,Similarity does not establish duplication; preserve both original entries
P0141,143,Stripboard Arduino using ATMega168 microcontroller,P0208,210,The Word Clock – Arduino version using ATMega168 microcontroller,0.7708,0.4286,arduino; atmega168; microcontroller,CANDIDATE_ONLY_MANUAL_REVIEW_REQUIRED,Similarity does not establish duplication; preserve both original entries
P1868,1870,Rotary Encoder Interfacing with ATmega8 Microcontroller,P1991,1993,4×4 Keypad Interfacing with ATmega32 Microcontroller,0.7708,0.2857,interfacing; microcontroller,CANDIDATE_ONLY_MANUAL_REVIEW_REQUIRED,Similarity does not establish duplication; preserve both original entries
P0390,392,PS2 Keyboard Interface with AVR MCU using ATmega8 microcontroller,P0605,607,Sensor Interfacing using ATmega8 microcontroller,0.7708,0.2222,atmega8; microcontroller,CANDIDATE_ONLY_MANUAL_REVIEW_REQUIRED,Similarity does not establish duplication; preserve both original entries
P1758,1760,Linkit One Temperature Sensor,P1764,1766,Linkit ONE: Flame Sensor,0.7692,0.6,linkit; one; sensor,CANDIDATE_ONLY_MANUAL_REVIEW_REQUIRED,Similarity does not establish duplication; preserve both original entries
P1070,1072,How to use External (Hardware) Interrupts of AVR Microcontroller (ATmega16),P1863,1865,How to use ADC in AVR Microcontroller ATmega16,0.7692,0.5556,atmega16; avr; how; microcontroller; use,CANDIDATE_ONLY_MANUAL_REVIEW_REQUIRED,Similarity does not establish duplication; preserve both original entries
P0651,653,How to drive 595 shift registers with ATmega168,P1383,1385,How to drive 595 shift registers with AVR hardware SPI,0.7692,0.5556,595; drive; how; registers; shift,CANDIDATE_ONLY_MANUAL_REVIEW_REQUIRED,Similarity does not establish duplication; preserve both original entries
P1202,1204,Power LED Dimmer using ATmega32 Microcontroller,P1204,1206,LED Blinking with ATmega32 Microcontroller,0.7692,0.5,atmega32; led; microcontroller,CANDIDATE_ONLY_MANUAL_REVIEW_REQUIRED,Similarity does not establish duplication; preserve both original entries
P0790,792,Ultrasonic spotlight tracker using Atmel mega32,P0814,816,Ultrasonic ParKontroller Using Atmel Mega32,0.7692,0.5,atmel; mega32; ultrasonic,CANDIDATE_ONLY_MANUAL_REVIEW_REQUIRED,Similarity does not establish duplication; preserve both original entries
P1081,1083,How to interface RFID with AVR microcontroller (ATmega16),P1085,1087,How to use inbuilt ADC of AVR microcontroller (ATmega16),0.7692,0.4444,atmega16; avr; how; microcontroller,CANDIDATE_ONLY_MANUAL_REVIEW_REQUIRED,Similarity does not establish duplication; preserve both original entries
P1194,1196,Distance Measurement using HC-SR04 and AVR Microcontroller,P1197,1199,Temperature Measurement using LM35 and AVR Microcontroller,0.7692,0.4286,avr; measurement; microcontroller,CANDIDATE_ONLY_MANUAL_REVIEW_REQUIRED,Similarity does not establish duplication; preserve both original entries
P1061,1063,Interfacing SD Card with AVR Microcontroller,P1866,1868,Interfacing Servo Motor with AVR Microcontroller Atmega16,0.7692,0.4286,avr; interfacing; microcontroller,CANDIDATE_ONLY_MANUAL_REVIEW_REQUIRED,Similarity does not establish duplication; preserve both original entries
P1891,1893,Getting Started with C Programming for the ATMEL AVR Microcontrollers,P1950,1952,GETTING STARTED WITH AVR MICROCONTROLLER,0.7692,0.4286,avr; getting; started,CANDIDATE_ONLY_MANUAL_REVIEW_REQUIRED,Similarity does not establish duplication; preserve both original entries
P0705,707,Space Fighter Video Game Using ATMega32,P0741,743,Color Tetris video game using ATMega32,0.7692,0.4286,atmega32; game; video,CANDIDATE_ONLY_MANUAL_REVIEW_REQUIRED,Similarity does not establish duplication; preserve both original entries
P0310,312,LC Meter using AVR microcontroller,P0377,379,AVR Code Debugger using AVR microcontroller,0.7692,0.4,avr; microcontroller,CANDIDATE_ONLY_MANUAL_REVIEW_REQUIRED,Similarity does not establish duplication; preserve both original entries
P0310,312,LC Meter using AVR microcontroller,P0429,431,Frequency counter using AVR microcontroller,0.7692,0.4,avr; microcontroller,CANDIDATE_ONLY_MANUAL_REVIEW_REQUIRED,Similarity does not establish duplication; preserve both original entries
P1189,1191,100mA Ammeter using AVR Microcontroller,P1198,1200,0-99 Counter using AVR Microcontroller,0.7692,0.4,avr; microcontroller,CANDIDATE_ONLY_MANUAL_REVIEW_REQUIRED,Similarity does not establish duplication; preserve both original entries
P0554,556,DIY USB password generator using ATtiny Microcontroller,P1092,1094,DIY – Waveform Generator using AVR Microcontroller,0.7692,0.375,diy; generator; microcontroller,CANDIDATE_ONLY_MANUAL_REVIEW_REQUIRED,Similarity does not establish duplication; preserve both original entries
P0300,302,VGA monitor tester using ATTiny2313 microcontroller,P0313,315,Dimmer using ATTiny2313 microcontroller,0.7692,0.3333,attiny2313; microcontroller,CANDIDATE_ONLY_MANUAL_REVIEW_REQUIRED,Similarity does not establish duplication; preserve both original entries
P1081,1083,How to interface RFID with AVR microcontroller (ATmega16),P1864,1866,Interfacing Stepper Motor with AVR Microcontroller Atmega16,0.7692,0.3333,atmega16; avr; microcontroller,CANDIDATE_ONLY_MANUAL_REVIEW_REQUIRED,Similarity does not establish duplication; preserve both original entries
P0444,446,Multimeter with Atmel using Atmega8-16pu microcontroller,P2003,2005,Introduction to the Atmel ATmega16 Microcontroller,0.7692,0.2857,atmel; microcontroller,CANDIDATE_ONLY_MANUAL_REVIEW_REQUIRED,Similarity does not establish duplication; preserve both original entries
P0741,743,Color Tetris video game using ATMega32,P0743,745,The Contender video game using Atmel Mega32,0.7692,0.25,game; video,CANDIDATE_ONLY_MANUAL_REVIEW_REQUIRED,Similarity does not establish duplication; preserve both original entries
P0467,469,Interfacing DRAM Memory using AVR microcontroller,P1996,1998,Interfacing Servo Motor with Atmega32 Microcontroller,0.7692,0.25,interfacing; microcontroller,CANDIDATE_ONLY_MANUAL_REVIEW_REQUIRED,Similarity does not establish duplication; preserve both original entries
P2070,2072,Dual Thermometer using ATmega8515 with Proteus Simulation,P2075,2077,Temperature Meter using ATmega16 with Proteus Simulation,0.7692,0.25,proteus; simulation,CANDIDATE_ONLY_MANUAL_REVIEW_REQUIRED,Similarity does not establish duplication; preserve both original entries
P0325,327,PCM Audio Based Door Bell using Atmega32 microcontroller,P0586,588,Air-Mouse using ATmega32 microcontroller,0.7692,0.25,atmega32; microcontroller,CANDIDATE_ONLY_MANUAL_REVIEW_REQUIRED,Similarity does not establish duplication; preserve both original entries
P0609,611,Evertool using ATmega16 microcontroller,P0616,618,The WhereAVR using ATmega8 microcontroller,0.7692,0.2,microcontroller,CANDIDATE_ONLY_MANUAL_REVIEW_REQUIRED,Similarity does not establish duplication; preserve both original entries
P1197,1199,Temperature Measurement using LM35 and AVR Microcontroller,P1410,1412,Power factor measurement using Atmel AVR Micro-Controllers,0.7692,0.2,avr; measurement,CANDIDATE_ONLY_MANUAL_REVIEW_REQUIRED,Similarity does not establish duplication; preserve both original entries
P0609,611,Evertool using ATmega16 microcontroller,P1288,1290,Stepper motor control with an ATmega8 microcontroller,0.7692,0.1667,microcontroller,CANDIDATE_ONLY_MANUAL_REVIEW_REQUIRED,Similarity does not establish duplication; preserve both original entries
P0444,446,Multimeter with Atmel using Atmega8-16pu microcontroller,P0609,611,Evertool using ATmega16 microcontroller,0.7692,0.1429,microcontroller,CANDIDATE_ONLY_MANUAL_REVIEW_REQUIRED,Similarity does not establish duplication; preserve both original entries
P0322,324,Easy Breadboarding using ATMega microcontroller,P0379,381,Ear Trainer using ATMega644 microcontroller,0.7692,0.1429,microcontroller,CANDIDATE_ONLY_MANUAL_REVIEW_REQUIRED,Similarity does not establish duplication; preserve both original entries
P0539,541,AvrPhone using ATmega128 microcontroller,P0569,571,AVR LCD menu routine using ATmega8 microcontroller,0.7692,0.125,microcontroller,CANDIDATE_ONLY_MANUAL_REVIEW_REQUIRED,Similarity does not establish duplication; preserve both original entries
P0569,571,AVR LCD menu routine using ATmega8 microcontroller,P0586,588,Air-Mouse using ATmega32 microcontroller,0.7692,0.1111,microcontroller,CANDIDATE_ONLY_MANUAL_REVIEW_REQUIRED,Similarity does not establish duplication; preserve both original entries
P1390,1392,Nokia5110 graphical display interfacing with AVR ATmega16/ATmega32,P2007,2009,7-Segment Display Interfacing with AVR ATmega16/ATmega32,0.7679,0.625,atmega16; atmega32; avr; display; interfacing,CANDIDATE_ONLY_MANUAL_REVIEW_REQUIRED,Similarity does not establish duplication; preserve both original entries
P1676,1678,Interfacing 8051 Microcontroller With Lcd in 4-bit Mode,P1867,1869,Interfacing 16×2 LCD with Atmega16 AVR Microcontroller in 4-Bit Mode,0.7679,0.5556,bit; interfacing; lcd; microcontroller; mode,CANDIDATE_ONLY_MANUAL_REVIEW_REQUIRED,Similarity does not establish duplication; preserve both original entries
P1676,1678,Interfacing 8051 Microcontroller With Lcd in 4-bit Mode,P1994,1996,Interfacing LCD 16×2 with ATMEGA32 AVR Microcontroller in 4-bit mode,0.7679,0.5556,bit; interfacing; lcd; microcontroller; mode,CANDIDATE_ONLY_MANUAL_REVIEW_REQUIRED,Similarity does not establish duplication; preserve both original entries
P1676,1678,Interfacing 8051 Microcontroller With Lcd in 4-bit Mode,P1677,1679,Interfacing 8051 Microcntroller With 16*2 Lcd in Proteus Simulation,0.7679,0.3333,8051; interfacing; lcd,CANDIDATE_ONLY_MANUAL_REVIEW_REQUIRED,Similarity does not establish duplication; preserve both original entries
P0161,163,Direction Aware Messaging LED Spin Top,P0186,188,Direction Aware Messaging LED Spin Top using Tiny44 microcontroller,0.7677,0.75,aware; direction; led; messaging; spin; top,CANDIDATE_ONLY_MANUAL_REVIEW_REQUIRED,Similarity does not establish duplication; preserve both original entries
P1069,1071,How to interface LED with AVR Microcontroller (ATmega16),P1214,1216,How to interface RFID with AVR ATmega32 microcontroller,0.7677,0.5,avr; how; interface; microcontroller,CANDIDATE_ONLY_MANUAL_REVIEW_REQUIRED,Similarity does not establish duplication; preserve both original entries
P1193,1195,Touch Keypad Interfacing with ATmega32 Microcontroller,P1868,1870,Rotary Encoder Interfacing with ATmega8 Microcontroller,0.7677,0.25,interfacing; microcontroller,CANDIDATE_ONLY_MANUAL_REVIEW_REQUIRED,Similarity does not establish duplication; preserve both original entries
P0344,346,AVR Based Operating System using ATMega32 microcontroller,P0378,380,AVR Data Logger with MicroSD using ATmega32 microcontroller,0.7674,0.4286,atmega32; avr; microcontroller,CANDIDATE_ONLY_MANUAL_REVIEW_REQUIRED,Similarity does not establish duplication; preserve both original entries
P0295,297,Experimental board using ATTiny2313 microcontroller,P0315,317,Beamer Control using attiny2313 microcontroller,0.7674,0.4,attiny2313; microcontroller,CANDIDATE_ONLY_MANUAL_REVIEW_REQUIRED,Similarity does not establish duplication; preserve both original entries
P0300,302,VGA monitor tester using ATTiny2313 microcontroller,P0315,317,Beamer Control using attiny2313 microcontroller,0.7674,0.3333,attiny2313; microcontroller,CANDIDATE_ONLY_MANUAL_REVIEW_REQUIRED,Similarity does not establish duplication; preserve both original entries
P0368,370,Clever Clapper using ATtiny2313 microcontroller,P0412,414,USB AVR programmer using ATtiny2313 microcontroller,0.7674,0.2857,attiny2313; microcontroller,CANDIDATE_ONLY_MANUAL_REVIEW_REQUIRED,Similarity does not establish duplication; preserve both original entries
P1193,1195,Touch Keypad Interfacing with ATmega32 Microcontroller,P1204,1206,LED Blinking with ATmega32 Microcontroller,0.7674,0.2857,atmega32; microcontroller,CANDIDATE_ONLY_MANUAL_REVIEW_REQUIRED,Similarity does not establish duplication; preserve both original entries
P0584,586,RFID security system using ATmega32 microcontroller,P1996,1998,Interfacing Servo Motor with Atmega32 Microcontroller,0.7674,0.2857,atmega32; microcontroller,CANDIDATE_ONLY_MANUAL_REVIEW_REQUIRED,Similarity does not establish duplication; preserve both original entries
P1077,1079,How to disable JTAG of AVR microcontroller,P1422,1424,How to work with the ADC unit of an AVR Micro-controller,0.7674,0.2222,avr; how,CANDIDATE_ONLY_MANUAL_REVIEW_REQUIRED,Similarity does not establish duplication; preserve both original entries
P0286,288,Development Board With LCD using Atmega16 microcontrollers,P0462,464,89Sxx Development Board using microcontroller,0.7674,0.1667,board,CANDIDATE_ONLY_MANUAL_REVIEW_REQUIRED,Similarity does not establish duplication; preserve both original entries
P0030,32,Ultrasonic range finder using ATMega8515,P1254,1256,Ultrasonic range-finder with haptic feedback,0.7671,0.5,finder; range; ultrasonic,CANDIDATE_ONLY_MANUAL_REVIEW_REQUIRED,Similarity does not establish duplication; preserve both original entries
P1589,1591,MICROCONTROLLER CONTROLLED METAL DETECTOR PROJECTS,P1622,1624,MICROCONTROLLER CONTROLLED ROBOT PROJECTS,0.7671,0.4,controlled; microcontroller,CANDIDATE_ONLY_MANUAL_REVIEW_REQUIRED,Similarity does not establish duplication; preserve both original entries
P0322,324,Easy Breadboarding using ATMega microcontroller,P0616,618,The WhereAVR using ATmega8 microcontroller,0.7671,0.1667,microcontroller,CANDIDATE_ONLY_MANUAL_REVIEW_REQUIRED,Similarity does not establish duplication; preserve both original entries
P0532,534,AttoBasic HOME using Atmega168 microcontroller,P0609,611,Evertool using ATmega16 microcontroller,0.7671,0.1667,microcontroller,CANDIDATE_ONLY_MANUAL_REVIEW_REQUIRED,Similarity does not establish duplication; preserve both original entries
P0534,536,AVR mod player using ATmega325 microcontroller,P0617,619,HVProg using ATmega8535 microcontroller,0.7671,0.1429,microcontroller,CANDIDATE_ONLY_MANUAL_REVIEW_REQUIRED,Similarity does not establish duplication; preserve both original entries
P0544,546,MP3 Player using ATMega128 microcontroller,P0615,617,Video Overlay using ATmega8 microcontroller,0.7671,0.1429,microcontroller,CANDIDATE_ONLY_MANUAL_REVIEW_REQUIRED,Similarity does not establish duplication; preserve both original entries
P0023,25,CNC Update 2 Using atmega32 microcontroller,P0544,546,MP3 Player using ATMega128 microcontroller,0.7671,0.1429,microcontroller,CANDIDATE_ONLY_MANUAL_REVIEW_REQUIRED,Similarity does not establish duplication; preserve both original entries
P0616,618,The WhereAVR using ATmega8 microcontroller,P1202,1204,Power LED Dimmer using ATmega32 Microcontroller,0.7671,0.1429,microcontroller,CANDIDATE_ONLY_MANUAL_REVIEW_REQUIRED,Similarity does not establish duplication; preserve both original entries
P0705,707,Space Fighter Video Game Using ATMega32,P0750,752,Reversi Video Game Using ATmega32,0.7667,0.5,atmega32; game; video,CANDIDATE_ONLY_MANUAL_REVIEW_REQUIRED,Similarity does not establish duplication; preserve both original entries
P1086,1088,Display custom characters on LCD using AVR Microcontroller (ATmega16),P1087,1089,How to display text on 16×2 LCD using AVR microcontroller (ATmega16),0.7667,0.5,atmega16; avr; display; lcd; microcontroller,CANDIDATE_ONLY_MANUAL_REVIEW_REQUIRED,Similarity does not establish duplication; preserve both original entries
P0310,312,LC Meter using AVR microcontroller,P0311,313,Oscilloscope using AVR microcontroller,0.7667,0.5,avr; microcontroller,CANDIDATE_ONLY_MANUAL_REVIEW_REQUIRED,Similarity does not establish duplication; preserve both original entries
P0392,394,PC Controlled Robot using ATmega32,P0827,829,Music-controlled Puppet Using Atmega32,0.7667,0.4,atmega32; controlled,CANDIDATE_ONLY_MANUAL_REVIEW_REQUIRED,Similarity does not establish duplication; preserve both original entries
P0719,721,Dual control RC car using Atmel Mega32,P0817,819,iPod controller Using Atmel Mega32,0.7667,0.4,atmel; mega32,CANDIDATE_ONLY_MANUAL_REVIEW_REQUIRED,Similarity does not establish duplication; preserve both original entries
P0826,828,Line-following car Using atmega32,P0945,947,LED-Following K'NEX Car Using atmega644,0.7667,0.2857,car; following,CANDIDATE_ONLY_MANUAL_REVIEW_REQUIRED,Similarity does not establish duplication; preserve both original entries
P0744,746,Duckhunt video game using Atmel Mega32,P0828,830,TouchPad video game Using Atmega32,0.7667,0.2857,game; video,CANDIDATE_ONLY_MANUAL_REVIEW_REQUIRED,Similarity does not establish duplication; preserve both original entries
P0743,745,The Contender video game using Atmel Mega32,P0750,752,Reversi Video Game Using ATmega32,0.7667,0.2857,game; video,CANDIDATE_ONLY_MANUAL_REVIEW_REQUIRED,Similarity does not establish duplication; preserve both original entries
P0316,318,Programmer using ATMEGA8 microcontroller,P1869,1871,ATMEGA328P Microcontroller,0.7667,0.25,microcontroller,CANDIDATE_ONLY_MANUAL_REVIEW_REQUIRED,Similarity does not establish duplication; preserve both original entries
P0647,649,RSS Reader using ATmega8 microcontroller,P1869,1871,ATMEGA328P Microcontroller,0.7667,0.2,microcontroller,CANDIDATE_ONLY_MANUAL_REVIEW_REQUIRED,Similarity does not establish duplication; preserve both original entries
P1012,1014,Acoustic Modem Using Atmega1284p,P1029,1031,Acoustic Impulse Marker Using Atmega1284,0.7667,0.1667,acoustic,CANDIDATE_ONLY_MANUAL_REVIEW_REQUIRED,Similarity does not establish duplication; preserve both original entries
P1272,1274,LM35 Temperature Sensor Interfacing with ATmega32 and LED Display,P1280,1282,4X4 Keypad Interfacing with ATmega32 and LED Display,0.7664,0.4444,atmega32; display; interfacing; led,CANDIDATE_ONLY_MANUAL_REVIEW_REQUIRED,Similarity does not establish duplication; preserve both original entries
P1188,1190,Light Intensity Measurement using LDR and AVR Microcontroller,P1197,1199,Temperature Measurement using LM35 and AVR Microcontroller,0.7664,0.375,avr; measurement; microcontroller,CANDIDATE_ONLY_MANUAL_REVIEW_REQUIRED,Similarity does not establish duplication; preserve both original entries
P1011,1013,A Moving Alarm Clock Using Atmega1284,P1943,1945,A Moving Alarm Clock,0.766,0.75,alarm; clock; moving,CANDIDATE_ONLY_MANUAL_REVIEW_REQUIRED,Similarity does not establish duplication; preserve both original entries
P1313,1315,Bluetooth based home automation,P1363,1365,ThiDom Home automation,0.766,0.5,automation; home,CANDIDATE_ONLY_MANUAL_REVIEW_REQUIRED,Similarity does not establish duplication; preserve both original entries
P1193,1195,Touch Keypad Interfacing with ATmega32 Microcontroller,P1287,1289,Interfacing DC Motor with Atmega32 Microcontroller,0.766,0.5,atmega32; interfacing; microcontroller,CANDIDATE_ONLY_MANUAL_REVIEW_REQUIRED,Similarity does not establish duplication; preserve both original entries
P1991,1993,4×4 Keypad Interfacing with ATmega32 Microcontroller,P1996,1998,Interfacing Servo Motor with Atmega32 Microcontroller,0.766,0.5,atmega32; interfacing; microcontroller,CANDIDATE_ONLY_MANUAL_REVIEW_REQUIRED,Similarity does not establish duplication; preserve both original entries
P1419,1421,Keypad Door Lock using AVR Microcontroller – Atmega16,P1857,1859,Interfacing DC Motor with AVR Microcontroller Atmega16,0.766,0.375,atmega16; avr; microcontroller,CANDIDATE_ONLY_MANUAL_REVIEW_REQUIRED,Similarity does not establish duplication; preserve both original entries
P0008,10,Generating AUDIO ECHO using Atmega32 microcontroller,P1996,1998,Interfacing Servo Motor with Atmega32 Microcontroller,0.766,0.25,atmega32; microcontroller,CANDIDATE_ONLY_MANUAL_REVIEW_REQUIRED,Similarity does not establish duplication; preserve both original entries
P0303,305,A multifunction digital meter using Atmega128 microcontroller,P0459,461,Digital Telemetry using ATMega8 microcontroller,0.766,0.1667,microcontroller,CANDIDATE_ONLY_MANUAL_REVIEW_REQUIRED,Similarity does not establish duplication; preserve both original entries
P1061,1063,Interfacing SD Card with AVR Microcontroller,P1309,1311,DS1307 RTC Interfacing with AVR microcontroller,0.7654,0.5,avr; interfacing; microcontroller,CANDIDATE_ONLY_MANUAL_REVIEW_REQUIRED,Similarity does not establish duplication; preserve both original entries
P1202,1204,Power LED Dimmer using ATmega32 Microcontroller,P2052,2054,DIY 3D LED Cube Using ATmega32 Microcontroller,0.7654,0.4286,atmega32; led; microcontroller,CANDIDATE_ONLY_MANUAL_REVIEW_REQUIRED,Similarity does not establish duplication; preserve both original entries
P0141,143,Stripboard Arduino using ATMega168 microcontroller,P0604,606,The Prototino™ using ATmega168 microcontroller,0.7654,0.4,atmega168; microcontroller,CANDIDATE_ONLY_MANUAL_REVIEW_REQUIRED,Similarity does not establish duplication; preserve both original entries
P0315,317,Beamer Control using attiny2313 microcontroller,P0319,321,Kitchen Timer using ATTiny2313 microcontroller,0.7654,0.4,attiny2313; microcontroller,CANDIDATE_ONLY_MANUAL_REVIEW_REQUIRED,Similarity does not establish duplication; preserve both original entries
P0319,321,Kitchen Timer using ATTiny2313 microcontroller,P0572,574,AVR Programmer using ATTINY2313 microcontroller,0.7654,0.3333,attiny2313; microcontroller,CANDIDATE_ONLY_MANUAL_REVIEW_REQUIRED,Similarity does not establish duplication; preserve both original entries
P0354,356,AVR Switch Timer using ATmega8 Microcontroller,P0459,461,Digital Telemetry using ATMega8 microcontroller,0.7654,0.3333,atmega8; microcontroller,CANDIDATE_ONLY_MANUAL_REVIEW_REQUIRED,Similarity does not establish duplication; preserve both original entries
P0548,550,LED DOT Matrix Pong using ATMega16 Microcontroller,P0581,583,Wall of Pong using ATmega32 microcontroller,0.7654,0.25,microcontroller; pong,CANDIDATE_ONLY_MANUAL_REVIEW_REQUIRED,Similarity does not establish duplication; preserve both original entries
P0320,322,Tea Timer using ATTiny2313 microcontroller,P0431,433,PC Temperature Meter using ATtiny15 microcontroller,0.7654,0.1429,microcontroller,CANDIDATE_ONLY_MANUAL_REVIEW_REQUIRED,Similarity does not establish duplication; preserve both original entries
P0046,48,Box with a Music Lock using ATMega328P Microcontroller,P0426,428,Nixie Clock with AVR using ATmega48 microcontroller,0.7654,0.1111,microcontroller,CANDIDATE_ONLY_MANUAL_REVIEW_REQUIRED,Similarity does not establish duplication; preserve both original entries
P0057,59,USB PCB Business Card Using ATtiny85 Microcontroller,P0642,644,USB Sensors with ATtiny Microcontrollers,0.7654,0.1111,usb,CANDIDATE_ONLY_MANUAL_REVIEW_REQUIRED,Similarity does not establish duplication; preserve both original entries
P0534,536,AVR mod player using ATmega325 microcontroller,P1202,1204,Power LED Dimmer using ATmega32 Microcontroller,0.7654,0.1111,microcontroller,CANDIDATE_ONLY_MANUAL_REVIEW_REQUIRED,Similarity does not establish duplication; preserve both original entries
P1286,1288,Interfacing LCD with Atmega32 Microcontroller using Atmel Studio,P1994,1996,Interfacing LCD 16×2 with ATMEGA32 AVR Microcontroller in 4-bit mode,0.7652,0.4,atmega32; interfacing; lcd; microcontroller,CANDIDATE_ONLY_MANUAL_REVIEW_REQUIRED,Similarity does not establish duplication; preserve both original entries
P0709,711,Memory Video Game Using Atmel Mega32,P0759,761,Scorched Earth video game using Atmel Mega32,0.7647,0.5714,atmel; game; mega32; video,CANDIDATE_ONLY_MANUAL_REVIEW_REQUIRED,Similarity does not establish duplication; preserve both original entries
P1864,1866,Interfacing Stepper Motor with AVR Microcontroller Atmega16,P1996,1998,Interfacing Servo Motor with Atmega32 Microcontroller,0.7647,0.375,interfacing; microcontroller; motor,CANDIDATE_ONLY_MANUAL_REVIEW_REQUIRED,Similarity does not establish duplication; preserve both original entries
P0300,302,VGA monitor tester using ATTiny2313 microcontroller,P0381,383,DC Servomotor Controller System Meter using ATtiny2313 microcontroller,0.7647,0.2857,attiny2313; microcontroller,CANDIDATE_ONLY_MANUAL_REVIEW_REQUIRED,Similarity does not establish duplication; preserve both original entries
P0723,725,RoboDog using ATMega32,P0846,848,ROBOT ARM Using Atmega32,0.7647,0.25,atmega32,CANDIDATE_ONLY_MANUAL_REVIEW_REQUIRED,Similarity does not establish duplication; preserve both original entries
P0858,860,Intelligent wireless pedometer Using Atmega32,P1023,1025,Wireless Pedometer Using Atmega1284,0.7647,0.25,pedometer,CANDIDATE_ONLY_MANUAL_REVIEW_REQUIRED,Similarity does not establish duplication; preserve both original entries
P0544,546,MP3 Player using ATMega128 microcontroller,P0616,618,The WhereAVR using ATmega8 microcontroller,0.7647,0.1667,microcontroller,CANDIDATE_ONLY_MANUAL_REVIEW_REQUIRED,Similarity does not establish duplication; preserve both original entries
P0465,467,Ponyprog Circuit for ATMEL’S AVR using microcontroller,P0617,619,HVProg using ATmega8535 microcontroller,0.7647,0.1667,microcontroller,CANDIDATE_ONLY_MANUAL_REVIEW_REQUIRED,Similarity does not establish duplication; preserve both original entries
P0316,318,Programmer using ATMEGA8 microcontroller,P0586,588,Air-Mouse using ATmega32 microcontroller,0.7647,0.1667,microcontroller,CANDIDATE_ONLY_MANUAL_REVIEW_REQUIRED,Similarity does not establish duplication; preserve both original entries
P0539,541,AvrPhone using ATmega128 microcontroller,P0647,649,RSS Reader using ATmega8 microcontroller,0.7647,0.1667,microcontroller,CANDIDATE_ONLY_MANUAL_REVIEW_REQUIRED,Similarity does not establish duplication; preserve both original entries
P0324,326,AVR Based CRO using Atmega16 microcontroller,P0544,546,MP3 Player using ATMega128 microcontroller,0.7647,0.1429,microcontroller,CANDIDATE_ONLY_MANUAL_REVIEW_REQUIRED,Similarity does not establish duplication; preserve both original entries
P0041,43,Scientific Calculator using AVR Microcontroller,P0372,374,Speaking Calculator using AVR ATmega88 microcontroller,0.764,0.5,avr; calculator; microcontroller,CANDIDATE_ONLY_MANUAL_REVIEW_REQUIRED,Similarity does not establish duplication; preserve both original entries
P0141,143,Stripboard Arduino using ATMega168 microcontroller,P0593,595,Minimalist Arduino using ATMega328P microcontroller,0.764,0.3333,arduino; microcontroller,CANDIDATE_ONLY_MANUAL_REVIEW_REQUIRED,Similarity does not establish duplication; preserve both original entries
P0319,321,Kitchen Timer using ATTiny2313 microcontroller,P0537,539,DS interface test tool using ATtiny2313 microcontroller,0.764,0.2857,attiny2313; microcontroller,CANDIDATE_ONLY_MANUAL_REVIEW_REQUIRED,Similarity does not establish duplication; preserve both original entries
P0157,159,Programmable LED using Atmel ATtiny13v Microcontroller,P0572,574,AVR Programmer using ATTINY2313 microcontroller,0.764,0.125,microcontroller,CANDIDATE_ONLY_MANUAL_REVIEW_REQUIRED,Similarity does not establish duplication; preserve both original entries
P0739,741,Neural net robot using ATMega32,P0848,850,Neural Net Helicopter Using Atmega32,0.7636,0.6,atmega32; net; neural,CANDIDATE_ONLY_MANUAL_REVIEW_REQUIRED,Similarity does not establish duplication; preserve both original entries
P0739,741,Neural net robot using ATMega32,P0823,825,Evolving neural robot Using Atmega32,0.7636,0.6,atmega32; neural; robot,CANDIDATE_ONLY_MANUAL_REVIEW_REQUIRED,Similarity does not establish duplication; preserve both original entries
P1267,1269,Atmega 32u4 Based USB Musical Keyboard,P1268,1270,Atmega 32u4 Based USB Speaker,0.7636,0.5,32u4; atmega; usb,CANDIDATE_ONLY_MANUAL_REVIEW_REQUIRED,Similarity does not establish duplication; preserve both original entries
P0892,894,Digital Receipts System Using Atmega644,P0971,973,Digital Stethoscope Using Atmega644,0.7636,0.3333,atmega644,CANDIDATE_ONLY_MANUAL_REVIEW_REQUIRED,Similarity does not establish duplication; preserve both original entries
P0757,759,Star Duel video game Using Mega32,P0828,830,TouchPad video game Using Atmega32,0.7636,0.2857,game; video,CANDIDATE_ONLY_MANUAL_REVIEW_REQUIRED,Similarity does not establish duplication; preserve both original entries
P0751,753,Arkanoid Video Game using Atmega32,P0757,759,Star Duel video game Using Mega32,0.7636,0.2857,game; video,CANDIDATE_ONLY_MANUAL_REVIEW_REQUIRED,Similarity does not establish duplication; preserve both original entries
P0131,133,The Arduino LED Cube using LED microcontroller,P2052,2054,DIY 3D LED Cube Using ATmega32 Microcontroller,0.7632,0.5,cube; led; microcontroller,CANDIDATE_ONLY_MANUAL_REVIEW_REQUIRED,Similarity does not establish duplication; preserve both original entries
P0719,721,Dual control RC car using Atmel Mega32,P0805,807,Touch Screen Controlled R/C Car Using Atmel Mega32,0.7632,0.4286,atmel; car; mega32,CANDIDATE_ONLY_MANUAL_REVIEW_REQUIRED,Similarity does not establish duplication; preserve both original entries
P0586,588,Air-Mouse using ATmega32 microcontroller,P2047,2049,RFID-Based Security System with AVR ATmega32 Microcontroller,0.7632,0.2857,atmega32; microcontroller,CANDIDATE_ONLY_MANUAL_REVIEW_REQUIRED,Similarity does not establish duplication; preserve both original entries
P0586,588,Air-Mouse using ATmega32 microcontroller,P1237,1239,RFID based security system using AVR ATmega32 microcontroller,0.7632,0.2857,atmega32; microcontroller,CANDIDATE_ONLY_MANUAL_REVIEW_REQUIRED,Similarity does not establish duplication; preserve both original entries
P0426,428,Nixie Clock with AVR using ATmega48 microcontroller,P1186,1188,Alarm Clock using ATmega32 Microcontroller,0.7632,0.2857,clock; microcontroller,CANDIDATE_ONLY_MANUAL_REVIEW_REQUIRED,Similarity does not establish duplication; preserve both original entries
P0586,588,Air-Mouse using ATmega32 microcontroller,P2025,2027,RFID based security system using AVR ATmega32 microcontroller,0.7632,0.2857,atmega32; microcontroller,CANDIDATE_ONLY_MANUAL_REVIEW_REQUIRED,Similarity does not establish duplication; preserve both original entries
P0446,448,Atmel Test Card using ATmega32 microcontroller,P1186,1188,Alarm Clock using ATmega32 Microcontroller,0.7632,0.2857,atmega32; microcontroller,CANDIDATE_ONLY_MANUAL_REVIEW_REQUIRED,Similarity does not establish duplication; preserve both original entries
P0324,326,AVR Based CRO using Atmega16 microcontroller,P0548,550,LED DOT Matrix Pong using ATMega16 Microcontroller,0.7632,0.25,atmega16; microcontroller,CANDIDATE_ONLY_MANUAL_REVIEW_REQUIRED,Similarity does not establish duplication; preserve both original entries
P0200,202,The Household Informer using atmega168 microcontroller,P0616,618,The WhereAVR using ATmega8 microcontroller,0.7632,0.1667,microcontroller,CANDIDATE_ONLY_MANUAL_REVIEW_REQUIRED,Similarity does not establish duplication; preserve both original entries
P0570,572,Servo motor control using Atmega8 microcontroller,P0609,611,Evertool using ATmega16 microcontroller,0.7632,0.1667,microcontroller,CANDIDATE_ONLY_MANUAL_REVIEW_REQUIRED,Similarity does not establish duplication; preserve both original entries
P0091,93,Cellphone Operated Robot Using Microcontrollers,P1631,1633,Line Follower Robot using Microcontroller,0.7632,0.1429,robot,CANDIDATE_ONLY_MANUAL_REVIEW_REQUIRED,Similarity does not establish duplication; preserve both original entries
P0534,536,AVR mod player using ATmega325 microcontroller,P1186,1188,Alarm Clock using ATmega32 Microcontroller,0.7632,0.125,microcontroller,CANDIDATE_ONLY_MANUAL_REVIEW_REQUIRED,Similarity does not establish duplication; preserve both original entries
P0467,469,Interfacing DRAM Memory using AVR microcontroller,P1864,1866,Interfacing Stepper Motor with AVR Microcontroller Atmega16,0.7629,0.375,avr; interfacing; microcontroller,CANDIDATE_ONLY_MANUAL_REVIEW_REQUIRED,Similarity does not establish duplication; preserve both original entries
P1072,1074,Waveform Generation using AVR Microcontroller (Atmega16) Timers,P1092,1094,DIY – Waveform Generator using AVR Microcontroller,0.7629,0.375,avr; microcontroller; waveform,CANDIDATE_ONLY_MANUAL_REVIEW_REQUIRED,Similarity does not establish duplication; preserve both original entries
P0275,277,AVR acoustic spectrum analyzer using Atmega8 microcontroller,P0369,371,Mini Logic Analyzer using ATmega8 microcontroller,0.7629,0.375,analyzer; atmega8; microcontroller,CANDIDATE_ONLY_MANUAL_REVIEW_REQUIRED,Similarity does not establish duplication; preserve both original entries
P0063,65,Simple calculator using avr microcontroller Atmega16,P1858,1860,How to Use Hall Sensor with AVR Microcontroller ATmega16,0.7629,0.3333,atmega16; avr; microcontroller,CANDIDATE_ONLY_MANUAL_REVIEW_REQUIRED,Similarity does not establish duplication; preserve both original entries
P0366,368,AVR Based Mobile Phone using AVR ATmega128A microcontroller,P0403,405,AVR Compiler toolchain for MAC using ATmega8 microcontroller,0.7629,0.2222,avr; microcontroller,CANDIDATE_ONLY_MANUAL_REVIEW_REQUIRED,Similarity does not establish duplication; preserve both original entries
P0346,348,Modular User Interface System using ATMega88 microcontroller,P1868,1870,Rotary Encoder Interfacing with ATmega8 Microcontroller,0.7629,0.1111,microcontroller,CANDIDATE_ONLY_MANUAL_REVIEW_REQUIRED,Similarity does not establish duplication; preserve both original entries
P0144,146,Power Your Arduino From Your Car using AVR microcontroller,P0180,182,Power Your Arduino From Your Car,0.7619,0.6667,arduino; car; power; your,CANDIDATE_ONLY_MANUAL_REVIEW_REQUIRED,Similarity does not establish duplication; preserve both original entries
P0704,706,Frogger Video Game Using Atmel Mega32,P0744,746,Duckhunt video game using Atmel Mega32,0.7619,0.6667,atmel; game; mega32; video,CANDIDATE_ONLY_MANUAL_REVIEW_REQUIRED,Similarity does not establish duplication; preserve both original entries
P1080,1082,RFID interfacing with AVR microcontroller (ATmega16) using interrupts,P1857,1859,Interfacing DC Motor with AVR Microcontroller Atmega16,0.7619,0.5714,atmega16; avr; interfacing; microcontroller,CANDIDATE_ONLY_MANUAL_REVIEW_REQUIRED,Similarity does not establish duplication; preserve both original entries
P0418,420,Atmel avr usb programmer using ATMEGA8 microcontroller,P0456,458,Control Relay Card with USB port Atmel using Atmega8 microcontroller,0.7619,0.4444,atmega8; atmel; microcontroller; usb,CANDIDATE_ONLY_MANUAL_REVIEW_REQUIRED,Similarity does not establish duplication; preserve both original entries
P0300,302,VGA monitor tester using ATTiny2313 microcontroller,P0415,417,VGA Monitor adaptor using AVR microcontroller,0.7619,0.4286,microcontroller; monitor; vga,CANDIDATE_ONLY_MANUAL_REVIEW_REQUIRED,Similarity does not establish duplication; preserve both original entries
P0576,578,RFID Checkout System Design using ATmega644 microcontroller,P0584,586,RFID security system using ATmega32 microcontroller,0.7619,0.3333,microcontroller; rfid,CANDIDATE_ONLY_MANUAL_REVIEW_REQUIRED,Similarity does not establish duplication; preserve both original entries
P0436,438,8 Channel PWM using AVR microcontroller,P1187,1189,Fire Alarm System using AVR Microcontroller,0.7619,0.3333,avr; microcontroller,CANDIDATE_ONLY_MANUAL_REVIEW_REQUIRED,Similarity does not establish duplication; preserve both original entries
P0082,84,Bluetooth Based Smart Home using atmega8 microcontroller,P0532,534,AttoBasic HOME using Atmega168 microcontroller,0.7619,0.3333,home; microcontroller,CANDIDATE_ONLY_MANUAL_REVIEW_REQUIRED,Similarity does not establish duplication; preserve both original entries
P1062,1064,How to interface GPS with AVR microcontroller (ATmega16),P1386,1388,PIR motion sensor interface with AVR-microcontroller ATMEGA32,0.7619,0.3,avr; interface; microcontroller,CANDIDATE_ONLY_MANUAL_REVIEW_REQUIRED,Similarity does not establish duplication; preserve both original entries
P1069,1071,How to interface LED with AVR Microcontroller (ATmega16),P1386,1388,PIR motion sensor interface with AVR-microcontroller ATMEGA32,0.7619,0.3,avr; interface; microcontroller,CANDIDATE_ONLY_MANUAL_REVIEW_REQUIRED,Similarity does not establish duplication; preserve both original entries
P0142,144,LoveBox – The box of love using ATtiny2313 Microcontroller,P0314,316,Door Opener using ATTiny2313 microcontroller,0.7619,0.2857,attiny2313; microcontroller,CANDIDATE_ONLY_MANUAL_REVIEW_REQUIRED,Similarity does not establish duplication; preserve both original entries
P0008,10,Generating AUDIO ECHO using Atmega32 microcontroller,P0344,346,AVR Based Operating System using ATMega32 microcontroller,0.7619,0.2857,atmega32; microcontroller,CANDIDATE_ONLY_MANUAL_REVIEW_REQUIRED,Similarity does not establish duplication; preserve both original entries
P0605,607,Sensor Interfacing using ATmega8 microcontroller,P1309,1311,DS1307 RTC Interfacing with AVR microcontroller,0.7619,0.2857,interfacing; microcontroller,CANDIDATE_ONLY_MANUAL_REVIEW_REQUIRED,Similarity does not establish duplication; preserve both original entries
P0943,945,Ear Trainer Using Atmega644,P0959,961,Smart Trash system Using Atmega644,0.7619,0.25,atmega644,CANDIDATE_ONLY_MANUAL_REVIEW_REQUIRED,Similarity does not establish duplication; preserve both original entries
P0705,707,Space Fighter Video Game Using ATMega32,P0718,720,Digger video game using Atmel Mega32,0.7619,0.25,game; video,CANDIDATE_ONLY_MANUAL_REVIEW_REQUIRED,Similarity does not establish duplication; preserve both original entries
P0325,327,PCM Audio Based Door Bell using Atmega32 microcontroller,P2052,2054,DIY 3D LED Cube Using ATmega32 Microcontroller,0.7619,0.2222,atmega32; microcontroller,CANDIDATE_ONLY_MANUAL_REVIEW_REQUIRED,Similarity does not establish duplication; preserve both original entries
P0581,583,Wall of Pong using ATmega32 microcontroller,P1869,1871,ATMEGA328P Microcontroller,0.7619,0.2,microcontroller,CANDIDATE_ONLY_MANUAL_REVIEW_REQUIRED,Similarity does not establish duplication; preserve both original entries
P0023,25,CNC Update 2 Using atmega32 microcontroller,P1869,1871,ATMEGA328P Microcontroller,0.7619,0.2,microcontroller,CANDIDATE_ONLY_MANUAL_REVIEW_REQUIRED,Similarity does not establish duplication; preserve both original entries
P1204,1206,LED Blinking with ATmega32 Microcontroller,P1869,1871,ATMEGA328P Microcontroller,0.7619,0.2,microcontroller,CANDIDATE_ONLY_MANUAL_REVIEW_REQUIRED,Similarity does not establish duplication; preserve both original entries
P0316,318,Programmer using ATMEGA8 microcontroller,P1988,1990,Programming in the C language for the ATmega16 microcontroller,0.7619,0.1667,microcontroller,CANDIDATE_ONLY_MANUAL_REVIEW_REQUIRED,Similarity does not establish duplication; preserve both original entries
P0446,448,Atmel Test Card using ATmega32 microcontroller,P1981,1983,Simple Standalone ATMega328p Microcontroller,0.7619,0.125,microcontroller,CANDIDATE_ONLY_MANUAL_REVIEW_REQUIRED,Similarity does not establish duplication; preserve both original entries
P0255,257,How to use the Dragon Rider 500 with your AVR Dragon using ATtiny2313 microcontroller,P1640,1642,How to Use the Dragon Rider 500 With Your AVR Dragon,0.7611,0.7778,500; avr; dragon; how; rider; use; your,CANDIDATE_ONLY_MANUAL_REVIEW_REQUIRED,Similarity does not establish duplication; preserve both original entries
P0406,408,i2c interface to USB interface using attiny45 microcontroller,P0489,491,I2C Tiny USB using ATtiny45 microcontroller,0.7609,0.6667,attiny45; i2c; microcontroller; usb,CANDIDATE_ONLY_MANUAL_REVIEW_REQUIRED,Similarity does not establish duplication; preserve both original entries
P1156,1158,Interfacing 16X2 LCD to AVR Microcontroller,P1857,1859,Interfacing DC Motor with AVR Microcontroller Atmega16,0.7609,0.4286,avr; interfacing; microcontroller,CANDIDATE_ONLY_MANUAL_REVIEW_REQUIRED,Similarity does not establish duplication; preserve both original entries
P0290,292,50 MHz range frequency counter using ATtiny45 microcontroller,P0429,431,Frequency counter using AVR microcontroller,0.7609,0.4286,counter; frequency; microcontroller,CANDIDATE_ONLY_MANUAL_REVIEW_REQUIRED,Similarity does not establish duplication; preserve both original entries
P0407,409,80×32 LED matrix display using ATmega32 microcontroller,P0548,550,LED DOT Matrix Pong using ATMega16 Microcontroller,0.7609,0.3333,led; matrix; microcontroller,CANDIDATE_ONLY_MANUAL_REVIEW_REQUIRED,Similarity does not establish duplication; preserve both original entries
P0414,416,Midi Generator using ATtiny26-8PI microcontroller,P0554,556,DIY USB password generator using ATtiny Microcontroller,0.7609,0.2222,generator; microcontroller,CANDIDATE_ONLY_MANUAL_REVIEW_REQUIRED,Similarity does not establish duplication; preserve both original entries
P0459,461,Digital Telemetry using ATMega8 microcontroller,P0717,719,Digital voice recorder using Atmel Mega32 microcontroller,0.7609,0.1429,microcontroller,CANDIDATE_ONLY_MANUAL_REVIEW_REQUIRED,Similarity does not establish duplication; preserve both original entries
P0310,312,LC Meter using AVR microcontroller,P0460,462,RF Field Strength meter using AVR microcontroller,0.7606,0.6,avr; meter; microcontroller,CANDIDATE_ONLY_MANUAL_REVIEW_REQUIRED,Similarity does not establish duplication; preserve both original entries
P0743,745,The Contender video game using Atmel Mega32,P0759,761,Scorched Earth video game using Atmel Mega32,0.7606,0.5714,atmel; game; mega32; video,CANDIDATE_ONLY_MANUAL_REVIEW_REQUIRED,Similarity does not establish duplication; preserve both original entries
P0316,318,Programmer using ATMEGA8 microcontroller,P0615,617,Video Overlay using ATmega8 microcontroller,0.7606,0.4,atmega8; microcontroller,CANDIDATE_ONLY_MANUAL_REVIEW_REQUIRED,Similarity does not establish duplication; preserve both original entries
P0310,312,LC Meter using AVR microcontroller,P1195,1197,0-25V Digital Voltmeter using AVR Microcontroller,0.7606,0.4,avr; microcontroller,CANDIDATE_ONLY_MANUAL_REVIEW_REQUIRED,Similarity does not establish duplication; preserve both original entries
P0615,617,Video Overlay using ATmega8 microcontroller,P0647,649,RSS Reader using ATmega8 microcontroller,0.7606,0.3333,atmega8; microcontroller,CANDIDATE_ONLY_MANUAL_REVIEW_REQUIRED,Similarity does not establish duplication; preserve both original entries
P0041,43,Scientific Calculator using AVR Microcontroller,P1187,1189,Fire Alarm System using AVR Microcontroller,0.7606,0.3333,avr; microcontroller,CANDIDATE_ONLY_MANUAL_REVIEW_REQUIRED,Similarity does not establish duplication; preserve both original entries
P0271,273,Color Sensor using Atmega16 microcontroller,P0316,318,Programmer using ATMEGA8 microcontroller,0.7606,0.1667,microcontroller,CANDIDATE_ONLY_MANUAL_REVIEW_REQUIRED,Similarity does not establish duplication; preserve both original entries
P0379,381,Ear Trainer using ATMega644 microcontroller,P0539,541,AvrPhone using ATmega128 microcontroller,0.7606,0.1667,microcontroller,CANDIDATE_ONLY_MANUAL_REVIEW_REQUIRED,Similarity does not establish duplication; preserve both original entries
P0344,346,AVR Based Operating System using ATMega32 microcontroller,P0609,611,Evertool using ATmega16 microcontroller,0.7606,0.1667,microcontroller,CANDIDATE_ONLY_MANUAL_REVIEW_REQUIRED,Similarity does not establish duplication; preserve both original entries
P0379,381,Ear Trainer using ATMega644 microcontroller,P0586,588,Air-Mouse using ATmega32 microcontroller,0.7606,0.1429,microcontroller,CANDIDATE_ONLY_MANUAL_REVIEW_REQUIRED,Similarity does not establish duplication; preserve both original entries
P0271,273,Color Sensor using Atmega16 microcontroller,P0586,588,Air-Mouse using ATmega32 microcontroller,0.7606,0.1429,microcontroller,CANDIDATE_ONLY_MANUAL_REVIEW_REQUIRED,Similarity does not establish duplication; preserve both original entries
P0379,381,Ear Trainer using ATMega644 microcontroller,P0647,649,RSS Reader using ATmega8 microcontroller,0.7606,0.1429,microcontroller,CANDIDATE_ONLY_MANUAL_REVIEW_REQUIRED,Similarity does not establish duplication; preserve both original entries
P0271,273,Color Sensor using Atmega16 microcontroller,P0647,649,RSS Reader using ATmega8 microcontroller,0.7606,0.1429,microcontroller,CANDIDATE_ONLY_MANUAL_REVIEW_REQUIRED,Similarity does not establish duplication; preserve both original entries
P1862,1864,Line Follower Robot using AVR Microcontroller ATmega16,P1866,1868,Interfacing Servo Motor with AVR Microcontroller Atmega16,0.76,0.3333,atmega16; avr; microcontroller,CANDIDATE_ONLY_MANUAL_REVIEW_REQUIRED,Similarity does not establish duplication; preserve both original entries
P0372,374,Speaking Calculator using AVR ATmega88 microcontroller,P0552,554,Prime Calculator is Complete using ATMega8 Microcontroller,0.76,0.25,calculator; microcontroller,CANDIDATE_ONLY_MANUAL_REVIEW_REQUIRED,Similarity does not establish duplication; preserve both original entries
P0299,301,Digital oscilloscope GLCD using Atmega32 microcontroller,P2036,2038,Graphical LCD Oscilloscope using ATmega16Microcontroller,0.76,0.1429,oscilloscope,CANDIDATE_ONLY_MANUAL_REVIEW_REQUIRED,Similarity does not establish duplication; preserve both original entries
P0390,392,PS2 Keyboard Interface with AVR MCU using ATmega8 microcontroller,P1991,1993,4×4 Keypad Interfacing with ATmega32 Microcontroller,0.76,0.1,microcontroller,CANDIDATE_ONLY_MANUAL_REVIEW_REQUIRED,Similarity does not establish duplication; preserve both original entries
P0586,588,Air-Mouse using ATmega32 microcontroller,P1287,1289,Interfacing DC Motor with Atmega32 Microcontroller,0.7595,0.3333,atmega32; microcontroller,CANDIDATE_ONLY_MANUAL_REVIEW_REQUIRED,Similarity does not establish duplication; preserve both original entries
P0271,273,Color Sensor using Atmega16 microcontroller,P1323,1325,Digital Clock using AVR Atmega16 Microcontroller,0.7595,0.3333,atmega16; microcontroller,CANDIDATE_ONLY_MANUAL_REVIEW_REQUIRED,Similarity does not establish duplication; preserve both original entries
P0605,607,Sensor Interfacing using ATmega8 microcontroller,P0615,617,Video Overlay using ATmega8 microcontroller,0.7595,0.3333,atmega8; microcontroller,CANDIDATE_ONLY_MANUAL_REVIEW_REQUIRED,Similarity does not establish duplication; preserve both original entries
P0584,586,RFID security system using ATmega32 microcontroller,P1202,1204,Power LED Dimmer using ATmega32 Microcontroller,0.7595,0.2857,atmega32; microcontroller,CANDIDATE_ONLY_MANUAL_REVIEW_REQUIRED,Similarity does not establish duplication; preserve both original entries
P0605,607,Sensor Interfacing using ATmega8 microcontroller,P1204,1206,LED Blinking with ATmega32 Microcontroller,0.7595,0.1429,microcontroller,CANDIDATE_ONLY_MANUAL_REVIEW_REQUIRED,Similarity does not establish duplication; preserve both original entries
P0379,381,Ear Trainer using ATMega644 microcontroller,P0605,607,Sensor Interfacing using ATmega8 microcontroller,0.7595,0.1429,microcontroller,CANDIDATE_ONLY_MANUAL_REVIEW_REQUIRED,Similarity does not establish duplication; preserve both original entries
P0087,89,Stepper motor Driver Using AT2313 microcontroller,P0177,179,Drive a Stepper Motor with an AVR Microprocessor using ATTiny2313 microcontroller,0.7593,0.3333,microcontroller; motor; stepper,CANDIDATE_ONLY_MANUAL_REVIEW_REQUIRED,Similarity does not establish duplication; preserve both original entries
P0750,752,Reversi Video Game Using ATmega32,P0776,778,Nova Strike video game Using Atmega32,0.7586,0.5,atmega32; game; video,CANDIDATE_ONLY_MANUAL_REVIEW_REQUIRED,Similarity does not establish duplication; preserve both original entries
P1100,1102,Variable Power Supply with LCD,P1468,1470,ADJUSTABLE POWER SUPPLY CIRCUIT 0 30V LCD,0.7586,0.5,lcd; power; supply,CANDIDATE_ONLY_MANUAL_REVIEW_REQUIRED,Similarity does not establish duplication; preserve both original entries
P0310,312,LC Meter using AVR microcontroller,P1187,1189,Fire Alarm System using AVR Microcontroller,0.7586,0.4,avr; microcontroller,CANDIDATE_ONLY_MANUAL_REVIEW_REQUIRED,Similarity does not establish duplication; preserve both original entries
P2074,2076,I/O Expander with 8255A using ATmega16 with Proteus Simulation,P2076,2078,AVR Based 8-bit DAC using ATmega16 with Proteus Simulation,0.7586,0.375,atmega16; proteus; simulation,CANDIDATE_ONLY_MANUAL_REVIEW_REQUIRED,Similarity does not establish duplication; preserve both original entries
P2062,2064,ATMEGA4809: An Advanced Microcontroller for the Modern Era,P2063,2065,The ATmega1280: An Advanced 8-Bit Microcontroller,0.7586,0.2857,advanced; microcontroller,CANDIDATE_ONLY_MANUAL_REVIEW_REQUIRED,Similarity does not establish duplication; preserve both original entries
P1061,1063,Interfacing SD Card with AVR Microcontroller,P1996,1998,Interfacing Servo Motor with Atmega32 Microcontroller,0.7586,0.2857,interfacing; microcontroller,CANDIDATE_ONLY_MANUAL_REVIEW_REQUIRED,Similarity does not establish duplication; preserve both original entries
P0142,144,LoveBox – The box of love using ATtiny2313 Microcontroller,P0368,370,Clever Clapper using ATtiny2313 microcontroller,0.7586,0.2857,attiny2313; microcontroller,CANDIDATE_ONLY_MANUAL_REVIEW_REQUIRED,Similarity does not establish duplication; preserve both original entries
P0344,346,AVR Based Operating System using ATMega32 microcontroller,P1193,1195,Touch Keypad Interfacing with ATmega32 Microcontroller,0.7586,0.2857,atmega32; microcontroller,CANDIDATE_ONLY_MANUAL_REVIEW_REQUIRED,Similarity does not establish duplication; preserve both original entries
P0757,759,Star Duel video game Using Mega32,P0776,778,Nova Strike video game Using Atmega32,0.7586,0.25,game; video,CANDIDATE_ONLY_MANUAL_REVIEW_REQUIRED,Similarity does not establish duplication; preserve both original entries
P0134,136,Led dimmer 2 channels using Attiny13 microcontroller,P0551,553,LED Dog Collar using ATTINY2313 Microcontroller,0.7586,0.25,led; microcontroller,CANDIDATE_ONLY_MANUAL_REVIEW_REQUIRED,Similarity does not establish duplication; preserve both original entries
P0314,316,Door Opener using ATTiny2313 microcontroller,P0438,440,Morse Code Alarm Clock using ATtiny2313 microcontroller,0.7586,0.25,attiny2313; microcontroller,CANDIDATE_ONLY_MANUAL_REVIEW_REQUIRED,Similarity does not establish duplication; preserve both original entries
P0324,326,AVR Based CRO using Atmega16 microcontroller,P1869,1871,ATMEGA328P Microcontroller,0.7586,0.2,microcontroller,CANDIDATE_ONLY_MANUAL_REVIEW_REQUIRED,Similarity does not establish duplication; preserve both original entries
P0163,165,Development system for PIC and AVR microcontrollers,P0286,288,Development Board With LCD using Atmega16 microcontrollers,0.7586,0.1667,microcontrollers,CANDIDATE_ONLY_MANUAL_REVIEW_REQUIRED,Similarity does not establish duplication; preserve both original entries
P0134,136,Led dimmer 2 channels using Attiny13 microcontroller,P0315,317,Beamer Control using attiny2313 microcontroller,0.7586,0.1429,microcontroller,CANDIDATE_ONLY_MANUAL_REVIEW_REQUIRED,Similarity does not establish duplication; preserve both original entries
P0330,332,Helianthus: The Solar Tracking System using ATmega16 microcontroller,P0379,381,Ear Trainer using ATMega644 microcontroller,0.7586,0.125,microcontroller,CANDIDATE_ONLY_MANUAL_REVIEW_REQUIRED,Similarity does not establish duplication; preserve both original entries
P0134,136,Led dimmer 2 channels using Attiny13 microcontroller,P0368,370,Clever Clapper using ATtiny2313 microcontroller,0.7586,0.125,microcontroller,CANDIDATE_ONLY_MANUAL_REVIEW_REQUIRED,Similarity does not establish duplication; preserve both original entries
P0366,368,AVR Based Mobile Phone using AVR ATmega128A microcontroller,P0532,534,AttoBasic HOME using Atmega168 microcontroller,0.7586,0.125,microcontroller,CANDIDATE_ONLY_MANUAL_REVIEW_REQUIRED,Similarity does not establish duplication; preserve both original entries
P0314,316,Door Opener using ATTiny2313 microcontroller,P0381,383,DC Servomotor Controller System Meter using ATtiny2313 microcontroller,0.7579,0.3333,attiny2313; microcontroller,CANDIDATE_ONLY_MANUAL_REVIEW_REQUIRED,Similarity does not establish duplication; preserve both original entries
P0568,570,Simplified AVR LCD routines using ATmega8 microcontroller,P1981,1983,Simple Standalone ATMega328p Microcontroller,0.7579,0.1111,microcontroller,CANDIDATE_ONLY_MANUAL_REVIEW_REQUIRED,Similarity does not establish duplication; preserve both original entries
P1198,1200,0-99 Counter using AVR Microcontroller,P1322,1324,Volt-Amp meter using AVR microcontroller,0.7576,0.3333,avr; microcontroller,CANDIDATE_ONLY_MANUAL_REVIEW_REQUIRED,Similarity does not establish duplication; preserve both original entries
P0310,312,LC Meter using AVR microcontroller,P0328,330,8 LED Knight Rider using AVR microcontroller,0.7576,0.3333,avr; microcontroller,CANDIDATE_ONLY_MANUAL_REVIEW_REQUIRED,Similarity does not establish duplication; preserve both original entries
P0586,588,Air-Mouse using ATmega32 microcontroller,P0616,618,The WhereAVR using ATmega8 microcontroller,0.7576,0.1667,microcontroller,CANDIDATE_ONLY_MANUAL_REVIEW_REQUIRED,Similarity does not establish duplication; preserve both original entries
P0316,318,Programmer using ATMEGA8 microcontroller,P0324,326,AVR Based CRO using Atmega16 microcontroller,0.7576,0.1667,microcontroller,CANDIDATE_ONLY_MANUAL_REVIEW_REQUIRED,Similarity does not establish duplication; preserve both original entries
P0324,326,AVR Based CRO using Atmega16 microcontroller,P0647,649,RSS Reader using ATmega8 microcontroller,0.7576,0.1429,microcontroller,CANDIDATE_ONLY_MANUAL_REVIEW_REQUIRED,Similarity does not establish duplication; preserve both original entries
P0021,23,Simple PWM DC motor control using MOSFET H-Bridge with AVR ATmega8,P1223,1225,PWM Motor Driver with MOSFET H-Bridge and AVR ATmega8,0.7573,0.75,atmega8; avr; bridge; mosfet; motor; pwm,CANDIDATE_ONLY_MANUAL_REVIEW_REQUIRED,Similarity does not establish duplication; preserve both original entries
P1069,1071,How to interface LED with AVR Microcontroller (ATmega16),P1076,1078,How to interface LCD in 4 bit mode with AVR microcontroller,0.7573,0.4444,avr; how; interface; microcontroller,CANDIDATE_ONLY_MANUAL_REVIEW_REQUIRED,Similarity does not establish duplication; preserve both original entries
P1068,1070,How to interface keypad with AVR microcontroller (ATmega16),P1858,1860,How to Use Hall Sensor with AVR Microcontroller ATmega16,0.7573,0.4444,atmega16; avr; how; microcontroller,CANDIDATE_ONLY_MANUAL_REVIEW_REQUIRED,Similarity does not establish duplication; preserve both original entries
P1062,1064,How to interface GPS with AVR microcontroller (ATmega16),P1864,1866,Interfacing Stepper Motor with AVR Microcontroller Atmega16,0.7573,0.3333,atmega16; avr; microcontroller,CANDIDATE_ONLY_MANUAL_REVIEW_REQUIRED,Similarity does not establish duplication; preserve both original entries
P1069,1071,How to interface LED with AVR Microcontroller (ATmega16),P1864,1866,Interfacing Stepper Motor with AVR Microcontroller Atmega16,0.7573,0.3333,atmega16; avr; microcontroller,CANDIDATE_ONLY_MANUAL_REVIEW_REQUIRED,Similarity does not establish duplication; preserve both original entries
P0324,326,AVR Based CRO using Atmega16 microcontroller,P1323,1325,Digital Clock using AVR Atmega16 Microcontroller,0.7568,0.6,atmega16; avr; microcontroller,CANDIDATE_ONLY_MANUAL_REVIEW_REQUIRED,Similarity does not establish duplication; preserve both original entries
P0767,769,Keypaw Using Atmel Mega32,P0772,774,Pong2 Using Atmel Mega32,0.7568,0.5,atmel; mega32,CANDIDATE_ONLY_MANUAL_REVIEW_REQUIRED,Similarity does not establish duplication; preserve both original entries
P0055,57,DIY TiX Clock using ATMEGA16 AVR microcontroller,P0324,326,AVR Based CRO using Atmega16 microcontroller,0.7568,0.4286,atmega16; avr; microcontroller,CANDIDATE_ONLY_MANUAL_REVIEW_REQUIRED,Similarity does not establish duplication; preserve both original entries
P0299,301,Digital oscilloscope GLCD using Atmega32 microcontroller,P0416,418,AVR LCD Microcontrolled Oscilloscope using ATmega32 microcontroller,0.7568,0.4286,atmega32; microcontroller; oscilloscope,CANDIDATE_ONLY_MANUAL_REVIEW_REQUIRED,Similarity does not establish duplication; preserve both original entries
P1064,1066,How to interface serial ADC0831 with AVR microcontroller (ATmega16),P1858,1860,How to Use Hall Sensor with AVR Microcontroller ATmega16,0.7568,0.4,atmega16; avr; how; microcontroller,CANDIDATE_ONLY_MANUAL_REVIEW_REQUIRED,Similarity does not establish duplication; preserve both original entries
P0316,318,Programmer using ATMEGA8 microcontroller,P0354,356,AVR Switch Timer using ATmega8 Microcontroller,0.7568,0.3333,atmega8; microcontroller,CANDIDATE_ONLY_MANUAL_REVIEW_REQUIRED,Similarity does not establish duplication; preserve both original entries
P0586,588,Air-Mouse using ATmega32 microcontroller,P1203,1205,Interfacing LCD with ATmega32 Microcontroller,0.7568,0.3333,atmega32; microcontroller,CANDIDATE_ONLY_MANUAL_REVIEW_REQUIRED,Similarity does not establish duplication; preserve both original entries
P1072,1074,Waveform Generation using AVR Microcontroller (Atmega16) Timers,P1080,1082,RFID interfacing with AVR microcontroller (ATmega16) using interrupts,0.7568,0.3333,atmega16; avr; microcontroller,CANDIDATE_ONLY_MANUAL_REVIEW_REQUIRED,Similarity does not establish duplication; preserve both original entries
P0584,586,RFID security system using ATmega32 microcontroller,P1186,1188,Alarm Clock using ATmega32 Microcontroller,0.7568,0.3333,atmega32; microcontroller,CANDIDATE_ONLY_MANUAL_REVIEW_REQUIRED,Similarity does not establish duplication; preserve both original entries
P0446,448,Atmel Test Card using ATmega32 microcontroller,P0586,588,Air-Mouse using ATmega32 microcontroller,0.7568,0.2857,atmega32; microcontroller,CANDIDATE_ONLY_MANUAL_REVIEW_REQUIRED,Similarity does not establish duplication; preserve both original entries
P0316,318,Programmer using ATMEGA8 microcontroller,P0532,534,AttoBasic HOME using Atmega168 microcontroller,0.7568,0.1667,microcontroller,CANDIDATE_ONLY_MANUAL_REVIEW_REQUIRED,Similarity does not establish duplication; preserve both original entries
P0379,381,Ear Trainer using ATMega644 microcontroller,P0604,606,The Prototino™ using ATmega168 microcontroller,0.7568,0.1667,microcontroller,CANDIDATE_ONLY_MANUAL_REVIEW_REQUIRED,Similarity does not establish duplication; preserve both original entries
P0319,321,Kitchen Timer using ATTiny2313 microcontroller,P0594,596,Batwatch using ATtiny13V microcontroller,0.7568,0.1667,microcontroller,CANDIDATE_ONLY_MANUAL_REVIEW_REQUIRED,Similarity does not establish duplication; preserve both original entries
P0616,618,The WhereAVR using ATmega8 microcontroller,P1237,1239,RFID based security system using AVR ATmega32 microcontroller,0.7568,0.1429,microcontroller,CANDIDATE_ONLY_MANUAL_REVIEW_REQUIRED,Similarity does not establish duplication; preserve both original entries
P0616,618,The WhereAVR using ATmega8 microcontroller,P2047,2049,RFID-Based Security System with AVR ATmega32 Microcontroller,0.7568,0.1429,microcontroller,CANDIDATE_ONLY_MANUAL_REVIEW_REQUIRED,Similarity does not establish duplication; preserve both original entries
P0314,316,Door Opener using ATTiny2313 microcontroller,P0546,548,LED Menorah using ATtiny13 microcontroller,0.7568,0.1429,microcontroller,CANDIDATE_ONLY_MANUAL_REVIEW_REQUIRED,Similarity does not establish duplication; preserve both original entries
P0271,273,Color Sensor using Atmega16 microcontroller,P0379,381,Ear Trainer using ATMega644 microcontroller,0.7568,0.1429,microcontroller,CANDIDATE_ONLY_MANUAL_REVIEW_REQUIRED,Similarity does not establish duplication; preserve both original entries
P0616,618,The WhereAVR using ATmega8 microcontroller,P2025,2027,RFID based security system using AVR ATmega32 microcontroller,0.7568,0.1429,microcontroller,CANDIDATE_ONLY_MANUAL_REVIEW_REQUIRED,Similarity does not establish duplication; preserve both original entries
P0354,356,AVR Switch Timer using ATmega8 Microcontroller,P0586,588,Air-Mouse using ATmega32 microcontroller,0.7568,0.125,microcontroller,CANDIDATE_ONLY_MANUAL_REVIEW_REQUIRED,Similarity does not establish duplication; preserve both original entries
P0115,117,Servo Controlled Labyrinth using Microcontroller ATmega32,P1709,1711,Wireless Gesture Controlled Robot Using Micro-controller ATmega328,0.7568,0.1111,controlled,CANDIDATE_ONLY_MANUAL_REVIEW_REQUIRED,Similarity does not establish duplication; preserve both original entries
P1082,1084,Serial communication with AVR microcontroller using interrupts,P1084,1086,Serial communication (Data receive) using AVR Microcontroller (ATmega16) USART,0.7563,0.4444,avr; communication; microcontroller; serial,CANDIDATE_ONLY_MANUAL_REVIEW_REQUIRED,Similarity does not establish duplication; preserve both original entries
P1061,1063,Interfacing SD Card with AVR Microcontroller,P1192,1194,Flex Sensor Interfacing with AVR Microcontroller,0.7561,0.5,avr; interfacing; microcontroller,CANDIDATE_ONLY_MANUAL_REVIEW_REQUIRED,Similarity does not establish duplication; preserve both original entries
P0315,317,Beamer Control using attiny2313 microcontroller,P0572,574,AVR Programmer using ATTINY2313 microcontroller,0.7561,0.4,attiny2313; microcontroller,CANDIDATE_ONLY_MANUAL_REVIEW_REQUIRED,Similarity does not establish duplication; preserve both original entries
P0055,57,DIY TiX Clock using ATMEGA16 AVR microcontroller,P0426,428,Nixie Clock with AVR using ATmega48 microcontroller,0.7561,0.375,avr; clock; microcontroller,CANDIDATE_ONLY_MANUAL_REVIEW_REQUIRED,Similarity does not establish duplication; preserve both original entries
P0605,607,Sensor Interfacing using ATmega8 microcontroller,P1191,1193,Joystick Interfacing with AVR Microcontroller,0.7561,0.3333,interfacing; microcontroller,CANDIDATE_ONLY_MANUAL_REVIEW_REQUIRED,Similarity does not establish duplication; preserve both original entries
P0313,315,Dimmer using ATTiny2313 microcontroller,P0537,539,DS interface test tool using ATtiny2313 microcontroller,0.7561,0.3333,attiny2313; microcontroller,CANDIDATE_ONLY_MANUAL_REVIEW_REQUIRED,Similarity does not establish duplication; preserve both original entries
P0354,356,AVR Switch Timer using ATmega8 Microcontroller,P0400,402,Digital Stop Watch with ATmega8 using microcontroller,0.7561,0.2857,atmega8; microcontroller,CANDIDATE_ONLY_MANUAL_REVIEW_REQUIRED,Similarity does not establish duplication; preserve both original entries
P0586,588,Air-Mouse using ATmega32 microcontroller,P1996,1998,Interfacing Servo Motor with Atmega32 Microcontroller,0.7561,0.2857,atmega32; microcontroller,CANDIDATE_ONLY_MANUAL_REVIEW_REQUIRED,Similarity does not establish duplication; preserve both original entries
P1237,1239,RFID based security system using AVR ATmega32 microcontroller,P2052,2054,DIY 3D LED Cube Using ATmega32 Microcontroller,0.7561,0.25,atmega32; microcontroller,CANDIDATE_ONLY_MANUAL_REVIEW_REQUIRED,Similarity does not establish duplication; preserve both original entries
P2047,2049,RFID-Based Security System with AVR ATmega32 Microcontroller,P2052,2054,DIY 3D LED Cube Using ATmega32 Microcontroller,0.7561,0.25,atmega32; microcontroller,CANDIDATE_ONLY_MANUAL_REVIEW_REQUIRED,Similarity does not establish duplication; preserve both original entries
P0344,346,AVR Based Operating System using ATMega32 microcontroller,P0569,571,AVR LCD menu routine using ATmega8 microcontroller,0.7561,0.25,avr; microcontroller,CANDIDATE_ONLY_MANUAL_REVIEW_REQUIRED,Similarity does not establish duplication; preserve both original entries
P2025,2027,RFID based security system using AVR ATmega32 microcontroller,P2052,2054,DIY 3D LED Cube Using ATmega32 Microcontroller,0.7561,0.25,atmega32; microcontroller,CANDIDATE_ONLY_MANUAL_REVIEW_REQUIRED,Similarity does not establish duplication; preserve both original entries
P0327,329,6 LED Knight Rider using ATtiny22 microcontroller,P0370,372,AVR LED Candle using ATtiny85 microcontroller,0.7561,0.25,led; microcontroller,CANDIDATE_ONLY_MANUAL_REVIEW_REQUIRED,Similarity does not establish duplication; preserve both original entries
P0378,380,AVR Data Logger with MicroSD using ATmega32 microcontroller,P0586,588,Air-Mouse using ATmega32 microcontroller,0.7561,0.25,atmega32; microcontroller,CANDIDATE_ONLY_MANUAL_REVIEW_REQUIRED,Similarity does not establish duplication; preserve both original entries
P0604,606,The Prototino™ using ATmega168 microcontroller,P1288,1290,Stepper motor control with an ATmega8 microcontroller,0.7561,0.1667,microcontroller,CANDIDATE_ONLY_MANUAL_REVIEW_REQUIRED,Similarity does not establish duplication; preserve both original entries
P0382,384,AVR Digital Hum Nuller using ATmega168 microcontroller,P0539,541,AvrPhone using ATmega128 microcontroller,0.7561,0.1429,microcontroller,CANDIDATE_ONLY_MANUAL_REVIEW_REQUIRED,Similarity does not establish duplication; preserve both original entries
P0157,159,Programmable LED using Atmel ATtiny13v Microcontroller,P0316,318,Programmer using ATMEGA8 microcontroller,0.7561,0.1429,microcontroller,CANDIDATE_ONLY_MANUAL_REVIEW_REQUIRED,Similarity does not establish duplication; preserve both original entries
P0134,136,Led dimmer 2 channels using Attiny13 microcontroller,P0320,322,Tea Timer using ATTiny2313 microcontroller,0.7561,0.125,microcontroller,CANDIDATE_ONLY_MANUAL_REVIEW_REQUIRED,Similarity does not establish duplication; preserve both original entries
P0385,387,AVR Power Usage Logger using ATmega168 microcontroller,P0539,541,AvrPhone using ATmega128 microcontroller,0.7561,0.125,microcontroller,CANDIDATE_ONLY_MANUAL_REVIEW_REQUIRED,Similarity does not establish duplication; preserve both original entries
P0316,318,Programmer using ATMEGA8 microcontroller,P0339,341,"Simple USB AVR programmer, USBasp using ATMega8 microcontroller",0.7556,0.4286,atmega8; microcontroller; programmer,CANDIDATE_ONLY_MANUAL_REVIEW_REQUIRED,Similarity does not establish duplication; preserve both original entries
P0354,356,AVR Switch Timer using ATmega8 Microcontroller,P0403,405,AVR Compiler toolchain for MAC using ATmega8 microcontroller,0.7556,0.375,atmega8; avr; microcontroller,CANDIDATE_ONLY_MANUAL_REVIEW_REQUIRED,Similarity does not establish duplication; preserve both original entries
P0299,301,Digital oscilloscope GLCD using Atmega32 microcontroller,P1203,1205,Interfacing LCD with ATmega32 Microcontroller,0.7556,0.3333,atmega32; microcontroller,CANDIDATE_ONLY_MANUAL_REVIEW_REQUIRED,Similarity does not establish duplication; preserve both original entries
P1203,1205,Interfacing LCD with ATmega32 Microcontroller,P1868,1870,Rotary Encoder Interfacing with ATmega8 Microcontroller,0.7556,0.2857,interfacing; microcontroller,CANDIDATE_ONLY_MANUAL_REVIEW_REQUIRED,Similarity does not establish duplication; preserve both original entries
P0605,607,Sensor Interfacing using ATmega8 microcontroller,P1996,1998,Interfacing Servo Motor with Atmega32 Microcontroller,0.7556,0.2857,interfacing; microcontroller,CANDIDATE_ONLY_MANUAL_REVIEW_REQUIRED,Similarity does not establish duplication; preserve both original entries
P1996,1998,Interfacing Servo Motor with Atmega32 Microcontroller,P2025,2027,RFID based security system using AVR ATmega32 microcontroller,0.7556,0.25,atmega32; microcontroller,CANDIDATE_ONLY_MANUAL_REVIEW_REQUIRED,Similarity does not establish duplication; preserve both original entries
P1237,1239,RFID based security system using AVR ATmega32 microcontroller,P1996,1998,Interfacing Servo Motor with Atmega32 Microcontroller,0.7556,0.25,atmega32; microcontroller,CANDIDATE_ONLY_MANUAL_REVIEW_REQUIRED,Similarity does not establish duplication; preserve both original entries
P1996,1998,Interfacing Servo Motor with Atmega32 Microcontroller,P2047,2049,RFID-Based Security System with AVR ATmega32 Microcontroller,0.7556,0.25,atmega32; microcontroller,CANDIDATE_ONLY_MANUAL_REVIEW_REQUIRED,Similarity does not establish duplication; preserve both original entries
P0438,440,Morse Code Alarm Clock using ATtiny2313 microcontroller,P0551,553,LED Dog Collar using ATTINY2313 Microcontroller,0.7556,0.2222,attiny2313; microcontroller,CANDIDATE_ONLY_MANUAL_REVIEW_REQUIRED,Similarity does not establish duplication; preserve both original entries
P0570,572,Servo motor control using Atmega8 microcontroller,P0577,579,The Self-Driving Toy Car using ATmega1284 microcontroller,0.7556,0.1111,microcontroller,CANDIDATE_ONLY_MANUAL_REVIEW_REQUIRED,Similarity does not establish duplication; preserve both original entries
P1272,1274,LM35 Temperature Sensor Interfacing with ATmega32 and LED Display,P1643,1645,Temperature Sensor(LM35 ) Interfacing With ATmega32 and LCD Display| Automatics Fan Control,0.7552,0.6,atmega32; display; interfacing; lm35; sensor; temperature,CANDIDATE_ONLY_MANUAL_REVIEW_REQUIRED,Similarity does not establish duplication; preserve both original entries
P1096,1098,Stepper Motor Angle Control using AVR Microcontroller,P1398,1400,Servo Motor Control by Using AVR ATmega32 Microcontroller,0.7551,0.4286,avr; microcontroller; motor,CANDIDATE_ONLY_MANUAL_REVIEW_REQUIRED,Similarity does not establish duplication; preserve both original entries
P0372,374,Speaking Calculator using AVR ATmega88 microcontroller,P2020,2022,Building a Basic Calculator using ATmega32 Microcontroller,0.7551,0.25,calculator; microcontroller,CANDIDATE_ONLY_MANUAL_REVIEW_REQUIRED,Similarity does not establish duplication; preserve both original entries
P0715,717,Voting Machine Using Atmel Mega32,P0725,727,Vocal Trainer Using Atmel Mega32,0.7547,0.3333,atmel; mega32,CANDIDATE_ONLY_MANUAL_REVIEW_REQUIRED,Similarity does not establish duplication; preserve both original entries
P1081,1083,How to interface RFID with AVR microcontroller (ATmega16),P1386,1388,PIR motion sensor interface with AVR-microcontroller ATMEGA32,0.7547,0.3,avr; interface; microcontroller,CANDIDATE_ONLY_MANUAL_REVIEW_REQUIRED,Similarity does not establish duplication; preserve both original entries
P0702,704,Radio Control Car using Mega32,P0794,796,Dual Control R/C Car Using Atmega32,0.7547,0.2,car,CANDIDATE_ONLY_MANUAL_REVIEW_REQUIRED,Similarity does not establish duplication; preserve both original entries
P0733,735,Portable Security System Using ATMega 32,P0766,768,Home Security System Using Atmel Mega32,0.7547,0.1667,security,CANDIDATE_ONLY_MANUAL_REVIEW_REQUIRED,Similarity does not establish duplication; preserve both original entries
P1064,1066,How to interface serial ADC0831 with AVR microcontroller (ATmega16),P1085,1087,How to use inbuilt ADC of AVR microcontroller (ATmega16),0.7544,0.4,atmega16; avr; how; microcontroller,CANDIDATE_ONLY_MANUAL_REVIEW_REQUIRED,Similarity does not establish duplication; preserve both original entries
P0310,312,LC Meter using AVR microcontroller,P0436,438,8 Channel PWM using AVR microcontroller,0.7541,0.4,avr; microcontroller,CANDIDATE_ONLY_MANUAL_REVIEW_REQUIRED,Similarity does not establish duplication; preserve both original entries
P0564,566,Simple signal drawing on graphical LCD routines using Atmega8 microcontroller,P0568,570,Simplified AVR LCD routines using ATmega8 microcontroller,0.7541,0.4,atmega8; lcd; microcontroller; routines,CANDIDATE_ONLY_MANUAL_REVIEW_REQUIRED,Similarity does not establish duplication; preserve both original entries
P1031,1033,Acoustic Wayfinder Using Atmega1284,P1032,1034,Ultrasonic Pathfinder Using Atmega1284,0.7541,0.2,atmega1284,CANDIDATE_ONLY_MANUAL_REVIEW_REQUIRED,Similarity does not establish duplication; preserve both original entries
P0404,406,Wireless Lan for AVR microcontrollers,P1646,1648,Learn About Microcontrollers,0.7541,0.2,microcontrollers,CANDIDATE_ONLY_MANUAL_REVIEW_REQUIRED,Similarity does not establish duplication; preserve both original entries
P0310,312,LC Meter using AVR microcontroller,P1310,1312,16×2 LCD interface with microcontroller,0.7541,0.1667,microcontroller,CANDIDATE_ONLY_MANUAL_REVIEW_REQUIRED,Similarity does not establish duplication; preserve both original entries
P0718,720,Digger video game using Atmel Mega32,P0774,776,MiniGolf video game with putter Using Atmel Mega32,0.7536,0.5714,atmel; game; mega32; video,CANDIDATE_ONLY_MANUAL_REVIEW_REQUIRED,Similarity does not establish duplication; preserve both original entries
P0709,711,Memory Video Game Using Atmel Mega32,P0774,776,MiniGolf video game with putter Using Atmel Mega32,0.7536,0.5714,atmel; game; mega32; video,CANDIDATE_ONLY_MANUAL_REVIEW_REQUIRED,Similarity does not establish duplication; preserve both original entries
P0377,379,AVR Code Debugger using AVR microcontroller,P1198,1200,0-99 Counter using AVR Microcontroller,0.7536,0.4,avr; microcontroller,CANDIDATE_ONLY_MANUAL_REVIEW_REQUIRED,Similarity does not establish duplication; preserve both original entries
P0427,429,Packet Radio using AVR microcontroller,P0433,435,Capacitance Meter using AVR microcontroller,0.7536,0.3333,avr; microcontroller,CANDIDATE_ONLY_MANUAL_REVIEW_REQUIRED,Similarity does not establish duplication; preserve both original entries
P0310,312,LC Meter using AVR microcontroller,P0363,365,"AvrX, Real Time Kernel using AVR microcontroller",0.7536,0.2857,avr; microcontroller,CANDIDATE_ONLY_MANUAL_REVIEW_REQUIRED,Similarity does not establish duplication; preserve both original entries
P0415,417,VGA Monitor adaptor using AVR microcontroller,P1187,1189,Fire Alarm System using AVR Microcontroller,0.7536,0.2857,avr; microcontroller,CANDIDATE_ONLY_MANUAL_REVIEW_REQUIRED,Similarity does not establish duplication; preserve both original entries
P0539,541,AvrPhone using ATmega128 microcontroller,P0613,615,etherrape using ATmega644 microcontroller,0.7536,0.2,microcontroller,CANDIDATE_ONLY_MANUAL_REVIEW_REQUIRED,Similarity does not establish duplication; preserve both original entries
P0613,615,etherrape using ATmega644 microcontroller,P0647,649,RSS Reader using ATmega8 microcontroller,0.7536,0.1667,microcontroller,CANDIDATE_ONLY_MANUAL_REVIEW_REQUIRED,Similarity does not establish duplication; preserve both original entries
P0379,381,Ear Trainer using ATMega644 microcontroller,P0616,618,The WhereAVR using ATmega8 microcontroller,0.7536,0.1667,microcontroller,CANDIDATE_ONLY_MANUAL_REVIEW_REQUIRED,Similarity does not establish duplication; preserve both original entries
P0316,318,Programmer using ATMEGA8 microcontroller,P0465,467,Ponyprog Circuit for ATMEL’S AVR using microcontroller,0.7536,0.1667,microcontroller,CANDIDATE_ONLY_MANUAL_REVIEW_REQUIRED,Similarity does not establish duplication; preserve both original entries
P0544,546,MP3 Player using ATMega128 microcontroller,P0609,611,Evertool using ATmega16 microcontroller,0.7536,0.1667,microcontroller,CANDIDATE_ONLY_MANUAL_REVIEW_REQUIRED,Similarity does not establish duplication; preserve both original entries
P0544,546,MP3 Player using ATMega128 microcontroller,P0617,619,HVProg using ATmega8535 microcontroller,0.7536,0.1667,microcontroller,CANDIDATE_ONLY_MANUAL_REVIEW_REQUIRED,Similarity does not establish duplication; preserve both original entries
P0617,619,HVProg using ATmega8535 microcontroller,P1186,1188,Alarm Clock using ATmega32 Microcontroller,0.7536,0.1667,microcontroller,CANDIDATE_ONLY_MANUAL_REVIEW_REQUIRED,Similarity does not establish duplication; preserve both original entries
P0271,273,Color Sensor using Atmega16 microcontroller,P0616,618,The WhereAVR using ATmega8 microcontroller,0.7536,0.1667,microcontroller,CANDIDATE_ONLY_MANUAL_REVIEW_REQUIRED,Similarity does not establish duplication; preserve both original entries
P0324,326,AVR Based CRO using Atmega16 microcontroller,P0581,583,Wall of Pong using ATmega32 microcontroller,0.7536,0.1429,microcontroller,CANDIDATE_ONLY_MANUAL_REVIEW_REQUIRED,Similarity does not establish duplication; preserve both original entries
P0412,414,USB AVR programmer using ATtiny2313 microcontroller,P0620,622,USB AVR in-system Programmer using ATtiny2313,0.7532,0.8,attiny2313; avr; programmer; usb,CANDIDATE_ONLY_MANUAL_REVIEW_REQUIRED,Similarity does not establish duplication; preserve both original entries
P0323,325,Dotmatrix using ATtiny2313 microcontroller,P0368,370,Clever Clapper using ATtiny2313 microcontroller,0.7532,0.4,attiny2313; microcontroller,CANDIDATE_ONLY_MANUAL_REVIEW_REQUIRED,Similarity does not establish duplication; preserve both original entries
P0316,318,Programmer using ATMEGA8 microcontroller,P0369,371,Mini Logic Analyzer using ATmega8 microcontroller,0.7532,0.3333,atmega8; microcontroller,CANDIDATE_ONLY_MANUAL_REVIEW_REQUIRED,Similarity does not establish duplication; preserve both original entries
P0023,25,CNC Update 2 Using atmega32 microcontroller,P1203,1205,Interfacing LCD with ATmega32 Microcontroller,0.7532,0.3333,atmega32; microcontroller,CANDIDATE_ONLY_MANUAL_REVIEW_REQUIRED,Similarity does not establish duplication; preserve both original entries
P1195,1197,0-25V Digital Voltmeter using AVR Microcontroller,P1322,1324,Volt-Amp meter using AVR microcontroller,0.7532,0.2857,avr; microcontroller,CANDIDATE_ONLY_MANUAL_REVIEW_REQUIRED,Similarity does not establish duplication; preserve both original entries
P0023,25,CNC Update 2 Using atmega32 microcontroller,P0446,448,Atmel Test Card using ATmega32 microcontroller,0.7532,0.2857,atmega32; microcontroller,CANDIDATE_ONLY_MANUAL_REVIEW_REQUIRED,Similarity does not establish duplication; preserve both original entries
P0446,448,Atmel Test Card using ATmega32 microcontroller,P0581,583,Wall of Pong using ATmega32 microcontroller,0.7532,0.2857,atmega32; microcontroller,CANDIDATE_ONLY_MANUAL_REVIEW_REQUIRED,Similarity does not establish duplication; preserve both original entries
P0074,76,AVR GPS Locator using avr microcontroller,P1092,1094,DIY – Waveform Generator using AVR Microcontroller,0.7532,0.2857,avr; microcontroller,CANDIDATE_ONLY_MANUAL_REVIEW_REQUIRED,Similarity does not establish duplication; preserve both original entries
P0433,435,Capacitance Meter using AVR microcontroller,P1097,1099,Audio Tone Generator using AVR Microcontroller,0.7532,0.2857,avr; microcontroller,CANDIDATE_ONLY_MANUAL_REVIEW_REQUIRED,Similarity does not establish duplication; preserve both original entries
P0615,617,Video Overlay using ATmega8 microcontroller,P1190,1192,Anti-Theft Alert System using ATmega8 Microcontroller,0.7532,0.2857,atmega8; microcontroller,CANDIDATE_ONLY_MANUAL_REVIEW_REQUIRED,Similarity does not establish duplication; preserve both original entries
P0388,390,SMS Based Voting System – AVR GSM Project using ATmega32 microcontroller,P0586,588,Air-Mouse using ATmega32 microcontroller,0.7532,0.25,atmega32; microcontroller,CANDIDATE_ONLY_MANUAL_REVIEW_REQUIRED,Similarity does not establish duplication; preserve both original entries
P0315,317,Beamer Control using attiny2313 microcontroller,P0546,548,LED Menorah using ATtiny13 microcontroller,0.7532,0.1667,microcontroller,CANDIDATE_ONLY_MANUAL_REVIEW_REQUIRED,Similarity does not establish duplication; preserve both original entries
P0320,322,Tea Timer using ATTiny2313 microcontroller,P0588,590,AVR Thermometer using AT90S2313 microcontroller,0.7532,0.1429,microcontroller,CANDIDATE_ONLY_MANUAL_REVIEW_REQUIRED,Similarity does not establish duplication; preserve both original entries
P0354,356,AVR Switch Timer using ATmega8 Microcontroller,P0604,606,The Prototino™ using ATmega168 microcontroller,0.7532,0.1429,microcontroller,CANDIDATE_ONLY_MANUAL_REVIEW_REQUIRED,Similarity does not establish duplication; preserve both original entries
P0546,548,LED Menorah using ATtiny13 microcontroller,P0572,574,AVR Programmer using ATTINY2313 microcontroller,0.7532,0.1429,microcontroller,CANDIDATE_ONLY_MANUAL_REVIEW_REQUIRED,Similarity does not establish duplication; preserve both original entries
P0023,25,CNC Update 2 Using atmega32 microcontroller,P0534,536,AVR mod player using ATmega325 microcontroller,0.7532,0.125,microcontroller,CANDIDATE_ONLY_MANUAL_REVIEW_REQUIRED,Similarity does not establish duplication; preserve both original entries
P0379,381,Ear Trainer using ATMega644 microcontroller,P1190,1192,Anti-Theft Alert System using ATmega8 Microcontroller,0.7532,0.125,microcontroller,CANDIDATE_ONLY_MANUAL_REVIEW_REQUIRED,Similarity does not establish duplication; preserve both original entries
P0022,24,Delta Robot using atmega32 micrcontroller,P1237,1239,RFID based security system using AVR ATmega32 microcontroller,0.7532,0.125,atmega32,CANDIDATE_ONLY_MANUAL_REVIEW_REQUIRED,Similarity does not establish duplication; preserve both original entries
P0022,24,Delta Robot using atmega32 micrcontroller,P2025,2027,RFID based security system using AVR ATmega32 microcontroller,0.7532,0.125,atmega32,CANDIDATE_ONLY_MANUAL_REVIEW_REQUIRED,Similarity does not establish duplication; preserve both original entries
P0426,428,Nixie Clock with AVR using ATmega48 microcontroller,P0615,617,Video Overlay using ATmega8 microcontroller,0.7532,0.125,microcontroller,CANDIDATE_ONLY_MANUAL_REVIEW_REQUIRED,Similarity does not establish duplication; preserve both original entries
P0022,24,Delta Robot using atmega32 micrcontroller,P2047,2049,RFID-Based Security System with AVR ATmega32 Microcontroller,0.7532,0.125,atmega32,CANDIDATE_ONLY_MANUAL_REVIEW_REQUIRED,Similarity does not establish duplication; preserve both original entries
P0379,381,Ear Trainer using ATMega644 microcontroller,P0534,536,AVR mod player using ATmega325 microcontroller,0.7532,0.125,microcontroller,CANDIDATE_ONLY_MANUAL_REVIEW_REQUIRED,Similarity does not establish duplication; preserve both original entries
P0354,356,AVR Switch Timer using ATmega8 Microcontroller,P0379,381,Ear Trainer using ATMega644 microcontroller,0.7532,0.125,microcontroller,CANDIDATE_ONLY_MANUAL_REVIEW_REQUIRED,Similarity does not establish duplication; preserve both original entries
P0572,574,AVR Programmer using ATTINY2313 microcontroller,P0575,577,Project Development Board using ATTiny2313 microcontroller,0.7529,0.4,attiny2313; microcontroller,CANDIDATE_ONLY_MANUAL_REVIEW_REQUIRED,Similarity does not establish duplication; preserve both original entries
P0570,572,Servo motor control using Atmega8 microcontroller,P0605,607,Sensor Interfacing using ATmega8 microcontroller,0.7529,0.3333,atmega8; microcontroller,CANDIDATE_ONLY_MANUAL_REVIEW_REQUIRED,Similarity does not establish duplication; preserve both original entries
P0295,297,Experimental board using ATTiny2313 microcontroller,P0319,321,Kitchen Timer using ATTiny2313 microcontroller,0.7529,0.3333,attiny2313; microcontroller,CANDIDATE_ONLY_MANUAL_REVIEW_REQUIRED,Similarity does not establish duplication; preserve both original entries
P0467,469,Interfacing DRAM Memory using AVR microcontroller,P0605,607,Sensor Interfacing using ATmega8 microcontroller,0.7529,0.2857,interfacing; microcontroller,CANDIDATE_ONLY_MANUAL_REVIEW_REQUIRED,Similarity does not establish duplication; preserve both original entries
P0046,48,Box with a Music Lock using ATMega328P Microcontroller,P1981,1983,Simple Standalone ATMega328p Microcontroller,0.7529,0.2857,atmega328p; microcontroller,CANDIDATE_ONLY_MANUAL_REVIEW_REQUIRED,Similarity does not establish duplication; preserve both original entries
P0344,346,AVR Based Operating System using ATMega32 microcontroller,P0366,368,AVR Based Mobile Phone using AVR ATmega128A microcontroller,0.7529,0.2857,avr; microcontroller,CANDIDATE_ONLY_MANUAL_REVIEW_REQUIRED,Similarity does not establish duplication; preserve both original entries
P0586,588,Air-Mouse using ATmega32 microcontroller,P1295,1297,Interfacing GSM Module with Atmega32 AVR microcontroller,0.7529,0.25,atmega32; microcontroller,CANDIDATE_ONLY_MANUAL_REVIEW_REQUIRED,Similarity does not establish duplication; preserve both original entries
P0059,61,LED wind indicator Using atmega8 Microcontroller,P0266,268,Arduino FTDI Header using ATmega8 microcontroller,0.7529,0.25,atmega8; microcontroller,CANDIDATE_ONLY_MANUAL_REVIEW_REQUIRED,Similarity does not establish duplication; preserve both original entries
P0141,143,Stripboard Arduino using ATMega168 microcontroller,P0322,324,Easy Breadboarding using ATMega microcontroller,0.7529,0.1429,microcontroller,CANDIDATE_ONLY_MANUAL_REVIEW_REQUIRED,Similarity does not establish duplication; preserve both original entries
P0379,381,Ear Trainer using ATMega644 microcontroller,P0382,384,AVR Digital Hum Nuller using ATmega168 microcontroller,0.7529,0.125,microcontroller,CANDIDATE_ONLY_MANUAL_REVIEW_REQUIRED,Similarity does not establish duplication; preserve both original entries
P0369,371,Mini Logic Analyzer using ATmega8 microcontroller,P1323,1325,Digital Clock using AVR Atmega16 Microcontroller,0.7529,0.125,microcontroller,CANDIDATE_ONLY_MANUAL_REVIEW_REQUIRED,Similarity does not establish duplication; preserve both original entries
P0200,202,The Household Informer using atmega168 microcontroller,P1202,1204,Power LED Dimmer using ATmega32 Microcontroller,0.7529,0.125,microcontroller,CANDIDATE_ONLY_MANUAL_REVIEW_REQUIRED,Similarity does not establish duplication; preserve both original entries
P0317,319,Programmer UsbAsp using AVR microcontroller,P0339,341,"Simple USB AVR programmer, USBasp using ATMega8 microcontroller",0.7527,0.5714,avr; microcontroller; programmer; usbasp,CANDIDATE_ONLY_MANUAL_REVIEW_REQUIRED,Similarity does not establish duplication; preserve both original entries
P1408,1410,DC motor interfacing with AVR ATmega16/ATmega32,P2007,2009,7-Segment Display Interfacing with AVR ATmega16/ATmega32,0.7527,0.5714,atmega16; atmega32; avr; interfacing,CANDIDATE_ONLY_MANUAL_REVIEW_REQUIRED,Similarity does not establish duplication; preserve both original entries
P1061,1063,Interfacing SD Card with AVR Microcontroller,P1864,1866,Interfacing Stepper Motor with AVR Microcontroller Atmega16,0.7527,0.4286,avr; interfacing; microcontroller,CANDIDATE_ONLY_MANUAL_REVIEW_REQUIRED,Similarity does not establish duplication; preserve both original entries
P1192,1194,Flex Sensor Interfacing with AVR Microcontroller,P1868,1870,Rotary Encoder Interfacing with ATmega8 Microcontroller,0.7527,0.25,interfacing; microcontroller,CANDIDATE_ONLY_MANUAL_REVIEW_REQUIRED,Similarity does not establish duplication; preserve both original entries
P1886,1888,Programming AVR Microcontrollers with Atmel Studio 7,P1964,1966,"Programming the AVR microcontroller with GCC, libc 1.0.4",0.7527,0.25,avr; programming,CANDIDATE_ONLY_MANUAL_REVIEW_REQUIRED,Similarity does not establish duplication; preserve both original entries
P1214,1216,How to interface RFID with AVR ATmega32 microcontroller,P1398,1400,Servo Motor Control by Using AVR ATmega32 Microcontroller,0.7525,0.375,atmega32; avr; microcontroller,CANDIDATE_ONLY_MANUAL_REVIEW_REQUIRED,Similarity does not establish duplication; preserve both original entries
P0299,301,Digital oscilloscope GLCD using Atmega32 microcontroller,P0717,719,Digital voice recorder using Atmel Mega32 microcontroller,0.7525,0.125,microcontroller,CANDIDATE_ONLY_MANUAL_REVIEW_REQUIRED,Similarity does not establish duplication; preserve both original entries
P1081,1083,How to interface RFID with AVR microcontroller (ATmega16),P1087,1089,How to display text on 16×2 LCD using AVR microcontroller (ATmega16),0.7523,0.4,atmega16; avr; how; microcontroller,CANDIDATE_ONLY_MANUAL_REVIEW_REQUIRED,Similarity does not establish duplication; preserve both original entries
P0207,209,Arduino R/C Lawnmower (painted) using Atmega168 microcontroller,P0224,226,Arduino Powered Binary Clock using ATmega168 microcontroller,0.7523,0.375,arduino; atmega168; microcontroller,CANDIDATE_ONLY_MANUAL_REVIEW_REQUIRED,Similarity does not establish duplication; preserve both original entries
P0129,131,Charlieplexing 7 segment displays using Atmel Tiny26 microcontroller,P0338,340,Controlling 7-segments LED displays using AVR microcontroller,0.7521,0.2,displays; microcontroller,CANDIDATE_ONLY_MANUAL_REVIEW_REQUIRED,Similarity does not establish duplication; preserve both original entries
P1105,1107,DC Motor Control with Joystick & AVR Microcontroller,P1398,1400,Servo Motor Control by Using AVR ATmega32 Microcontroller,0.75,0.5,avr; microcontroller; motor,CANDIDATE_ONLY_MANUAL_REVIEW_REQUIRED,Similarity does not establish duplication; preserve both original entries
P0460,462,RF Field Strength meter using AVR microcontroller,P0496,498,A Field Strength Meter Using A Biased Schottky Detector using microcontroller,0.75,0.5,field; meter; microcontroller; strength,CANDIDATE_ONLY_MANUAL_REVIEW_REQUIRED,Similarity does not establish duplication; preserve both original entries
P0706,708,SpaceInvaders Video Game Using Mega32,P0743,745,The Contender video game using Atmel Mega32,0.75,0.5,game; mega32; video,CANDIDATE_ONLY_MANUAL_REVIEW_REQUIRED,Similarity does not establish duplication; preserve both original entries
P1637,1639,Getting Started With Atmel AVR and BASCOM,P1952,1954,Getting Started with Atmel Studio,0.75,0.5,atmel; getting; started,CANDIDATE_ONLY_MANUAL_REVIEW_REQUIRED,Similarity does not establish duplication; preserve both original entries
P1408,1410,DC motor interfacing with AVR ATmega16/ATmega32,P1993,1995,Timer in AVR ATmega16/ATmega32,0.75,0.5,atmega16; atmega32; avr,CANDIDATE_ONLY_MANUAL_REVIEW_REQUIRED,Similarity does not establish duplication; preserve both original entries
P1050,1052,MultiFunction LED Game Using An ATmega32 Microcontroller,P1202,1204,Power LED Dimmer using ATmega32 Microcontroller,0.75,0.4286,atmega32; led; microcontroller,CANDIDATE_ONLY_MANUAL_REVIEW_REQUIRED,Similarity does not establish duplication; preserve both original entries
P0616,618,The WhereAVR using ATmega8 microcontroller,P1427,1429,Avr Atmega8 Microcontroller – An Introduction,0.75,0.4,atmega8; microcontroller,CANDIDATE_ONLY_MANUAL_REVIEW_REQUIRED,Similarity does not establish duplication; preserve both original entries
P0359,361,Ultrasonic Security System using Atmega644 microcontroller,P0613,615,etherrape using ATmega644 microcontroller,0.75,0.4,atmega644; microcontroller,CANDIDATE_ONLY_MANUAL_REVIEW_REQUIRED,Similarity does not establish duplication; preserve both original entries
P0070,72,8 MHz frequency meter using AVR microcontroller,P0290,292,50 MHz range frequency counter using ATtiny45 microcontroller,0.75,0.375,frequency; mhz; microcontroller,CANDIDATE_ONLY_MANUAL_REVIEW_REQUIRED,Similarity does not establish duplication; preserve both original entries
P0354,356,AVR Switch Timer using ATmega8 Microcontroller,P0418,420,Atmel avr usb programmer using ATMEGA8 microcontroller,0.75,0.375,atmega8; avr; microcontroller,CANDIDATE_ONLY_MANUAL_REVIEW_REQUIRED,Similarity does not establish duplication; preserve both original entries
P0138,140,AVR mini board with additional boards using attiny2313 microcontroller,P0295,297,Experimental board using ATTiny2313 microcontroller,0.75,0.375,attiny2313; board; microcontroller,CANDIDATE_ONLY_MANUAL_REVIEW_REQUIRED,Similarity does not establish duplication; preserve both original entries
P0354,356,AVR Switch Timer using ATmega8 Microcontroller,P0616,618,The WhereAVR using ATmega8 microcontroller,0.75,0.3333,atmega8; microcontroller,CANDIDATE_ONLY_MANUAL_REVIEW_REQUIRED,Similarity does not establish duplication; preserve both original entries
P0669,671,Autonomous Vehicle,P0685,687,Autonomous Car,0.75,0.3333,autonomous,CANDIDATE_ONLY_MANUAL_REVIEW_REQUIRED,Similarity does not establish duplication; preserve both original entries
P0616,618,The WhereAVR using ATmega8 microcontroller,P1190,1192,Anti-Theft Alert System using ATmega8 Microcontroller,0.75,0.3333,atmega8; microcontroller,CANDIDATE_ONLY_MANUAL_REVIEW_REQUIRED,Similarity does not establish duplication; preserve both original entries
P1068,1070,How to interface keypad with AVR microcontroller (ATmega16),P1866,1868,Interfacing Servo Motor with AVR Microcontroller Atmega16,0.75,0.3333,atmega16; avr; microcontroller,CANDIDATE_ONLY_MANUAL_REVIEW_REQUIRED,Similarity does not establish duplication; preserve both original entries
P2071,2073,8-bit ADC with ADC0808 using ATmega16 with Proteus Simulation,P2077,2079,AVR DAC using TLC5615 with ATmega16 using Proteus Simulation,0.75,0.3333,atmega16; proteus; simulation,CANDIDATE_ONLY_MANUAL_REVIEW_REQUIRED,Similarity does not establish duplication; preserve both original entries
P0141,143,Stripboard Arduino using ATMega168 microcontroller,P0200,202,The Household Informer using atmega168 microcontroller,0.75,0.3333,atmega168; microcontroller,CANDIDATE_ONLY_MANUAL_REVIEW_REQUIRED,Similarity does not establish duplication; preserve both original entries
P1064,1066,How to interface serial ADC0831 with AVR microcontroller (ATmega16),P1866,1868,Interfacing Servo Motor with AVR Microcontroller Atmega16,0.75,0.3,atmega16; avr; microcontroller,CANDIDATE_ONLY_MANUAL_REVIEW_REQUIRED,Similarity does not establish duplication; preserve both original entries
P0390,392,PS2 Keyboard Interface with AVR MCU using ATmega8 microcontroller,P1214,1216,How to interface RFID with AVR ATmega32 microcontroller,0.75,0.3,avr; interface; microcontroller,CANDIDATE_ONLY_MANUAL_REVIEW_REQUIRED,Similarity does not establish duplication; preserve both original entries
P0446,448,Atmel Test Card using ATmega32 microcontroller,P1203,1205,Interfacing LCD with ATmega32 Microcontroller,0.75,0.2857,atmega32; microcontroller,CANDIDATE_ONLY_MANUAL_REVIEW_REQUIRED,Similarity does not establish duplication; preserve both original entries
P0576,578,RFID Checkout System Design using ATmega644 microcontroller,P1237,1239,RFID based security system using AVR ATmega32 microcontroller,0.75,0.2857,microcontroller; rfid,CANDIDATE_ONLY_MANUAL_REVIEW_REQUIRED,Similarity does not establish duplication; preserve both original entries
P1156,1158,Interfacing 16X2 LCD to AVR Microcontroller,P1287,1289,Interfacing DC Motor with Atmega32 Microcontroller,0.75,0.2857,interfacing; microcontroller,CANDIDATE_ONLY_MANUAL_REVIEW_REQUIRED,Similarity does not establish duplication; preserve both original entries
P0576,578,RFID Checkout System Design using ATmega644 microcontroller,P2025,2027,RFID based security system using AVR ATmega32 microcontroller,0.75,0.2857,microcontroller; rfid,CANDIDATE_ONLY_MANUAL_REVIEW_REQUIRED,Similarity does not establish duplication; preserve both original entries
P0576,578,RFID Checkout System Design using ATmega644 microcontroller,P2047,2049,RFID-Based Security System with AVR ATmega32 Microcontroller,0.75,0.2857,microcontroller; rfid,CANDIDATE_ONLY_MANUAL_REVIEW_REQUIRED,Similarity does not establish duplication; preserve both original entries
P0324,326,AVR Based CRO using Atmega16 microcontroller,P0382,384,AVR Digital Hum Nuller using ATmega168 microcontroller,0.75,0.2857,avr; microcontroller,CANDIDATE_ONLY_MANUAL_REVIEW_REQUIRED,Similarity does not establish duplication; preserve both original entries
P0324,326,AVR Based CRO using Atmega16 microcontroller,P0378,380,AVR Data Logger with MicroSD using ATmega32 microcontroller,0.75,0.25,avr; microcontroller,CANDIDATE_ONLY_MANUAL_REVIEW_REQUIRED,Similarity does not establish duplication; preserve both original entries
P1214,1216,How to interface RFID with AVR ATmega32 microcontroller,P1991,1993,4×4 Keypad Interfacing with ATmega32 Microcontroller,0.75,0.25,atmega32; microcontroller,CANDIDATE_ONLY_MANUAL_REVIEW_REQUIRED,Similarity does not establish duplication; preserve both original entries
P0354,356,AVR Switch Timer using ATmega8 Microcontroller,P1190,1192,Anti-Theft Alert System using ATmega8 Microcontroller,0.75,0.25,atmega8; microcontroller,CANDIDATE_ONLY_MANUAL_REVIEW_REQUIRED,Similarity does not establish duplication; preserve both original entries
P0704,706,Frogger Video Game Using Atmel Mega32,P0705,707,Space Fighter Video Game Using ATMega32,0.75,0.25,game; video,CANDIDATE_ONLY_MANUAL_REVIEW_REQUIRED,Similarity does not establish duplication; preserve both original entries
P0660,662,Programming the Game Simon,P1875,1877,Programming the ATtiny,0.75,0.25,programming,CANDIDATE_ONLY_MANUAL_REVIEW_REQUIRED,Similarity does not establish duplication; preserve both original entries
P1137,1139,LCD interface,P1220,1222,LCD Interfacing with AVR,0.75,0.25,lcd,CANDIDATE_ONLY_MANUAL_REVIEW_REQUIRED,Similarity does not establish duplication; preserve both original entries
P0372,374,Speaking Calculator using AVR ATmega88 microcontroller,P0426,428,Nixie Clock with AVR using ATmega48 microcontroller,0.75,0.25,avr; microcontroller,CANDIDATE_ONLY_MANUAL_REVIEW_REQUIRED,Similarity does not establish duplication; preserve both original entries
P0354,356,AVR Switch Timer using ATmega8 Microcontroller,P0534,536,AVR mod player using ATmega325 microcontroller,0.75,0.25,avr; microcontroller,CANDIDATE_ONLY_MANUAL_REVIEW_REQUIRED,Similarity does not establish duplication; preserve both original entries
P0378,380,AVR Data Logger with MicroSD using ATmega32 microcontroller,P0534,536,AVR mod player using ATmega325 microcontroller,0.75,0.2222,avr; microcontroller,CANDIDATE_ONLY_MANUAL_REVIEW_REQUIRED,Similarity does not establish duplication; preserve both original entries
P0584,586,RFID security system using ATmega32 microcontroller,P1869,1871,ATMEGA328P Microcontroller,0.75,0.2,microcontroller,CANDIDATE_ONLY_MANUAL_REVIEW_REQUIRED,Similarity does not establish duplication; preserve both original entries
P0344,346,AVR Based Operating System using ATMega32 microcontroller,P1869,1871,ATMEGA328P Microcontroller,0.75,0.2,microcontroller,CANDIDATE_ONLY_MANUAL_REVIEW_REQUIRED,Similarity does not establish duplication; preserve both original entries
P0394,396,AVR RGB LED and Sound Show using ATmega168 microcontroller,P0569,571,AVR LCD menu routine using ATmega8 microcontroller,0.75,0.1818,avr; microcontroller,CANDIDATE_ONLY_MANUAL_REVIEW_REQUIRED,Similarity does not establish duplication; preserve both original entries
P0088,90,Temperature Indicator Using attiny2313 micrcontroller,P0315,317,Beamer Control using attiny2313 microcontroller,0.75,0.1667,attiny2313,CANDIDATE_ONLY_MANUAL_REVIEW_REQUIRED,Similarity does not establish duplication; preserve both original entries
P0570,572,Servo motor control using Atmega8 microcontroller,P0604,606,The Prototino™ using ATmega168 microcontroller,0.75,0.1667,microcontroller,CANDIDATE_ONLY_MANUAL_REVIEW_REQUIRED,Similarity does not establish duplication; preserve both original entries
P0613,615,etherrape using ATmega644 microcontroller,P0615,617,Video Overlay using ATmega8 microcontroller,0.75,0.1667,microcontroller,CANDIDATE_ONLY_MANUAL_REVIEW_REQUIRED,Similarity does not establish duplication; preserve both original entries
P0444,446,Multimeter with Atmel using Atmega8-16pu microcontroller,P0613,615,etherrape using ATmega644 microcontroller,0.75,0.1429,microcontroller,CANDIDATE_ONLY_MANUAL_REVIEW_REQUIRED,Similarity does not establish duplication; preserve both original entries
P0544,546,MP3 Player using ATMega128 microcontroller,P1981,1983,Simple Standalone ATMega328p Microcontroller,0.75,0.1429,microcontroller,CANDIDATE_ONLY_MANUAL_REVIEW_REQUIRED,Similarity does not establish duplication; preserve both original entries
P0584,586,RFID security system using ATmega32 microcontroller,P0647,649,RSS Reader using ATmega8 microcontroller,0.75,0.1429,microcontroller,CANDIDATE_ONLY_MANUAL_REVIEW_REQUIRED,Similarity does not establish duplication; preserve both original entries
P0022,24,Delta Robot using atmega32 micrcontroller,P0023,25,CNC Update 2 Using atmega32 microcontroller,0.75,0.1429,atmega32,CANDIDATE_ONLY_MANUAL_REVIEW_REQUIRED,Similarity does not establish duplication; preserve both original entries
P0544,546,MP3 Player using ATMega128 microcontroller,P1186,1188,Alarm Clock using ATmega32 Microcontroller,0.75,0.1429,microcontroller,CANDIDATE_ONLY_MANUAL_REVIEW_REQUIRED,Similarity does not establish duplication; preserve both original entries
P0369,371,Mini Logic Analyzer using ATmega8 microcontroller,P0593,595,Minimalist Arduino using ATMega328P microcontroller,0.75,0.125,microcontroller,CANDIDATE_ONLY_MANUAL_REVIEW_REQUIRED,Similarity does not establish duplication; preserve both original entries
P0324,326,AVR Based CRO using Atmega16 microcontroller,P0446,448,Atmel Test Card using ATmega32 microcontroller,0.75,0.125,microcontroller,CANDIDATE_ONLY_MANUAL_REVIEW_REQUIRED,Similarity does not establish duplication; preserve both original entries
P0426,428,Nixie Clock with AVR using ATmega48 microcontroller,P1190,1192,Anti-Theft Alert System using ATmega8 Microcontroller,0.75,0.1111,microcontroller,CANDIDATE_ONLY_MANUAL_REVIEW_REQUIRED,Similarity does not establish duplication; preserve both original entries
P0082,84,Bluetooth Based Smart Home using atmega8 microcontroller,P0548,550,LED DOT Matrix Pong using ATMega16 Microcontroller,0.75,0.1111,microcontroller,CANDIDATE_ONLY_MANUAL_REVIEW_REQUIRED,Similarity does not establish duplication; preserve both original entries
P0534,536,AVR mod player using ATmega325 microcontroller,P2052,2054,DIY 3D LED Cube Using ATmega32 Microcontroller,0.75,0.1111,microcontroller,CANDIDATE_ONLY_MANUAL_REVIEW_REQUIRED,Similarity does not establish duplication; preserve both original entries
P0270,272,Ambient Light Gift Badge using ATTiny13 microcontroller,P0602,604,The Game of Life using ATtiny2313 microcontroller,0.75,0.1111,microcontroller,CANDIDATE_ONLY_MANUAL_REVIEW_REQUIRED,Similarity does not establish duplication; preserve both original entries
P0563,565,Programming AVR ADC module with WinAVR using Atmega8 microcontroller,P1988,1990,Programming in the C language for the ATmega16 microcontroller,0.7477,0.2222,microcontroller; programming,CANDIDATE_ONLY_MANUAL_REVIEW_REQUIRED,Similarity does not establish duplication; preserve both original entries
P1062,1064,How to interface GPS with AVR microcontroller (ATmega16),P1214,1216,How to interface RFID with AVR ATmega32 microcontroller,0.7475,0.5,avr; how; interface; microcontroller,CANDIDATE_ONLY_MANUAL_REVIEW_REQUIRED,Similarity does not establish duplication; preserve both original entries
P0245,247,Build Your Own BARBOT using AVR microcontroller,P2017,2019,Building Your Own Atmel AVR ISP Microcontroller Programmer,0.7475,0.4,avr; microcontroller; own; your,CANDIDATE_ONLY_MANUAL_REVIEW_REQUIRED,Similarity does not establish duplication; preserve both original entries
P0200,202,The Household Informer using atmega168 microcontroller,P0318,320,Power usage monitor using Atmel AVR using Atmega168 microcontroller,0.7475,0.2222,atmega168; microcontroller,CANDIDATE_ONLY_MANUAL_REVIEW_REQUIRED,Similarity does not establish duplication; preserve both original entries
P1193,1195,Touch Keypad Interfacing with ATmega32 Microcontroller,P1214,1216,How to interface RFID with AVR ATmega32 microcontroller,0.7475,0.2222,atmega32; microcontroller,CANDIDATE_ONLY_MANUAL_REVIEW_REQUIRED,Similarity does not establish duplication; preserve both original entries
P0085,87,DS1820 Temperature Controller using atmega8515 microcontroller,P0570,572,Servo motor control using Atmega8 microcontroller,0.7475,0.1429,microcontroller,CANDIDATE_ONLY_MANUAL_REVIEW_REQUIRED,Similarity does not establish duplication; preserve both original entries
P0570,572,Servo motor control using Atmega8 microcontroller,P1996,1998,Interfacing Servo Motor with Atmega32 Microcontroller,0.7473,0.5,microcontroller; motor; servo,CANDIDATE_ONLY_MANUAL_REVIEW_REQUIRED,Similarity does not establish duplication; preserve both original entries
P0535,537,Minimum Mass Waveform Capture using AVR microcontroller,P1092,1094,DIY – Waveform Generator using AVR Microcontroller,0.7473,0.375,avr; microcontroller; waveform,CANDIDATE_ONLY_MANUAL_REVIEW_REQUIRED,Similarity does not establish duplication; preserve both original entries
P1422,1424,How to work with the ADC unit of an AVR Micro-controller,P1423,1425,How to Work With 32K crystal and AVR Microcontroller,0.7473,0.3333,avr; how; work,CANDIDATE_ONLY_MANUAL_REVIEW_REQUIRED,Similarity does not establish duplication; preserve both original entries
P0944,946,Rock-Paper-Scissors Sensor Gloves Using atmega644,P1028,1030,Rock-Paper-Scissors-Spock-Lizard Game Using Atmega1284,0.7473,0.3,paper; rock; scissors,CANDIDATE_ONLY_MANUAL_REVIEW_REQUIRED,Similarity does not establish duplication; preserve both original entries
P0428,430,8 channel LCD Teperature meter using microcontroller,P0431,433,PC Temperature Meter using ATtiny15 microcontroller,0.7473,0.2857,meter; microcontroller,CANDIDATE_ONLY_MANUAL_REVIEW_REQUIRED,Similarity does not establish duplication; preserve both original entries
P0316,318,Programmer using ATMEGA8 microcontroller,P0563,565,Programming AVR ADC module with WinAVR using Atmega8 microcontroller,0.7473,0.25,atmega8; microcontroller,CANDIDATE_ONLY_MANUAL_REVIEW_REQUIRED,Similarity does not establish duplication; preserve both original entries
P0325,327,PCM Audio Based Door Bell using Atmega32 microcontroller,P0484,486,Analog audio panel for PC using ATMega328 microcontroller,0.7473,0.2222,audio; microcontroller,CANDIDATE_ONLY_MANUAL_REVIEW_REQUIRED,Similarity does not establish duplication; preserve both original entries
P1156,1158,Interfacing 16X2 LCD to AVR Microcontroller,P1191,1193,Joystick Interfacing with AVR Microcontroller,0.747,0.5,avr; interfacing; microcontroller,CANDIDATE_ONLY_MANUAL_REVIEW_REQUIRED,Similarity does not establish duplication; preserve both original entries
P0467,469,Interfacing DRAM Memory using AVR microcontroller,P1191,1193,Joystick Interfacing with AVR Microcontroller,0.747,0.5,avr; interfacing; microcontroller,CANDIDATE_ONLY_MANUAL_REVIEW_REQUIRED,Similarity does not establish duplication; preserve both original entries
P0328,330,8 LED Knight Rider using AVR microcontroller,P1183,1185,8×8 LED Matrix Interfacing with AVR Microcontroller,0.747,0.4286,avr; led; microcontroller,CANDIDATE_ONLY_MANUAL_REVIEW_REQUIRED,Similarity does not establish duplication; preserve both original entries
P0575,577,Project Development Board using ATTiny2313 microcontroller,P0602,604,The Game of Life using ATtiny2313 microcontroller,0.747,0.4,attiny2313; microcontroller,CANDIDATE_ONLY_MANUAL_REVIEW_REQUIRED,Similarity does not establish duplication; preserve both original entries
P0344,346,AVR Based Operating System using ATMega32 microcontroller,P1287,1289,Interfacing DC Motor with Atmega32 Microcontroller,0.747,0.3333,atmega32; microcontroller,CANDIDATE_ONLY_MANUAL_REVIEW_REQUIRED,Similarity does not establish duplication; preserve both original entries
P0584,586,RFID security system using ATmega32 microcontroller,P1287,1289,Interfacing DC Motor with Atmega32 Microcontroller,0.747,0.3333,atmega32; microcontroller,CANDIDATE_ONLY_MANUAL_REVIEW_REQUIRED,Similarity does not establish duplication; preserve both original entries
P0545,547,PS/2 to C64 Mouse Adapter using ATmega8 microcontroller,P0647,649,RSS Reader using ATmega8 microcontroller,0.747,0.2857,atmega8; microcontroller,CANDIDATE_ONLY_MANUAL_REVIEW_REQUIRED,Similarity does not establish duplication; preserve both original entries
P0604,606,The Prototino™ using ATmega168 microcontroller,P2003,2005,Introduction to the Atmel ATmega16 Microcontroller,0.747,0.1667,microcontroller,CANDIDATE_ONLY_MANUAL_REVIEW_REQUIRED,Similarity does not establish duplication; preserve both original entries
P0088,90,Temperature Indicator Using attiny2313 micrcontroller,P0320,322,Tea Timer using ATTiny2313 microcontroller,0.747,0.1429,attiny2313,CANDIDATE_ONLY_MANUAL_REVIEW_REQUIRED,Similarity does not establish duplication; preserve both original entries
P0366,368,AVR Based Mobile Phone using AVR ATmega128A microcontroller,P0544,546,MP3 Player using ATMega128 microcontroller,0.747,0.125,microcontroller,CANDIDATE_ONLY_MANUAL_REVIEW_REQUIRED,Similarity does not establish duplication; preserve both original entries
P0319,321,Kitchen Timer using ATTiny2313 microcontroller,P0327,329,6 LED Knight Rider using ATtiny22 microcontroller,0.747,0.125,microcontroller,CANDIDATE_ONLY_MANUAL_REVIEW_REQUIRED,Similarity does not establish duplication; preserve both original entries
P0022,24,Delta Robot using atmega32 micrcontroller,P1996,1998,Interfacing Servo Motor with Atmega32 Microcontroller,0.747,0.125,atmega32,CANDIDATE_ONLY_MANUAL_REVIEW_REQUIRED,Similarity does not establish duplication; preserve both original entries
P0310,312,LC Meter using AVR microcontroller,P0458,460,LC Resonant Frequency Meter using AVR microcontroller,0.7467,0.6,avr; meter; microcontroller,CANDIDATE_ONLY_MANUAL_REVIEW_REQUIRED,Similarity does not establish duplication; preserve both original entries
P0070,72,8 MHz frequency meter using AVR microcontroller,P1322,1324,Volt-Amp meter using AVR microcontroller,0.7467,0.4286,avr; meter; microcontroller,CANDIDATE_ONLY_MANUAL_REVIEW_REQUIRED,Similarity does not establish duplication; preserve both original entries
P0065,67,Stepper motor Control with Atmega16,P1288,1290,Stepper motor control with an ATmega8 microcontroller,0.7467,0.4,motor; stepper,CANDIDATE_ONLY_MANUAL_REVIEW_REQUIRED,Similarity does not establish duplication; preserve both original entries
P0570,572,Servo motor control using Atmega8 microcontroller,P0616,618,The WhereAVR using ATmega8 microcontroller,0.7467,0.4,atmega8; microcontroller,CANDIDATE_ONLY_MANUAL_REVIEW_REQUIRED,Similarity does not establish duplication; preserve both original entries
P0284,286,Reading Switches with using Attiny microcontrollers,P0642,644,USB Sensors with ATtiny Microcontrollers,0.7467,0.3333,attiny; microcontrollers,CANDIDATE_ONLY_MANUAL_REVIEW_REQUIRED,Similarity does not establish duplication; preserve both original entries
P0266,268,Arduino FTDI Header using ATmega8 microcontroller,P0616,618,The WhereAVR using ATmega8 microcontroller,0.7467,0.3333,atmega8; microcontroller,CANDIDATE_ONLY_MANUAL_REVIEW_REQUIRED,Similarity does not establish duplication; preserve both original entries
P0584,586,RFID security system using ATmega32 microcontroller,P1204,1206,LED Blinking with ATmega32 Microcontroller,0.7467,0.3333,atmega32; microcontroller,CANDIDATE_ONLY_MANUAL_REVIEW_REQUIRED,Similarity does not establish duplication; preserve both original entries
P0023,25,CNC Update 2 Using atmega32 microcontroller,P0584,586,RFID security system using ATmega32 microcontroller,0.7467,0.3333,atmega32; microcontroller,CANDIDATE_ONLY_MANUAL_REVIEW_REQUIRED,Similarity does not establish duplication; preserve both original entries
P0309,311,Power Supply using AVR microcontroller,P0533,535,Longboard Wheel Display using AVR microcontroller,0.7467,0.2857,avr; microcontroller,CANDIDATE_ONLY_MANUAL_REVIEW_REQUIRED,Similarity does not establish duplication; preserve both original entries
P0074,76,AVR GPS Locator using avr microcontroller,P0440,442,PWM Waveform Capture using AVR microcontroller,0.7467,0.2857,avr; microcontroller,CANDIDATE_ONLY_MANUAL_REVIEW_REQUIRED,Similarity does not establish duplication; preserve both original entries
P0370,372,AVR LED Candle using ATtiny85 microcontroller,P0546,548,LED Menorah using ATtiny13 microcontroller,0.7467,0.2857,led; microcontroller,CANDIDATE_ONLY_MANUAL_REVIEW_REQUIRED,Similarity does not establish duplication; preserve both original entries
P0077,79,LCD Thermometer TCN77 Using AVR Microcontroller,P1322,1324,Volt-Amp meter using AVR microcontroller,0.7467,0.25,avr; microcontroller,CANDIDATE_ONLY_MANUAL_REVIEW_REQUIRED,Similarity does not establish duplication; preserve both original entries
P0370,372,AVR LED Candle using ATtiny85 microcontroller,P0503,505,White LED Drive Circuit using Tiny microcontroller,0.7467,0.25,led; microcontroller,CANDIDATE_ONLY_MANUAL_REVIEW_REQUIRED,Similarity does not establish duplication; preserve both original entries
P0315,317,Beamer Control using attiny2313 microcontroller,P0594,596,Batwatch using ATtiny13V microcontroller,0.7467,0.2,microcontroller,CANDIDATE_ONLY_MANUAL_REVIEW_REQUIRED,Similarity does not establish duplication; preserve both original entries
P0344,346,AVR Based Operating System using ATMega32 microcontroller,P0604,606,The Prototino™ using ATmega168 microcontroller,0.7467,0.1667,microcontroller,CANDIDATE_ONLY_MANUAL_REVIEW_REQUIRED,Similarity does not establish duplication; preserve both original entries
P0546,548,LED Menorah using ATtiny13 microcontroller,P0602,604,The Game of Life using ATtiny2313 microcontroller,0.7467,0.1429,microcontroller,CANDIDATE_ONLY_MANUAL_REVIEW_REQUIRED,Similarity does not establish duplication; preserve both original entries
P0039,41,ATTiny Board For AVR ATTiny microcontrollers,P1950,1952,GETTING STARTED WITH AVR MICROCONTROLLER,0.7467,0.1429,avr,CANDIDATE_ONLY_MANUAL_REVIEW_REQUIRED,Similarity does not establish duplication; preserve both original entries
P0344,346,AVR Based Operating System using ATMega32 microcontroller,P0379,381,Ear Trainer using ATMega644 microcontroller,0.7467,0.1429,microcontroller,CANDIDATE_ONLY_MANUAL_REVIEW_REQUIRED,Similarity does not establish duplication; preserve both original entries
P0271,273,Color Sensor using Atmega16 microcontroller,P0584,586,RFID security system using ATmega32 microcontroller,0.7467,0.1429,microcontroller,CANDIDATE_ONLY_MANUAL_REVIEW_REQUIRED,Similarity does not establish duplication; preserve both original entries
P0037,39,Digital dimmer using Microcontroller atmega8,P1394,1396,First steps with micro controllers (ATMega8),0.7467,0.1429,atmega8,CANDIDATE_ONLY_MANUAL_REVIEW_REQUIRED,Similarity does not establish duplication; preserve both original entries
P0022,24,Delta Robot using atmega32 micrcontroller,P2052,2054,DIY 3D LED Cube Using ATmega32 Microcontroller,0.7467,0.125,atmega32,CANDIDATE_ONLY_MANUAL_REVIEW_REQUIRED,Similarity does not establish duplication; preserve both original entries
P1573,1575,AT89C2051 WITH DOT MATRIX DISPLAY APPLICATIONS,P1586,1588,AT89C51 5X7 LED MATRIX APPLICATION,0.7467,0.1111,matrix,CANDIDATE_ONLY_MANUAL_REVIEW_REQUIRED,Similarity does not establish duplication; preserve both original entries
P0074,76,AVR GPS Locator using avr microcontroller,P0311,313,Oscilloscope using AVR microcontroller,0.7463,0.4,avr; microcontroller,CANDIDATE_ONLY_MANUAL_REVIEW_REQUIRED,Similarity does not establish duplication; preserve both original entries
P0074,76,AVR GPS Locator using avr microcontroller,P1198,1200,0-99 Counter using AVR Microcontroller,0.7463,0.4,avr; microcontroller,CANDIDATE_ONLY_MANUAL_REVIEW_REQUIRED,Similarity does not establish duplication; preserve both original entries
P0429,431,Frequency counter using AVR microcontroller,P1187,1189,Fire Alarm System using AVR Microcontroller,0.7463,0.3333,avr; microcontroller,CANDIDATE_ONLY_MANUAL_REVIEW_REQUIRED,Similarity does not establish duplication; preserve both original entries
P0427,429,Packet Radio using AVR microcontroller,P1950,1952,GETTING STARTED WITH AVR MICROCONTROLLER,0.7463,0.3333,avr; microcontroller,CANDIDATE_ONLY_MANUAL_REVIEW_REQUIRED,Similarity does not establish duplication; preserve both original entries
P0313,315,Dimmer using ATTiny2313 microcontroller,P0594,596,Batwatch using ATtiny13V microcontroller,0.7463,0.2,microcontroller,CANDIDATE_ONLY_MANUAL_REVIEW_REQUIRED,Similarity does not establish duplication; preserve both original entries
P0316,318,Programmer using ATMEGA8 microcontroller,P0609,611,Evertool using ATmega16 microcontroller,0.7463,0.2,microcontroller,CANDIDATE_ONLY_MANUAL_REVIEW_REQUIRED,Similarity does not establish duplication; preserve both original entries
P0586,588,Air-Mouse using ATmega32 microcontroller,P0609,611,Evertool using ATmega16 microcontroller,0.7463,0.1667,microcontroller,CANDIDATE_ONLY_MANUAL_REVIEW_REQUIRED,Similarity does not establish duplication; preserve both original entries
P0324,326,AVR Based CRO using Atmega16 microcontroller,P0613,615,etherrape using ATmega644 microcontroller,0.7463,0.1667,microcontroller,CANDIDATE_ONLY_MANUAL_REVIEW_REQUIRED,Similarity does not establish duplication; preserve both original entries
P0617,619,HVProg using ATmega8535 microcontroller,P0647,649,RSS Reader using ATmega8 microcontroller,0.7463,0.1667,microcontroller,CANDIDATE_ONLY_MANUAL_REVIEW_REQUIRED,Similarity does not establish duplication; preserve both original entries
P0776,778,Nova Strike video game Using Atmega32,P0828,830,TouchPad video game Using Atmega32,0.7458,0.5,atmega32; game; video,CANDIDATE_ONLY_MANUAL_REVIEW_REQUIRED,Similarity does not establish duplication; preserve both original entries
P1063,1065,How to configure Watchdog Timers of AVR Microcontroller (ATmega16),P1085,1087,How to use inbuilt ADC of AVR microcontroller (ATmega16),0.7458,0.4,atmega16; avr; how; microcontroller,CANDIDATE_ONLY_MANUAL_REVIEW_REQUIRED,Similarity does not establish duplication; preserve both original entries
P0699,701,Wireless Keyboard Using Atmega32,P0738,740,Wireless Electromyograph using ATmega32,0.7458,0.3333,atmega32,CANDIDATE_ONLY_MANUAL_REVIEW_REQUIRED,Similarity does not establish duplication; preserve both original entries
P0704,706,Frogger Video Game Using Atmel Mega32,P0751,753,Arkanoid Video Game using Atmega32,0.7458,0.2857,game; video,CANDIDATE_ONLY_MANUAL_REVIEW_REQUIRED,Similarity does not establish duplication; preserve both original entries
P0609,611,Evertool using ATmega16 microcontroller,P1869,1871,ATMEGA328P Microcontroller,0.7458,0.25,microcontroller,CANDIDATE_ONLY_MANUAL_REVIEW_REQUIRED,Similarity does not establish duplication; preserve both original entries
P1087,1089,How to display text on 16×2 LCD using AVR microcontroller (ATmega16),P1858,1860,How to Use Hall Sensor with AVR Microcontroller ATmega16,0.7455,0.3636,atmega16; avr; how; microcontroller,CANDIDATE_ONLY_MANUAL_REVIEW_REQUIRED,Similarity does not establish duplication; preserve both original entries
P1068,1070,How to interface keypad with AVR microcontroller (ATmega16),P1214,1216,How to interface RFID with AVR ATmega32 microcontroller,0.7451,0.5,avr; how; interface; microcontroller,CANDIDATE_ONLY_MANUAL_REVIEW_REQUIRED,Similarity does not establish duplication; preserve both original entries
P0155,157,Getting started with VMUSIC2,P1952,1954,Getting Started with Atmel Studio,0.7451,0.4,getting; started,CANDIDATE_ONLY_MANUAL_REVIEW_REQUIRED,Similarity does not establish duplication; preserve both original entries
P1203,1205,Interfacing LCD with ATmega32 Microcontroller,P1867,1869,Interfacing 16×2 LCD with Atmega16 AVR Microcontroller in 4-Bit Mode,0.7451,0.3333,interfacing; lcd; microcontroller,CANDIDATE_ONLY_MANUAL_REVIEW_REQUIRED,Similarity does not establish duplication; preserve both original entries
P1862,1864,Line Follower Robot using AVR Microcontroller ATmega16,P1864,1866,Interfacing Stepper Motor with AVR Microcontroller Atmega16,0.7451,0.3333,atmega16; avr; microcontroller,CANDIDATE_ONLY_MANUAL_REVIEW_REQUIRED,Similarity does not establish duplication; preserve both original entries
P0224,226,Arduino Powered Binary Clock using ATmega168 microcontroller,P0385,387,AVR Power Usage Logger using ATmega168 microcontroller,0.7451,0.2,atmega168; microcontroller,CANDIDATE_ONLY_MANUAL_REVIEW_REQUIRED,Similarity does not establish duplication; preserve both original entries
P0063,65,Simple calculator using avr microcontroller Atmega16,P1862,1864,Line Follower Robot using AVR Microcontroller ATmega16,0.7447,0.375,atmega16; avr; microcontroller,CANDIDATE_ONLY_MANUAL_REVIEW_REQUIRED,Similarity does not establish duplication; preserve both original entries
P2070,2072,Dual Thermometer using ATmega8515 with Proteus Simulation,P2079,2081,Digital Melody Player using ATmega8 with Proteus Simulation,0.7447,0.25,proteus; simulation,CANDIDATE_ONLY_MANUAL_REVIEW_REQUIRED,Similarity does not establish duplication; preserve both original entries
P0208,210,The Word Clock – Arduino version using ATMega168 microcontroller,P1323,1325,Digital Clock using AVR Atmega16 Microcontroller,0.7447,0.25,clock; microcontroller,CANDIDATE_ONLY_MANUAL_REVIEW_REQUIRED,Similarity does not establish duplication; preserve both original entries
P0191,193,Assembling the Dragon Rider 500 for use with the AVR Dragon using ATmega88 microcontroller,P0255,257,How to use the Dragon Rider 500 with your AVR Dragon using ATtiny2313 microcontroller,0.7445,0.5455,500; avr; dragon; microcontroller; rider; use,CANDIDATE_ONLY_MANUAL_REVIEW_REQUIRED,Similarity does not establish duplication; preserve both original entries
P0264,266,How to use a 74HC595 Shift Register with a using AVR ATtiny13 microcontroller,P0543,545,How to drive 595 shift registers with AVR hardware SPI using ATmega168 microcontroller,0.7445,0.2857,avr; how; microcontroller; shift,CANDIDATE_ONLY_MANUAL_REVIEW_REQUIRED,Similarity does not establish duplication; preserve both original entries
P0774,776,MiniGolf video game with putter Using Atmel Mega32,P0797,799,MCU/FPGA color video Game Platform Using Atmel Mega32,0.7442,0.4,atmel; game; mega32; video,CANDIDATE_ONLY_MANUAL_REVIEW_REQUIRED,Similarity does not establish duplication; preserve both original entries
P1142,1144,Simple Single Motor Control using AVR ATmega16,P2015,2017,Master the Art of Servo Motor Control Using AVR ATmega16,0.7442,0.375,atmega16; avr; motor,CANDIDATE_ONLY_MANUAL_REVIEW_REQUIRED,Similarity does not establish duplication; preserve both original entries
P0315,317,Beamer Control using attiny2313 microcontroller,P0412,414,USB AVR programmer using ATtiny2313 microcontroller,0.7442,0.3333,attiny2313; microcontroller,CANDIDATE_ONLY_MANUAL_REVIEW_REQUIRED,Similarity does not establish duplication; preserve both original entries
P0299,301,Digital oscilloscope GLCD using Atmega32 microcontroller,P1186,1188,Alarm Clock using ATmega32 Microcontroller,0.7442,0.3333,atmega32; microcontroller,CANDIDATE_ONLY_MANUAL_REVIEW_REQUIRED,Similarity does not establish duplication; preserve both original entries
P0412,414,USB AVR programmer using ATtiny2313 microcontroller,P0588,590,AVR Thermometer using AT90S2313 microcontroller,0.7442,0.2857,avr; microcontroller,CANDIDATE_ONLY_MANUAL_REVIEW_REQUIRED,Similarity does not establish duplication; preserve both original entries
P0300,302,VGA monitor tester using ATTiny2313 microcontroller,P0572,574,AVR Programmer using ATTINY2313 microcontroller,0.7442,0.2857,attiny2313; microcontroller,CANDIDATE_ONLY_MANUAL_REVIEW_REQUIRED,Similarity does not establish duplication; preserve both original entries
P0300,302,VGA monitor tester using ATTiny2313 microcontroller,P0368,370,Clever Clapper using ATtiny2313 microcontroller,0.7442,0.2857,attiny2313; microcontroller,CANDIDATE_ONLY_MANUAL_REVIEW_REQUIRED,Similarity does not establish duplication; preserve both original entries
P0344,346,AVR Based Operating System using ATMega32 microcontroller,P0385,387,AVR Power Usage Logger using ATmega168 microcontroller,0.7442,0.25,avr; microcontroller,CANDIDATE_ONLY_MANUAL_REVIEW_REQUIRED,Similarity does not establish duplication; preserve both original entries
P0412,414,USB AVR programmer using ATtiny2313 microcontroller,P0551,553,LED Dog Collar using ATTINY2313 Microcontroller,0.7442,0.25,attiny2313; microcontroller,CANDIDATE_ONLY_MANUAL_REVIEW_REQUIRED,Similarity does not establish duplication; preserve both original entries
P0072,74,LCD Message Display Using AT Mega8 microcontroller,P0541,543,LED Matrix Display using TD62783 microcontroller,0.7442,0.25,display; microcontroller,CANDIDATE_ONLY_MANUAL_REVIEW_REQUIRED,Similarity does not establish duplication; preserve both original entries
P0059,61,LED wind indicator Using atmega8 Microcontroller,P0548,550,LED DOT Matrix Pong using ATMega16 Microcontroller,0.7442,0.2222,led; microcontroller,CANDIDATE_ONLY_MANUAL_REVIEW_REQUIRED,Similarity does not establish duplication; preserve both original entries
P0055,57,DIY TiX Clock using ATMEGA16 AVR microcontroller,P0548,550,LED DOT Matrix Pong using ATMega16 Microcontroller,0.7442,0.2,atmega16; microcontroller,CANDIDATE_ONLY_MANUAL_REVIEW_REQUIRED,Similarity does not establish duplication; preserve both original entries
P0864,866,Robot Plotter Using Atmega32,P1473,1475,RTTTL Player for the ATmega32,0.7442,0.2,atmega32,CANDIDATE_ONLY_MANUAL_REVIEW_REQUIRED,Similarity does not establish duplication; preserve both original entries
P0200,202,The Household Informer using atmega168 microcontroller,P0605,607,Sensor Interfacing using ATmega8 microcontroller,0.7442,0.1429,microcontroller,CANDIDATE_ONLY_MANUAL_REVIEW_REQUIRED,Similarity does not establish duplication; preserve both original entries
P1889,1891,ATMEL USB PROGRAMMER CIRCUIT ZIF SOCKET USBASP ATMEGA8,P1955,1957,Atmel AVR Programmer USB Circuit Atmega8,0.7436,0.5,atmega8; atmel; programmer; usb,CANDIDATE_ONLY_MANUAL_REVIEW_REQUIRED,Similarity does not establish duplication; preserve both original entries
P0295,297,Experimental board using ATTiny2313 microcontroller,P0313,315,Dimmer using ATTiny2313 microcontroller,0.7436,0.4,attiny2313; microcontroller,CANDIDATE_ONLY_MANUAL_REVIEW_REQUIRED,Similarity does not establish duplication; preserve both original entries
P0584,586,RFID security system using ATmega32 microcontroller,P1203,1205,Interfacing LCD with ATmega32 Microcontroller,0.7436,0.3333,atmega32; microcontroller,CANDIDATE_ONLY_MANUAL_REVIEW_REQUIRED,Similarity does not establish duplication; preserve both original entries
P0344,346,AVR Based Operating System using ATMega32 microcontroller,P0354,356,AVR Switch Timer using ATmega8 Microcontroller,0.7436,0.2857,avr; microcontroller,CANDIDATE_ONLY_MANUAL_REVIEW_REQUIRED,Similarity does not establish duplication; preserve both original entries
P1631,1633,Line Follower Robot using Microcontroller,P1699,1701,Voice Controlled Robot Using 8051 Microcontroller,0.7436,0.2857,microcontroller; robot,CANDIDATE_ONLY_MANUAL_REVIEW_REQUIRED,Similarity does not establish duplication; preserve both original entries
P0055,57,DIY TiX Clock using ATMEGA16 AVR microcontroller,P1186,1188,Alarm Clock using ATmega32 Microcontroller,0.7436,0.25,clock; microcontroller,CANDIDATE_ONLY_MANUAL_REVIEW_REQUIRED,Similarity does not establish duplication; preserve both original entries
P0200,202,The Household Informer using atmega168 microcontroller,P0316,318,Programmer using ATMEGA8 microcontroller,0.7436,0.1667,microcontroller,CANDIDATE_ONLY_MANUAL_REVIEW_REQUIRED,Similarity does not establish duplication; preserve both original entries
P0141,143,Stripboard Arduino using ATMega168 microcontroller,P0539,541,AvrPhone using ATmega128 microcontroller,0.7436,0.1667,microcontroller,CANDIDATE_ONLY_MANUAL_REVIEW_REQUIRED,Similarity does not establish duplication; preserve both original entries
P0539,541,AvrPhone using ATmega128 microcontroller,P1981,1983,Simple Standalone ATMega328p Microcontroller,0.7436,0.1667,microcontroller,CANDIDATE_ONLY_MANUAL_REVIEW_REQUIRED,Similarity does not establish duplication; preserve both original entries
P0082,84,Bluetooth Based Smart Home using atmega8 microcontroller,P0539,541,AvrPhone using ATmega128 microcontroller,0.7436,0.1667,microcontroller,CANDIDATE_ONLY_MANUAL_REVIEW_REQUIRED,Similarity does not establish duplication; preserve both original entries
P0200,202,The Household Informer using atmega168 microcontroller,P0647,649,RSS Reader using ATmega8 microcontroller,0.7436,0.1429,microcontroller,CANDIDATE_ONLY_MANUAL_REVIEW_REQUIRED,Similarity does not establish duplication; preserve both original entries
P0322,324,Easy Breadboarding using ATMega microcontroller,P1204,1206,LED Blinking with ATmega32 Microcontroller,0.7436,0.1429,microcontroller,CANDIDATE_ONLY_MANUAL_REVIEW_REQUIRED,Similarity does not establish duplication; preserve both original entries
P0036,38,Digital Voltmeter using Microcontroller Atmega8,P1394,1396,First steps with micro controllers (ATMega8),0.7436,0.1429,atmega8,CANDIDATE_ONLY_MANUAL_REVIEW_REQUIRED,Similarity does not establish duplication; preserve both original entries
P0539,541,AvrPhone using ATmega128 microcontroller,P0548,550,LED DOT Matrix Pong using ATMega16 Microcontroller,0.7436,0.125,microcontroller,CANDIDATE_ONLY_MANUAL_REVIEW_REQUIRED,Similarity does not establish duplication; preserve both original entries
P0534,536,AVR mod player using ATmega325 microcontroller,P0584,586,RFID security system using ATmega32 microcontroller,0.7436,0.125,microcontroller,CANDIDATE_ONLY_MANUAL_REVIEW_REQUIRED,Similarity does not establish duplication; preserve both original entries
P0030,32,Ultrasonic range finder using ATMega8515,P0771,773,Handheld Ultrasonic Rangefinder Using Atmel Mega32,0.7436,0.125,ultrasonic,CANDIDATE_ONLY_MANUAL_REVIEW_REQUIRED,Similarity does not establish duplication; preserve both original entries
P0379,381,Ear Trainer using ATMega644 microcontroller,P1202,1204,Power LED Dimmer using ATmega32 Microcontroller,0.7436,0.125,microcontroller,CANDIDATE_ONLY_MANUAL_REVIEW_REQUIRED,Similarity does not establish duplication; preserve both original entries
P1295,1297,Interfacing GSM Module with Atmega32 AVR microcontroller,P1994,1996,Interfacing LCD 16×2 with ATMEGA32 AVR Microcontroller in 4-bit mode,0.7434,0.4,atmega32; avr; interfacing; microcontroller,CANDIDATE_ONLY_MANUAL_REVIEW_REQUIRED,Similarity does not establish duplication; preserve both original entries
P0276,278,Intelligent temperature monitoring and control system using AVR microcontroller,P1096,1098,Stepper Motor Angle Control using AVR Microcontroller,0.7434,0.25,avr; microcontroller,CANDIDATE_ONLY_MANUAL_REVIEW_REQUIRED,Similarity does not establish duplication; preserve both original entries
P0001,3,UPS Schematic Circuit Diagram,P0003,5,PowerMan UPS Schematic,0.7429,0.6667,schematic; ups,CANDIDATE_ONLY_MANUAL_REVIEW_REQUIRED,Similarity does not establish duplication; preserve both original entries
P1295,1297,Interfacing GSM Module with Atmega32 AVR microcontroller,P1415,1417,Interfacing HC-05 Bluetooth module with AVR Microcontroller,0.7429,0.5714,avr; interfacing; microcontroller; module,CANDIDATE_ONLY_MANUAL_REVIEW_REQUIRED,Similarity does not establish duplication; preserve both original entries
P0744,746,Duckhunt video game using Atmel Mega32,P0759,761,Scorched Earth video game using Atmel Mega32,0.7429,0.5714,atmel; game; mega32; video,CANDIDATE_ONLY_MANUAL_REVIEW_REQUIRED,Similarity does not establish duplication; preserve both original entries
P1869,1871,ATMEGA328P Microcontroller,P1981,1983,Simple Standalone ATMega328p Microcontroller,0.7429,0.5,atmega328p; microcontroller,CANDIDATE_ONLY_MANUAL_REVIEW_REQUIRED,Similarity does not establish duplication; preserve both original entries
P0357,359,AVR Thermocouple Temperature Meter using ATmega164 microcontroller,P0431,433,PC Temperature Meter using ATtiny15 microcontroller,0.7429,0.4286,meter; microcontroller; temperature,CANDIDATE_ONLY_MANUAL_REVIEW_REQUIRED,Similarity does not establish duplication; preserve both original entries
P1576,1578,USB PORT RELAY CONTROL WITH ATMEL ATMEGA8,P1608,1610,USB TO LPT CONVERTER CIRCUIT WITH ATMEL ATMEGA8,0.7429,0.4286,atmega8; atmel; usb,CANDIDATE_ONLY_MANUAL_REVIEW_REQUIRED,Similarity does not establish duplication; preserve both original entries
P1087,1089,How to display text on 16×2 LCD using AVR microcontroller (ATmega16),P1863,1865,How to use ADC in AVR Microcontroller ATmega16,0.7429,0.4,atmega16; avr; how; microcontroller,CANDIDATE_ONLY_MANUAL_REVIEW_REQUIRED,Similarity does not establish duplication; preserve both original entries
P0465,467,Ponyprog Circuit for ATMEL’S AVR using microcontroller,P1950,1952,GETTING STARTED WITH AVR MICROCONTROLLER,0.7429,0.3333,avr; microcontroller,CANDIDATE_ONLY_MANUAL_REVIEW_REQUIRED,Similarity does not establish duplication; preserve both original entries
P0328,330,8 LED Knight Rider using AVR microcontroller,P1198,1200,0-99 Counter using AVR Microcontroller,0.7429,0.3333,avr; microcontroller,CANDIDATE_ONLY_MANUAL_REVIEW_REQUIRED,Similarity does not establish duplication; preserve both original entries
P0723,725,RoboDog using ATMega32,P0740,742,WeatherDog Using ATMega32,0.7429,0.3333,atmega32,CANDIDATE_ONLY_MANUAL_REVIEW_REQUIRED,Similarity does not establish duplication; preserve both original entries
P1062,1064,How to interface GPS with AVR microcontroller (ATmega16),P1080,1082,RFID interfacing with AVR microcontroller (ATmega16) using interrupts,0.7429,0.3333,atmega16; avr; microcontroller,CANDIDATE_ONLY_MANUAL_REVIEW_REQUIRED,Similarity does not establish duplication; preserve both original entries
P0433,435,Capacitance Meter using AVR microcontroller,P0436,438,8 Channel PWM using AVR microcontroller,0.7429,0.3333,avr; microcontroller,CANDIDATE_ONLY_MANUAL_REVIEW_REQUIRED,Similarity does not establish duplication; preserve both original entries
P0065,67,Stepper motor Control with Atmega16,P1142,1144,Simple Single Motor Control using AVR ATmega16,0.7429,0.3333,atmega16; motor,CANDIDATE_ONLY_MANUAL_REVIEW_REQUIRED,Similarity does not establish duplication; preserve both original entries
P0581,583,Wall of Pong using ATmega32 microcontroller,P0617,619,HVProg using ATmega8535 microcontroller,0.7429,0.1667,microcontroller,CANDIDATE_ONLY_MANUAL_REVIEW_REQUIRED,Similarity does not establish duplication; preserve both original entries
P0584,586,RFID security system using ATmega32 microcontroller,P0616,618,The WhereAVR using ATmega8 microcontroller,0.7429,0.1667,microcontroller,CANDIDATE_ONLY_MANUAL_REVIEW_REQUIRED,Similarity does not establish duplication; preserve both original entries
P0615,617,Video Overlay using ATmega8 microcontroller,P0617,619,HVProg using ATmega8535 microcontroller,0.7429,0.1667,microcontroller,CANDIDATE_ONLY_MANUAL_REVIEW_REQUIRED,Similarity does not establish duplication; preserve both original entries
P0344,346,AVR Based Operating System using ATMega32 microcontroller,P0616,618,The WhereAVR using ATmega8 microcontroller,0.7429,0.1667,microcontroller,CANDIDATE_ONLY_MANUAL_REVIEW_REQUIRED,Similarity does not establish duplication; preserve both original entries
P0544,546,MP3 Player using ATMega128 microcontroller,P0586,588,Air-Mouse using ATmega32 microcontroller,0.7429,0.1429,microcontroller,CANDIDATE_ONLY_MANUAL_REVIEW_REQUIRED,Similarity does not establish duplication; preserve both original entries
P0256,258,Getting Started with Atmel AVR and BASCOM using attiny26 microcontroller,P1637,1639,Getting Started With Atmel AVR and BASCOM,0.7423,0.7143,atmel; avr; bascom; getting; started,CANDIDATE_ONLY_MANUAL_REVIEW_REQUIRED,Similarity does not establish duplication; preserve both original entries
P1287,1289,Interfacing DC Motor with Atmega32 Microcontroller,P1866,1868,Interfacing Servo Motor with AVR Microcontroller Atmega16,0.7423,0.4286,interfacing; microcontroller; motor,CANDIDATE_ONLY_MANUAL_REVIEW_REQUIRED,Similarity does not establish duplication; preserve both original entries
P1193,1195,Touch Keypad Interfacing with ATmega32 Microcontroller,P1996,1998,Interfacing Servo Motor with Atmega32 Microcontroller,0.7423,0.4286,atmega32; interfacing; microcontroller,CANDIDATE_ONLY_MANUAL_REVIEW_REQUIRED,Similarity does not establish duplication; preserve both original entries
P1427,1429,Avr Atmega8 Microcontroller – An Introduction,P1894,1896,AVR Atmega8 Microcontroller Architecture & Its Applications,0.7423,0.4286,atmega8; avr; microcontroller,CANDIDATE_ONLY_MANUAL_REVIEW_REQUIRED,Similarity does not establish duplication; preserve both original entries
P1156,1158,Interfacing 16X2 LCD to AVR Microcontroller,P1415,1417,Interfacing HC-05 Bluetooth module with AVR Microcontroller,0.7423,0.4286,avr; interfacing; microcontroller,CANDIDATE_ONLY_MANUAL_REVIEW_REQUIRED,Similarity does not establish duplication; preserve both original entries
P1857,1859,Interfacing DC Motor with AVR Microcontroller Atmega16,P1996,1998,Interfacing Servo Motor with Atmega32 Microcontroller,0.7423,0.4286,interfacing; microcontroller; motor,CANDIDATE_ONLY_MANUAL_REVIEW_REQUIRED,Similarity does not establish duplication; preserve both original entries
P1295,1297,Interfacing GSM Module with Atmega32 AVR microcontroller,P1991,1993,4×4 Keypad Interfacing with ATmega32 Microcontroller,0.7423,0.4286,atmega32; interfacing; microcontroller,CANDIDATE_ONLY_MANUAL_REVIEW_REQUIRED,Similarity does not establish duplication; preserve both original entries
P1857,1859,Interfacing DC Motor with AVR Microcontroller Atmega16,P1862,1864,Line Follower Robot using AVR Microcontroller ATmega16,0.7423,0.375,atmega16; avr; microcontroller,CANDIDATE_ONLY_MANUAL_REVIEW_REQUIRED,Similarity does not establish duplication; preserve both original entries
P0288,290,Tetris and Snake with one AVR using Atmega168 microcontroller,P0366,368,AVR Based Mobile Phone using AVR ATmega128A microcontroller,0.7423,0.2222,avr; microcontroller,CANDIDATE_ONLY_MANUAL_REVIEW_REQUIRED,Similarity does not establish duplication; preserve both original entries
P0066,68,Digital Melody player using atmega16 microcontroller,P0717,719,Digital voice recorder using Atmel Mega32 microcontroller,0.7423,0.125,microcontroller,CANDIDATE_ONLY_MANUAL_REVIEW_REQUIRED,Similarity does not establish duplication; preserve both original entries
P0731,733,Missle Command video game using Atmega32,P0828,830,TouchPad video game Using Atmega32,0.7419,0.5,atmega32; game; video,CANDIDATE_ONLY_MANUAL_REVIEW_REQUIRED,Similarity does not establish duplication; preserve both original entries
P0731,733,Missle Command video game using Atmega32,P0751,753,Arkanoid Video Game using Atmega32,0.7419,0.5,atmega32; game; video,CANDIDATE_ONLY_MANUAL_REVIEW_REQUIRED,Similarity does not establish duplication; preserve both original entries
P0751,753,Arkanoid Video Game using Atmega32,P0853,855,3D Maze in a Box video game Using Atmega32,0.7419,0.5,atmega32; game; video,CANDIDATE_ONLY_MANUAL_REVIEW_REQUIRED,Similarity does not establish duplication; preserve both original entries
P0418,420,Atmel avr usb programmer using ATMEGA8 microcontroller,P0572,574,AVR Programmer using ATTINY2313 microcontroller,0.7416,0.4286,avr; microcontroller; programmer,CANDIDATE_ONLY_MANUAL_REVIEW_REQUIRED,Similarity does not establish duplication; preserve both original entries
P2074,2076,I/O Expander with 8255A using ATmega16 with Proteus Simulation,P2077,2079,AVR DAC using TLC5615 with ATmega16 using Proteus Simulation,0.7416,0.375,atmega16; proteus; simulation,CANDIDATE_ONLY_MANUAL_REVIEW_REQUIRED,Similarity does not establish duplication; preserve both original entries
P1096,1098,Stepper Motor Angle Control using AVR Microcontroller,P1147,1149,PWM Based DC Motor Speed Control using Microcontroller,0.7416,0.2857,microcontroller; motor,CANDIDATE_ONLY_MANUAL_REVIEW_REQUIRED,Similarity does not establish duplication; preserve both original entries
P0179,181,Build the Penguin game system using ATMega32/644 microcontroller,P2047,2049,RFID-Based Security System with AVR ATmega32 Microcontroller,0.7416,0.2222,atmega32; microcontroller,CANDIDATE_ONLY_MANUAL_REVIEW_REQUIRED,Similarity does not establish duplication; preserve both original entries
P0385,387,AVR Power Usage Logger using ATmega168 microcontroller,P1202,1204,Power LED Dimmer using ATmega32 Microcontroller,0.7416,0.2222,microcontroller; power,CANDIDATE_ONLY_MANUAL_REVIEW_REQUIRED,Similarity does not establish duplication; preserve both original entries
P0179,181,Build the Penguin game system using ATMega32/644 microcontroller,P2025,2027,RFID based security system using AVR ATmega32 microcontroller,0.7416,0.2222,atmega32; microcontroller,CANDIDATE_ONLY_MANUAL_REVIEW_REQUIRED,Similarity does not establish duplication; preserve both original entries
P0179,181,Build the Penguin game system using ATMega32/644 microcontroller,P1237,1239,RFID based security system using AVR ATmega32 microcontroller,0.7416,0.2222,atmega32; microcontroller,CANDIDATE_ONLY_MANUAL_REVIEW_REQUIRED,Similarity does not establish duplication; preserve both original entries
P0039,41,ATTiny Board For AVR ATTiny microcontrollers,P0554,556,DIY USB password generator using ATtiny Microcontroller,0.7416,0.1111,attiny,CANDIDATE_ONLY_MANUAL_REVIEW_REQUIRED,Similarity does not establish duplication; preserve both original entries
P0577,579,The Self-Driving Toy Car using ATmega1284 microcontroller,P2047,2049,RFID-Based Security System with AVR ATmega32 Microcontroller,0.7416,0.1,microcontroller,CANDIDATE_ONLY_MANUAL_REVIEW_REQUIRED,Similarity does not establish duplication; preserve both original entries
P0577,579,The Self-Driving Toy Car using ATmega1284 microcontroller,P1237,1239,RFID based security system using AVR ATmega32 microcontroller,0.7416,0.1,microcontroller,CANDIDATE_ONLY_MANUAL_REVIEW_REQUIRED,Similarity does not establish duplication; preserve both original entries
P0577,579,The Self-Driving Toy Car using ATmega1284 microcontroller,P2025,2027,RFID based security system using AVR ATmega32 microcontroller,0.7416,0.1,microcontroller,CANDIDATE_ONLY_MANUAL_REVIEW_REQUIRED,Similarity does not establish duplication; preserve both original entries
P1075,1077,SPI (serial peripheral interface) using AVR microcontroller (ATmega16),P1386,1388,PIR motion sensor interface with AVR-microcontroller ATMEGA32,0.7414,0.2727,avr; interface; microcontroller,CANDIDATE_ONLY_MANUAL_REVIEW_REQUIRED,Similarity does not establish duplication; preserve both original entries
P1080,1082,RFID interfacing with AVR microcontroller (ATmega16) using interrupts,P1866,1868,Interfacing Servo Motor with AVR Microcontroller Atmega16,0.7407,0.5,atmega16; avr; interfacing; microcontroller,CANDIDATE_ONLY_MANUAL_REVIEW_REQUIRED,Similarity does not establish duplication; preserve both original entries
P0344,346,AVR Based Operating System using ATMega32 microcontroller,P0388,390,SMS Based Voting System – AVR GSM Project using ATmega32 microcontroller,0.7407,0.4286,atmega32; avr; microcontroller,CANDIDATE_ONLY_MANUAL_REVIEW_REQUIRED,Similarity does not establish duplication; preserve both original entries
P1706,1708,DIY Cheapest Bluetooth Controlled Home Automation,P2028,2030,VOICE CONTROLLED HOME AUTOMATION SYSTEM,0.7407,0.4286,automation; controlled; home,CANDIDATE_ONLY_MANUAL_REVIEW_REQUIRED,Similarity does not establish duplication; preserve both original entries
P1165,1167,Getting Started With the ATMega328P,P1952,1954,Getting Started with Atmel Studio,0.7407,0.4,getting; started,CANDIDATE_ONLY_MANUAL_REVIEW_REQUIRED,Similarity does not establish duplication; preserve both original entries
P1062,1064,How to interface GPS with AVR microcontroller (ATmega16),P1087,1089,How to display text on 16×2 LCD using AVR microcontroller (ATmega16),0.7407,0.4,atmega16; avr; how; microcontroller,CANDIDATE_ONLY_MANUAL_REVIEW_REQUIRED,Similarity does not establish duplication; preserve both original entries
P0592,594,AVR DDS signal generator V1.0 using ATmega8,P0619,621,USB controlled DDS signal generator with ATmega88,0.7407,0.375,dds; generator; signal,CANDIDATE_ONLY_MANUAL_REVIEW_REQUIRED,Similarity does not establish duplication; preserve both original entries
P0323,325,Dotmatrix using ATtiny2313 microcontroller,P0412,414,USB AVR programmer using ATtiny2313 microcontroller,0.7407,0.3333,attiny2313; microcontroller,CANDIDATE_ONLY_MANUAL_REVIEW_REQUIRED,Similarity does not establish duplication; preserve both original entries
P0316,318,Programmer using ATMEGA8 microcontroller,P0408,410,RCEN fuse programmer using AT90S1200A microcontroller,0.7407,0.3333,microcontroller; programmer,CANDIDATE_ONLY_MANUAL_REVIEW_REQUIRED,Similarity does not establish duplication; preserve both original entries
P0605,607,Sensor Interfacing using ATmega8 microcontroller,P1061,1063,Interfacing SD Card with AVR Microcontroller,0.7407,0.3333,interfacing; microcontroller,CANDIDATE_ONLY_MANUAL_REVIEW_REQUIRED,Similarity does not establish duplication; preserve both original entries
P1068,1070,How to interface keypad with AVR microcontroller (ATmega16),P1386,1388,PIR motion sensor interface with AVR-microcontroller ATMEGA32,0.7407,0.3,avr; interface; microcontroller,CANDIDATE_ONLY_MANUAL_REVIEW_REQUIRED,Similarity does not establish duplication; preserve both original entries
P1202,1204,Power LED Dimmer using ATmega32 Microcontroller,P1203,1205,Interfacing LCD with ATmega32 Microcontroller,0.7407,0.2857,atmega32; microcontroller,CANDIDATE_ONLY_MANUAL_REVIEW_REQUIRED,Similarity does not establish duplication; preserve both original entries
P0750,752,Reversi Video Game Using ATmega32,P0757,759,Star Duel video game Using Mega32,0.7407,0.2857,game; video,CANDIDATE_ONLY_MANUAL_REVIEW_REQUIRED,Similarity does not establish duplication; preserve both original entries
P0328,330,8 LED Knight Rider using AVR microcontroller,P0460,462,RF Field Strength meter using AVR microcontroller,0.7407,0.25,avr; microcontroller,CANDIDATE_ONLY_MANUAL_REVIEW_REQUIRED,Similarity does not establish duplication; preserve both original entries
P0023,25,CNC Update 2 Using atmega32 microcontroller,P0325,327,PCM Audio Based Door Bell using Atmega32 microcontroller,0.7407,0.25,atmega32; microcontroller,CANDIDATE_ONLY_MANUAL_REVIEW_REQUIRED,Similarity does not establish duplication; preserve both original entries
P0548,550,LED DOT Matrix Pong using ATMega16 Microcontroller,P1204,1206,LED Blinking with ATmega32 Microcontroller,0.7407,0.25,led; microcontroller,CANDIDATE_ONLY_MANUAL_REVIEW_REQUIRED,Similarity does not establish duplication; preserve both original entries
P0200,202,The Household Informer using atmega168 microcontroller,P0271,273,Color Sensor using Atmega16 microcontroller,0.7407,0.1429,microcontroller,CANDIDATE_ONLY_MANUAL_REVIEW_REQUIRED,Similarity does not establish duplication; preserve both original entries
P0295,297,Experimental board using ATTiny2313 microcontroller,P0546,548,LED Menorah using ATtiny13 microcontroller,0.7407,0.1429,microcontroller,CANDIDATE_ONLY_MANUAL_REVIEW_REQUIRED,Similarity does not establish duplication; preserve both original entries
P0200,202,The Household Informer using atmega168 microcontroller,P0379,381,Ear Trainer using ATMega644 microcontroller,0.7407,0.1429,microcontroller,CANDIDATE_ONLY_MANUAL_REVIEW_REQUIRED,Similarity does not establish duplication; preserve both original entries
P0866,868,Musical Blocks Using Atmel ATmega 644,P0904,906,Guitar Blocks Using Atmega644,0.7407,0.1429,blocks,CANDIDATE_ONLY_MANUAL_REVIEW_REQUIRED,Similarity does not establish duplication; preserve both original entries
P1204,1206,LED Blinking with ATmega32 Microcontroller,P1981,1983,Simple Standalone ATMega328p Microcontroller,0.7407,0.1429,microcontroller,CANDIDATE_ONLY_MANUAL_REVIEW_REQUIRED,Similarity does not establish duplication; preserve both original entries
P0593,595,Minimalist Arduino using ATMega328P microcontroller,P1186,1188,Alarm Clock using ATmega32 Microcontroller,0.7407,0.1429,microcontroller,CANDIDATE_ONLY_MANUAL_REVIEW_REQUIRED,Similarity does not establish duplication; preserve both original entries
P0446,448,Atmel Test Card using ATmega32 microcontroller,P0459,461,Digital Telemetry using ATMega8 microcontroller,0.7407,0.1429,microcontroller,CANDIDATE_ONLY_MANUAL_REVIEW_REQUIRED,Similarity does not establish duplication; preserve both original entries
P0366,368,AVR Based Mobile Phone using AVR ATmega128A microcontroller,P0586,588,Air-Mouse using ATmega32 microcontroller,0.7407,0.125,microcontroller,CANDIDATE_ONLY_MANUAL_REVIEW_REQUIRED,Similarity does not establish duplication; preserve both original entries
P0300,302,VGA monitor tester using ATTiny2313 microcontroller,P0546,548,LED Menorah using ATtiny13 microcontroller,0.7407,0.125,microcontroller,CANDIDATE_ONLY_MANUAL_REVIEW_REQUIRED,Similarity does not establish duplication; preserve both original entries
P0046,48,Box with a Music Lock using ATMega328P Microcontroller,P0532,534,AttoBasic HOME using Atmega168 microcontroller,0.7407,0.125,microcontroller,CANDIDATE_ONLY_MANUAL_REVIEW_REQUIRED,Similarity does not establish duplication; preserve both original entries
P0314,316,Door Opener using ATTiny2313 microcontroller,P0414,416,Midi Generator using ATtiny26-8PI microcontroller,0.7407,0.125,microcontroller,CANDIDATE_ONLY_MANUAL_REVIEW_REQUIRED,Similarity does not establish duplication; preserve both original entries
P0381,383,DC Servomotor Controller System Meter using ATtiny2313 microcontroller,P1398,1400,Servo Motor Control by Using AVR ATmega32 Microcontroller,0.7407,0.125,microcontroller,CANDIDATE_ONLY_MANUAL_REVIEW_REQUIRED,Similarity does not establish duplication; preserve both original entries
P0046,48,Box with a Music Lock using ATMega328P Microcontroller,P1203,1205,Interfacing LCD with ATmega32 Microcontroller,0.7407,0.125,microcontroller,CANDIDATE_ONLY_MANUAL_REVIEW_REQUIRED,Similarity does not establish duplication; preserve both original entries
P0072,74,LCD Message Display Using AT Mega8 microcontroller,P0615,617,Video Overlay using ATmega8 microcontroller,0.7407,0.125,microcontroller,CANDIDATE_ONLY_MANUAL_REVIEW_REQUIRED,Similarity does not establish duplication; preserve both original entries
P0341,343,Open Source AVR Temperature Controller using ATmega48 microcontroller,P1288,1290,Stepper motor control with an ATmega8 microcontroller,0.7407,0.1111,microcontroller,CANDIDATE_ONLY_MANUAL_REVIEW_REQUIRED,Similarity does not establish duplication; preserve both original entries
P0282,284,The simple joule thief using AVR microcontrollers,P0471,473,A SIMPLE MANUAL CURVE TRACER using microcontroller,0.7407,0.1111,simple,CANDIDATE_ONLY_MANUAL_REVIEW_REQUIRED,Similarity does not establish duplication; preserve both original entries
P0379,381,Ear Trainer using ATMega644 microcontroller,P0569,571,AVR LCD menu routine using ATmega8 microcontroller,0.7407,0.1111,microcontroller,CANDIDATE_ONLY_MANUAL_REVIEW_REQUIRED,Similarity does not establish duplication; preserve both original entries
P0379,381,Ear Trainer using ATMega644 microcontroller,P0548,550,LED DOT Matrix Pong using ATMega16 Microcontroller,0.7407,0.1111,microcontroller,CANDIDATE_ONLY_MANUAL_REVIEW_REQUIRED,Similarity does not establish duplication; preserve both original entries
P0405,407,Acceleration sensing USB interface using Atmega8 microcontroller,P0605,607,Sensor Interfacing using ATmega8 microcontroller,0.74,0.25,atmega8; microcontroller,CANDIDATE_ONLY_MANUAL_REVIEW_REQUIRED,Similarity does not establish duplication; preserve both original entries
P0373,375,AVR Security Keypad Lock using ATtiny2313 microcontroller,P0438,440,Morse Code Alarm Clock using ATtiny2313 microcontroller,0.74,0.2,attiny2313; microcontroller,CANDIDATE_ONLY_MANUAL_REVIEW_REQUIRED,Similarity does not establish duplication; preserve both original entries
P0381,383,DC Servomotor Controller System Meter using ATtiny2313 microcontroller,P0570,572,Servo motor control using Atmega8 microcontroller,0.74,0.1429,microcontroller,CANDIDATE_ONLY_MANUAL_REVIEW_REQUIRED,Similarity does not establish duplication; preserve both original entries
P0163,165,Development system for PIC and AVR microcontrollers,P0404,406,Wireless Lan for AVR microcontrollers,0.7397,0.5,avr; microcontrollers,CANDIDATE_ONLY_MANUAL_REVIEW_REQUIRED,Similarity does not establish duplication; preserve both original entries
P0023,25,CNC Update 2 Using atmega32 microcontroller,P1186,1188,Alarm Clock using ATmega32 Microcontroller,0.7397,0.3333,atmega32; microcontroller,CANDIDATE_ONLY_MANUAL_REVIEW_REQUIRED,Similarity does not establish duplication; preserve both original entries
P0070,72,8 MHz frequency meter using AVR microcontroller,P1198,1200,0-99 Counter using AVR Microcontroller,0.7397,0.3333,avr; microcontroller,CANDIDATE_ONLY_MANUAL_REVIEW_REQUIRED,Similarity does not establish duplication; preserve both original entries
P0322,324,Easy Breadboarding using ATMega microcontroller,P0324,326,AVR Based CRO using Atmega16 microcontroller,0.7397,0.1429,microcontroller,CANDIDATE_ONLY_MANUAL_REVIEW_REQUIRED,Similarity does not establish duplication; preserve both original entries
P0271,273,Color Sensor using Atmega16 microcontroller,P0544,546,MP3 Player using ATMega128 microcontroller,0.7397,0.1429,microcontroller,CANDIDATE_ONLY_MANUAL_REVIEW_REQUIRED,Similarity does not establish duplication; preserve both original entries
P0022,24,Delta Robot using atmega32 micrcontroller,P0584,586,RFID security system using ATmega32 microcontroller,0.7397,0.1429,atmega32,CANDIDATE_ONLY_MANUAL_REVIEW_REQUIRED,Similarity does not establish duplication; preserve both original entries
P0609,611,Evertool using ATmega16 microcontroller,P1190,1192,Anti-Theft Alert System using ATmega8 Microcontroller,0.7397,0.1429,microcontroller,CANDIDATE_ONLY_MANUAL_REVIEW_REQUIRED,Similarity does not establish duplication; preserve both original entries
P1096,1098,Stepper Motor Angle Control using AVR Microcontroller,P1105,1107,DC Motor Control with Joystick & AVR Microcontroller,0.7391,0.5,avr; microcontroller; motor,CANDIDATE_ONLY_MANUAL_REVIEW_REQUIRED,Similarity does not establish duplication; preserve both original entries
P0314,316,Door Opener using ATTiny2313 microcontroller,P0470,472,A Pretty Good LC Meter Based on the AVR using ATTINY2313 Microcontroller,0.7391,0.25,attiny2313; microcontroller,CANDIDATE_ONLY_MANUAL_REVIEW_REQUIRED,Similarity does not establish duplication; preserve both original entries
P0382,384,AVR Digital Hum Nuller using ATmega168 microcontroller,P0569,571,AVR LCD menu routine using ATmega8 microcontroller,0.7391,0.2222,avr; microcontroller,CANDIDATE_ONLY_MANUAL_REVIEW_REQUIRED,Similarity does not establish duplication; preserve both original entries
P0388,390,SMS Based Voting System – AVR GSM Project using ATmega32 microcontroller,P0550,552,Making a USB based AVR Programmer using ATMEGA8 Microcontroller,0.7391,0.2,avr; microcontroller,CANDIDATE_ONLY_MANUAL_REVIEW_REQUIRED,Similarity does not establish duplication; preserve both original entries
P0331,333,DS1802 Digital Volume Control using microcontroller,P0332,334,DS1669 Digital Potmeter UP/DOWN using microcontroller,0.7391,0.1667,microcontroller,CANDIDATE_ONLY_MANUAL_REVIEW_REQUIRED,Similarity does not establish duplication; preserve both original entries
P0036,38,Digital Voltmeter using Microcontroller Atmega8,P0100,102,Numitron clock & thermometer using Microcontroller atmega48,0.7391,0.1429,microcontroller,CANDIDATE_ONLY_MANUAL_REVIEW_REQUIRED,Similarity does not establish duplication; preserve both original entries
P0484,486,Analog audio panel for PC using ATMega328 microcontroller,P0593,595,Minimalist Arduino using ATMega328P microcontroller,0.7391,0.125,microcontroller,CANDIDATE_ONLY_MANUAL_REVIEW_REQUIRED,Similarity does not establish duplication; preserve both original entries
P1096,1098,Stepper Motor Angle Control using AVR Microcontroller,P1145,1147,Temperature Controlled DC Fan using Microcontroller,0.7391,0.125,microcontroller,CANDIDATE_ONLY_MANUAL_REVIEW_REQUIRED,Similarity does not establish duplication; preserve both original entries
P0605,607,Sensor Interfacing using ATmega8 microcontroller,P1214,1216,How to interface RFID with AVR ATmega32 microcontroller,0.7391,0.1111,microcontroller,CANDIDATE_ONLY_MANUAL_REVIEW_REQUIRED,Similarity does not establish duplication; preserve both original entries
P0059,61,LED wind indicator Using atmega8 Microcontroller,P2020,2022,Building a Basic Calculator using ATmega32 Microcontroller,0.7391,0.1111,microcontroller,CANDIDATE_ONLY_MANUAL_REVIEW_REQUIRED,Similarity does not establish duplication; preserve both original entries
P1068,1070,How to interface keypad with AVR microcontroller (ATmega16),P1087,1089,How to display text on 16×2 LCD using AVR microcontroller (ATmega16),0.7387,0.4,atmega16; avr; how; microcontroller,CANDIDATE_ONLY_MANUAL_REVIEW_REQUIRED,Similarity does not establish duplication; preserve both original entries
P1267,1269,Atmega 32u4 Based USB Musical Keyboard,P1271,1273,Atmega 32u4 Based Wireless USB Keyboard,0.7385,0.8,32u4; atmega; keyboard; usb,CANDIDATE_ONLY_MANUAL_REVIEW_REQUIRED,Similarity does not establish duplication; preserve both original entries
P0436,438,8 Channel PWM using AVR microcontroller,P1198,1200,0-99 Counter using AVR Microcontroller,0.7385,0.4,avr; microcontroller,CANDIDATE_ONLY_MANUAL_REVIEW_REQUIRED,Similarity does not establish duplication; preserve both original entries
P0814,816,Ultrasonic ParKontroller Using Atmel Mega32,P0817,819,iPod controller Using Atmel Mega32,0.7385,0.4,atmel; mega32,CANDIDATE_ONLY_MANUAL_REVIEW_REQUIRED,Similarity does not establish duplication; preserve both original entries
P0781,783,Handwriting Recognition System Using Atmel Mega32,P0792,794,Lighting control system Using ATMEL Mega32,0.7385,0.4,atmel; mega32,CANDIDATE_ONLY_MANUAL_REVIEW_REQUIRED,Similarity does not establish duplication; preserve both original entries
P1197,1199,Temperature Measurement using LM35 and AVR Microcontroller,P2022,2024,"DIY Temperature Measurement Setup with LM35 Sensor, ATmega32 Microcontroller, and LCD",0.7385,0.4,lm35; measurement; microcontroller; temperature,CANDIDATE_ONLY_MANUAL_REVIEW_REQUIRED,Similarity does not establish duplication; preserve both original entries
P0427,429,Packet Radio using AVR microcontroller,P1189,1191,100mA Ammeter using AVR Microcontroller,0.7385,0.3333,avr; microcontroller,CANDIDATE_ONLY_MANUAL_REVIEW_REQUIRED,Similarity does not establish duplication; preserve both original entries
P0465,467,Ponyprog Circuit for ATMEL’S AVR using microcontroller,P1187,1189,Fire Alarm System using AVR Microcontroller,0.7385,0.3333,avr; microcontroller,CANDIDATE_ONLY_MANUAL_REVIEW_REQUIRED,Similarity does not establish duplication; preserve both original entries
P1187,1189,Fire Alarm System using AVR Microcontroller,P1950,1952,GETTING STARTED WITH AVR MICROCONTROLLER,0.7385,0.3333,avr; microcontroller,CANDIDATE_ONLY_MANUAL_REVIEW_REQUIRED,Similarity does not establish duplication; preserve both original entries
P0750,752,Reversi Video Game Using ATmega32,P0759,761,Scorched Earth video game using Atmel Mega32,0.7385,0.25,game; video,CANDIDATE_ONLY_MANUAL_REVIEW_REQUIRED,Similarity does not establish duplication; preserve both original entries
P0309,311,Power Supply using AVR microcontroller,P0404,406,Wireless Lan for AVR microcontrollers,0.7385,0.1667,avr,CANDIDATE_ONLY_MANUAL_REVIEW_REQUIRED,Similarity does not establish duplication; preserve both original entries
P0310,312,LC Meter using AVR microcontroller,P0417,419,LCD Car Accelerometer using microcontroller,0.7385,0.1667,microcontroller,CANDIDATE_ONLY_MANUAL_REVIEW_REQUIRED,Similarity does not establish duplication; preserve both original entries
P1061,1063,Interfacing SD Card with AVR Microcontroller,P1183,1185,8×8 LED Matrix Interfacing with AVR Microcontroller,0.7381,0.5,avr; interfacing; microcontroller,CANDIDATE_ONLY_MANUAL_REVIEW_REQUIRED,Similarity does not establish duplication; preserve both original entries
P0084,86,Real Time Clock PCF8583 Using AVR microcontroller,P0363,365,"AvrX, Real Time Kernel using AVR microcontroller",0.7381,0.5,avr; microcontroller; real; time,CANDIDATE_ONLY_MANUAL_REVIEW_REQUIRED,Similarity does not establish duplication; preserve both original entries
P0070,72,8 MHz frequency meter using AVR microcontroller,P0460,462,RF Field Strength meter using AVR microcontroller,0.7381,0.4286,avr; meter; microcontroller,CANDIDATE_ONLY_MANUAL_REVIEW_REQUIRED,Similarity does not establish duplication; preserve both original entries
P0319,321,Kitchen Timer using ATTiny2313 microcontroller,P0575,577,Project Development Board using ATTiny2313 microcontroller,0.7381,0.4,attiny2313; microcontroller,CANDIDATE_ONLY_MANUAL_REVIEW_REQUIRED,Similarity does not establish duplication; preserve both original entries
P0157,159,Programmable LED using Atmel ATtiny13v Microcontroller,P0546,548,LED Menorah using ATtiny13 microcontroller,0.7381,0.2857,led; microcontroller,CANDIDATE_ONLY_MANUAL_REVIEW_REQUIRED,Similarity does not establish duplication; preserve both original entries
P0412,414,USB AVR programmer using ATtiny2313 microcontroller,P0602,604,The Game of Life using ATtiny2313 microcontroller,0.7381,0.2857,attiny2313; microcontroller,CANDIDATE_ONLY_MANUAL_REVIEW_REQUIRED,Similarity does not establish duplication; preserve both original entries
P0023,25,CNC Update 2 Using atmega32 microcontroller,P1050,1052,MultiFunction LED Game Using An ATmega32 Microcontroller,0.7381,0.2857,atmega32; microcontroller,CANDIDATE_ONLY_MANUAL_REVIEW_REQUIRED,Similarity does not establish duplication; preserve both original entries
P0082,84,Bluetooth Based Smart Home using atmega8 microcontroller,P1190,1192,Anti-Theft Alert System using ATmega8 Microcontroller,0.7381,0.2857,atmega8; microcontroller,CANDIDATE_ONLY_MANUAL_REVIEW_REQUIRED,Similarity does not establish duplication; preserve both original entries
P0327,329,6 LED Knight Rider using ATtiny22 microcontroller,P0551,553,LED Dog Collar using ATTINY2313 Microcontroller,0.7381,0.25,led; microcontroller,CANDIDATE_ONLY_MANUAL_REVIEW_REQUIRED,Similarity does not establish duplication; preserve both original entries
P0554,556,DIY USB password generator using ATtiny Microcontroller,P0642,644,USB Sensors with ATtiny Microcontrollers,0.7381,0.25,attiny; usb,CANDIDATE_ONLY_MANUAL_REVIEW_REQUIRED,Similarity does not establish duplication; preserve both original entries
P0378,380,AVR Data Logger with MicroSD using ATmega32 microcontroller,P1186,1188,Alarm Clock using ATmega32 Microcontroller,0.7381,0.25,atmega32; microcontroller,CANDIDATE_ONLY_MANUAL_REVIEW_REQUIRED,Similarity does not establish duplication; preserve both original entries
P0324,326,AVR Based CRO using Atmega16 microcontroller,P0394,396,AVR RGB LED and Sound Show using ATmega168 microcontroller,0.7381,0.2222,avr; microcontroller,CANDIDATE_ONLY_MANUAL_REVIEW_REQUIRED,Similarity does not establish duplication; preserve both original entries
P0534,536,AVR mod player using ATmega325 microcontroller,P0569,571,AVR LCD menu routine using ATmega8 microcontroller,0.7381,0.2222,avr; microcontroller,CANDIDATE_ONLY_MANUAL_REVIEW_REQUIRED,Similarity does not establish duplication; preserve both original entries
P0459,461,Digital Telemetry using ATMega8 microcontroller,P1195,1197,0-25V Digital Voltmeter using AVR Microcontroller,0.7381,0.1667,microcontroller,CANDIDATE_ONLY_MANUAL_REVIEW_REQUIRED,Similarity does not establish duplication; preserve both original entries
P0271,273,Color Sensor using Atmega16 microcontroller,P0286,288,Development Board With LCD using Atmega16 microcontrollers,0.7381,0.1429,atmega16,CANDIDATE_ONLY_MANUAL_REVIEW_REQUIRED,Similarity does not establish duplication; preserve both original entries
P0271,273,Color Sensor using Atmega16 microcontroller,P0346,348,Modular User Interface System using ATMega88 microcontroller,0.7381,0.125,microcontroller,CANDIDATE_ONLY_MANUAL_REVIEW_REQUIRED,Similarity does not establish duplication; preserve both original entries
P0087,89,Stepper motor Driver Using AT2313 microcontroller,P0588,590,AVR Thermometer using AT90S2313 microcontroller,0.7381,0.125,microcontroller,CANDIDATE_ONLY_MANUAL_REVIEW_REQUIRED,Similarity does not establish duplication; preserve both original entries
P0366,368,AVR Based Mobile Phone using AVR ATmega128A microcontroller,P0581,583,Wall of Pong using ATmega32 microcontroller,0.7381,0.125,microcontroller,CANDIDATE_ONLY_MANUAL_REVIEW_REQUIRED,Similarity does not establish duplication; preserve both original entries
P0376,378,Electric Spinning Wheel using ATmega8 microcontroller,P1204,1206,LED Blinking with ATmega32 Microcontroller,0.7381,0.125,microcontroller,CANDIDATE_ONLY_MANUAL_REVIEW_REQUIRED,Similarity does not establish duplication; preserve both original entries
P0484,486,Analog audio panel for PC using ATMega328 microcontroller,P0581,583,Wall of Pong using ATmega32 microcontroller,0.7381,0.125,microcontroller,CANDIDATE_ONLY_MANUAL_REVIEW_REQUIRED,Similarity does not establish duplication; preserve both original entries
P0154,156,Jar of Fireflies using AVR ATTiny45 Microcontroller,P0602,604,The Game of Life using ATtiny2313 microcontroller,0.7381,0.125,microcontroller,CANDIDATE_ONLY_MANUAL_REVIEW_REQUIRED,Similarity does not establish duplication; preserve both original entries
P0288,290,Tetris and Snake with one AVR using Atmega168 microcontroller,P0647,649,RSS Reader using ATmega8 microcontroller,0.7381,0.1111,microcontroller,CANDIDATE_ONLY_MANUAL_REVIEW_REQUIRED,Similarity does not establish duplication; preserve both original entries
P1079,1081,How to use internal ADC of AVR microcontroller using interrupts,P1863,1865,How to use ADC in AVR Microcontroller ATmega16,0.7379,0.625,adc; avr; how; microcontroller; use,CANDIDATE_ONLY_MANUAL_REVIEW_REQUIRED,Similarity does not establish duplication; preserve both original entries
P0390,392,PS2 Keyboard Interface with AVR MCU using ATmega8 microcontroller,P0487,489,MMC/SD/SDHC AVR Interface using ATMega8 microcontroller,0.7379,0.4444,atmega8; avr; interface; microcontroller,CANDIDATE_ONLY_MANUAL_REVIEW_REQUIRED,Similarity does not establish duplication; preserve both original entries
P1067,1069,How to interface Servo Motor with AVR Microcontroller (ATmega16),P1863,1865,How to use ADC in AVR Microcontroller ATmega16,0.7379,0.4444,atmega16; avr; how; microcontroller,CANDIDATE_ONLY_MANUAL_REVIEW_REQUIRED,Similarity does not establish duplication; preserve both original entries
P0306,308,Multi-channel temperature logger using Atmega48 microcontroller,P0428,430,8 channel LCD Teperature meter using microcontroller,0.7379,0.2222,channel; microcontroller,CANDIDATE_ONLY_MANUAL_REVIEW_REQUIRED,Similarity does not establish duplication; preserve both original entries
P0390,392,PS2 Keyboard Interface with AVR MCU using ATmega8 microcontroller,P1193,1195,Touch Keypad Interfacing with ATmega32 Microcontroller,0.7379,0.0909,microcontroller,CANDIDATE_ONLY_MANUAL_REVIEW_REQUIRED,Similarity does not establish duplication; preserve both original entries
P0034,36,Capacitance and Inductance meter using Atmega8,P1491,1493,USB POWERED INDUCTANCE METER CIRCUIT ATMEGA8,0.7368,0.5,atmega8; inductance; meter,CANDIDATE_ONLY_MANUAL_REVIEW_REQUIRED,Similarity does not establish duplication; preserve both original entries
P0412,414,USB AVR programmer using ATtiny2313 microcontroller,P0549,551,BUILD A SIMPLE SERIAL PROGRAMMER FOR AVR DEVICES using ATtiny2313 Microcontroller,0.7368,0.4444,attiny2313; avr; microcontroller; programmer,CANDIDATE_ONLY_MANUAL_REVIEW_REQUIRED,Similarity does not establish duplication; preserve both original entries
P0380,382,Low Picofarad Capacitance Meter ATtiny2313 microcontroller,P0433,435,Capacitance Meter using AVR microcontroller,0.7368,0.4286,capacitance; meter; microcontroller,CANDIDATE_ONLY_MANUAL_REVIEW_REQUIRED,Similarity does not establish duplication; preserve both original entries
P0040,42,Traffic light controller using avr microcontroller,P1198,1200,0-99 Counter using AVR Microcontroller,0.7368,0.4,avr; microcontroller,CANDIDATE_ONLY_MANUAL_REVIEW_REQUIRED,Similarity does not establish duplication; preserve both original entries
P0319,321,Kitchen Timer using ATTiny2313 microcontroller,P0323,325,Dotmatrix using ATtiny2313 microcontroller,0.7368,0.4,attiny2313; microcontroller,CANDIDATE_ONLY_MANUAL_REVIEW_REQUIRED,Similarity does not establish duplication; preserve both original entries
P1156,1158,Interfacing 16X2 LCD to AVR Microcontroller,P1866,1868,Interfacing Servo Motor with AVR Microcontroller Atmega16,0.7368,0.375,avr; interfacing; microcontroller,CANDIDATE_ONLY_MANUAL_REVIEW_REQUIRED,Similarity does not establish duplication; preserve both original entries
P1857,1859,Interfacing DC Motor with AVR Microcontroller Atmega16,P1863,1865,How to use ADC in AVR Microcontroller ATmega16,0.7368,0.375,atmega16; avr; microcontroller,CANDIDATE_ONLY_MANUAL_REVIEW_REQUIRED,Similarity does not establish duplication; preserve both original entries
P1186,1188,Alarm Clock using ATmega32 Microcontroller,P1203,1205,Interfacing LCD with ATmega32 Microcontroller,0.7368,0.3333,atmega32; microcontroller,CANDIDATE_ONLY_MANUAL_REVIEW_REQUIRED,Similarity does not establish duplication; preserve both original entries
P0605,607,Sensor Interfacing using ATmega8 microcontroller,P0647,649,RSS Reader using ATmega8 microcontroller,0.7368,0.3333,atmega8; microcontroller,CANDIDATE_ONLY_MANUAL_REVIEW_REQUIRED,Similarity does not establish duplication; preserve both original entries
P1189,1191,100mA Ammeter using AVR Microcontroller,P1195,1197,0-25V Digital Voltmeter using AVR Microcontroller,0.7368,0.3333,avr; microcontroller,CANDIDATE_ONLY_MANUAL_REVIEW_REQUIRED,Similarity does not establish duplication; preserve both original entries
P0679,681,Laser Tag,P1798,1800,Laser Game,0.7368,0.3333,laser,CANDIDATE_ONLY_MANUAL_REVIEW_REQUIRED,Similarity does not establish duplication; preserve both original entries
P1064,1066,How to interface serial ADC0831 with AVR microcontroller (ATmega16),P1864,1866,Interfacing Stepper Motor with AVR Microcontroller Atmega16,0.7368,0.3,atmega16; avr; microcontroller,CANDIDATE_ONLY_MANUAL_REVIEW_REQUIRED,Similarity does not establish duplication; preserve both original entries
P1287,1289,Interfacing DC Motor with Atmega32 Microcontroller,P2020,2022,Building a Basic Calculator using ATmega32 Microcontroller,0.7368,0.2857,atmega32; microcontroller,CANDIDATE_ONLY_MANUAL_REVIEW_REQUIRED,Similarity does not establish duplication; preserve both original entries
P0315,317,Beamer Control using attiny2313 microcontroller,P0470,472,A Pretty Good LC Meter Based on the AVR using ATTINY2313 Microcontroller,0.7368,0.2857,attiny2313; microcontroller,CANDIDATE_ONLY_MANUAL_REVIEW_REQUIRED,Similarity does not establish duplication; preserve both original entries
P1186,1188,Alarm Clock using ATmega32 Microcontroller,P2052,2054,DIY 3D LED Cube Using ATmega32 Microcontroller,0.7368,0.2857,atmega32; microcontroller,CANDIDATE_ONLY_MANUAL_REVIEW_REQUIRED,Similarity does not establish duplication; preserve both original entries
P0065,67,Stepper motor Control with Atmega16,P2015,2017,Master the Art of Servo Motor Control Using AVR ATmega16,0.7368,0.2857,atmega16; motor,CANDIDATE_ONLY_MANUAL_REVIEW_REQUIRED,Similarity does not establish duplication; preserve both original entries
P1004,1006,Remote Controlled POV Display Using Atmega1284,P1170,1172,Remote controlled switch using Atmega 328p,0.7368,0.25,controlled; remote,CANDIDATE_ONLY_MANUAL_REVIEW_REQUIRED,Similarity does not establish duplication; preserve both original entries
P0723,725,RoboDog using ATMega32,P0864,866,Robot Plotter Using Atmega32,0.7368,0.25,atmega32,CANDIDATE_ONLY_MANUAL_REVIEW_REQUIRED,Similarity does not establish duplication; preserve both original entries
P0893,895,IR harp using Atmega644,P0943,945,Ear Trainer Using Atmega644,0.7368,0.25,atmega644,CANDIDATE_ONLY_MANUAL_REVIEW_REQUIRED,Similarity does not establish duplication; preserve both original entries
P0881,883,The Autonomous Tennis Ball Picker Using Atmega644,P0882,884,Autonomous Self-parking car Using Atmega644,0.7368,0.25,atmega644; autonomous,CANDIDATE_ONLY_MANUAL_REVIEW_REQUIRED,Similarity does not establish duplication; preserve both original entries
P0366,368,AVR Based Mobile Phone using AVR ATmega128A microcontroller,P0385,387,AVR Power Usage Logger using ATmega168 microcontroller,0.7368,0.2222,avr; microcontroller,CANDIDATE_ONLY_MANUAL_REVIEW_REQUIRED,Similarity does not establish duplication; preserve both original entries
P0408,410,RCEN fuse programmer using AT90S1200A microcontroller,P0418,420,Atmel avr usb programmer using ATMEGA8 microcontroller,0.7368,0.2222,microcontroller; programmer,CANDIDATE_ONLY_MANUAL_REVIEW_REQUIRED,Similarity does not establish duplication; preserve both original entries
P0037,39,Digital dimmer using Microcontroller atmega8,P0047,49,Picopter using Microcontroller ATmega128RFA1,0.7368,0.2,microcontroller,CANDIDATE_ONLY_MANUAL_REVIEW_REQUIRED,Similarity does not establish duplication; preserve both original entries
P0860,862,Air Drums Using Atmega32,P1002,1004,The Air Mouse Using Atmega1284,0.7368,0.2,air,CANDIDATE_ONLY_MANUAL_REVIEW_REQUIRED,Similarity does not establish duplication; preserve both original entries
P0313,315,Dimmer using ATTiny2313 microcontroller,P0414,416,Midi Generator using ATtiny26-8PI microcontroller,0.7368,0.1429,microcontroller,CANDIDATE_ONLY_MANUAL_REVIEW_REQUIRED,Similarity does not establish duplication; preserve both original entries
P0319,321,Kitchen Timer using ATTiny2313 microcontroller,P0546,548,LED Menorah using ATtiny13 microcontroller,0.7368,0.1429,microcontroller,CANDIDATE_ONLY_MANUAL_REVIEW_REQUIRED,Similarity does not establish duplication; preserve both original entries
P0313,315,Dimmer using ATTiny2313 microcontroller,P0327,329,6 LED Knight Rider using ATtiny22 microcontroller,0.7368,0.1429,microcontroller,CANDIDATE_ONLY_MANUAL_REVIEW_REQUIRED,Similarity does not establish duplication; preserve both original entries
P0141,143,Stripboard Arduino using ATMega168 microcontroller,P0324,326,AVR Based CRO using Atmega16 microcontroller,0.7368,0.1429,microcontroller,CANDIDATE_ONLY_MANUAL_REVIEW_REQUIRED,Similarity does not establish duplication; preserve both original entries
P0544,546,MP3 Player using ATMega128 microcontroller,P2052,2054,DIY 3D LED Cube Using ATmega32 Microcontroller,0.7368,0.125,microcontroller,CANDIDATE_ONLY_MANUAL_REVIEW_REQUIRED,Similarity does not establish duplication; preserve both original entries
P0647,649,RSS Reader using ATmega8 microcontroller,P1237,1239,RFID based security system using AVR ATmega32 microcontroller,0.7368,0.125,microcontroller,CANDIDATE_ONLY_MANUAL_REVIEW_REQUIRED,Similarity does not establish duplication; preserve both original entries
P0544,546,MP3 Player using ATMega128 microcontroller,P1190,1192,Anti-Theft Alert System using ATmega8 Microcontroller,0.7368,0.125,microcontroller,CANDIDATE_ONLY_MANUAL_REVIEW_REQUIRED,Similarity does not establish duplication; preserve both original entries
P0647,649,RSS Reader using ATmega8 microcontroller,P2047,2049,RFID-Based Security System with AVR ATmega32 Microcontroller,0.7368,0.125,microcontroller,CANDIDATE_ONLY_MANUAL_REVIEW_REQUIRED,Similarity does not establish duplication; preserve both original entries
P0647,649,RSS Reader using ATmega8 microcontroller,P2025,2027,RFID based security system using AVR ATmega32 microcontroller,0.7368,0.125,microcontroller,CANDIDATE_ONLY_MANUAL_REVIEW_REQUIRED,Similarity does not establish duplication; preserve both original entries
P0141,143,Stripboard Arduino using ATMega168 microcontroller,P0568,570,Simplified AVR LCD routines using ATmega8 microcontroller,0.7368,0.1111,microcontroller,CANDIDATE_ONLY_MANUAL_REVIEW_REQUIRED,Similarity does not establish duplication; preserve both original entries
P1070,1072,How to use External (Hardware) Interrupts of AVR Microcontroller (ATmega16),P1085,1087,How to use inbuilt ADC of AVR microcontroller (ATmega16),0.736,0.5,atmega16; avr; how; microcontroller; use,CANDIDATE_ONLY_MANUAL_REVIEW_REQUIRED,Similarity does not establish duplication; preserve both original entries
P1080,1082,RFID interfacing with AVR microcontroller (ATmega16) using interrupts,P1081,1083,How to interface RFID with AVR microcontroller (ATmega16),0.7358,0.5,atmega16; avr; microcontroller; rfid,CANDIDATE_ONLY_MANUAL_REVIEW_REQUIRED,Similarity does not establish duplication; preserve both original entries
P1068,1070,How to interface keypad with AVR microcontroller (ATmega16),P1864,1866,Interfacing Stepper Motor with AVR Microcontroller Atmega16,0.7358,0.3333,atmega16; avr; microcontroller,CANDIDATE_ONLY_MANUAL_REVIEW_REQUIRED,Similarity does not establish duplication; preserve both original entries
P0448,450,Dot Matrix Display Applications using AT89C2051 microcontroller,P0449,451,LCD Date Time Application using AT89S52 microcontroller,0.7358,0.0909,microcontroller,CANDIDATE_ONLY_MANUAL_REVIEW_REQUIRED,Similarity does not establish duplication; preserve both original entries
P1050,1052,MultiFunction LED Game Using An ATmega32 Microcontroller,P2052,2054,DIY 3D LED Cube Using ATmega32 Microcontroller,0.7356,0.4286,atmega32; led; microcontroller,CANDIDATE_ONLY_MANUAL_REVIEW_REQUIRED,Similarity does not establish duplication; preserve both original entries
P0605,607,Sensor Interfacing using ATmega8 microcontroller,P1288,1290,Stepper motor control with an ATmega8 microcontroller,0.7356,0.3333,atmega8; microcontroller,CANDIDATE_ONLY_MANUAL_REVIEW_REQUIRED,Similarity does not establish duplication; preserve both original entries
P1105,1107,DC Motor Control with Joystick & AVR Microcontroller,P1147,1149,PWM Based DC Motor Speed Control using Microcontroller,0.7356,0.3333,microcontroller; motor,CANDIDATE_ONLY_MANUAL_REVIEW_REQUIRED,Similarity does not establish duplication; preserve both original entries
P0605,607,Sensor Interfacing using ATmega8 microcontroller,P1183,1185,8×8 LED Matrix Interfacing with AVR Microcontroller,0.7356,0.2857,interfacing; microcontroller,CANDIDATE_ONLY_MANUAL_REVIEW_REQUIRED,Similarity does not establish duplication; preserve both original entries
P0639,641,Watch controlled robot using AVR microcontroller,P1145,1147,Temperature Controlled DC Fan using Microcontroller,0.7356,0.2857,controlled; microcontroller,CANDIDATE_ONLY_MANUAL_REVIEW_REQUIRED,Similarity does not establish duplication; preserve both original entries
P1237,1239,RFID based security system using AVR ATmega32 microcontroller,P1287,1289,Interfacing DC Motor with Atmega32 Microcontroller,0.7356,0.2857,atmega32; microcontroller,CANDIDATE_ONLY_MANUAL_REVIEW_REQUIRED,Similarity does not establish duplication; preserve both original entries
P0639,641,Watch controlled robot using AVR microcontroller,P1105,1107,DC Motor Control with Joystick & AVR Microcontroller,0.7356,0.2857,avr; microcontroller,CANDIDATE_ONLY_MANUAL_REVIEW_REQUIRED,Similarity does not establish duplication; preserve both original entries
P0354,356,AVR Switch Timer using ATmega8 Microcontroller,P0366,368,AVR Based Mobile Phone using AVR ATmega128A microcontroller,0.7356,0.25,avr; microcontroller,CANDIDATE_ONLY_MANUAL_REVIEW_REQUIRED,Similarity does not establish duplication; preserve both original entries
P0366,368,AVR Based Mobile Phone using AVR ATmega128A microcontroller,P0426,428,Nixie Clock with AVR using ATmega48 microcontroller,0.7356,0.25,avr; microcontroller,CANDIDATE_ONLY_MANUAL_REVIEW_REQUIRED,Similarity does not establish duplication; preserve both original entries
P0639,641,Watch controlled robot using AVR microcontroller,P1108,1110,LED Light Bulb Controller using AVR Microcontroller,0.7356,0.25,avr; microcontroller,CANDIDATE_ONLY_MANUAL_REVIEW_REQUIRED,Similarity does not establish duplication; preserve both original entries
P0059,61,LED wind indicator Using atmega8 Microcontroller,P1287,1289,Interfacing DC Motor with Atmega32 Microcontroller,0.7356,0.125,microcontroller,CANDIDATE_ONLY_MANUAL_REVIEW_REQUIRED,Similarity does not establish duplication; preserve both original entries
P0157,159,Programmable LED using Atmel ATtiny13v Microcontroller,P0602,604,The Game of Life using ATtiny2313 microcontroller,0.7356,0.125,microcontroller,CANDIDATE_ONLY_MANUAL_REVIEW_REQUIRED,Similarity does not establish duplication; preserve both original entries
P0484,486,Analog audio panel for PC using ATMega328 microcontroller,P0534,536,AVR mod player using ATmega325 microcontroller,0.7356,0.1111,microcontroller,CANDIDATE_ONLY_MANUAL_REVIEW_REQUIRED,Similarity does not establish duplication; preserve both original entries
P0446,448,Atmel Test Card using ATmega32 microcontroller,P0577,579,The Self-Driving Toy Car using ATmega1284 microcontroller,0.7356,0.1,microcontroller,CANDIDATE_ONLY_MANUAL_REVIEW_REQUIRED,Similarity does not establish duplication; preserve both original entries
P0310,312,LC Meter using AVR microcontroller,P1191,1193,Joystick Interfacing with AVR Microcontroller,0.7353,0.4,avr; microcontroller,CANDIDATE_ONLY_MANUAL_REVIEW_REQUIRED,Similarity does not establish duplication; preserve both original entries
P0074,76,AVR GPS Locator using avr microcontroller,P1189,1191,100mA Ammeter using AVR Microcontroller,0.7353,0.3333,avr; microcontroller,CANDIDATE_ONLY_MANUAL_REVIEW_REQUIRED,Similarity does not establish duplication; preserve both original entries
P0613,615,etherrape using ATmega644 microcontroller,P0617,619,HVProg using ATmega8535 microcontroller,0.7353,0.2,microcontroller,CANDIDATE_ONLY_MANUAL_REVIEW_REQUIRED,Similarity does not establish duplication; preserve both original entries
P0074,76,AVR GPS Locator using avr microcontroller,P0404,406,Wireless Lan for AVR microcontrollers,0.7353,0.1667,avr,CANDIDATE_ONLY_MANUAL_REVIEW_REQUIRED,Similarity does not establish duplication; preserve both original entries
P0310,312,LC Meter using AVR microcontroller,P2034,2036,Building a Web Server Using AVR Microcontrollers,0.7353,0.1429,avr,CANDIDATE_ONLY_MANUAL_REVIEW_REQUIRED,Similarity does not establish duplication; preserve both original entries
P0586,588,Air-Mouse using ATmega32 microcontroller,P0647,649,RSS Reader using ATmega8 microcontroller,0.7353,0.1429,microcontroller,CANDIDATE_ONLY_MANUAL_REVIEW_REQUIRED,Similarity does not establish duplication; preserve both original entries
P0135,137,Getting started with ubuntu and the AVR dragon using atmega8 microcontroller,P1891,1893,Getting Started with C Programming for the ATMEL AVR Microcontrollers,0.735,0.3,avr; getting; started,CANDIDATE_ONLY_MANUAL_REVIEW_REQUIRED,Similarity does not establish duplication; preserve both original entries
P0306,308,Multi-channel temperature logger using Atmega48 microcontroller,P0357,359,AVR Thermocouple Temperature Meter using ATmega164 microcontroller,0.735,0.2,microcontroller; temperature,CANDIDATE_ONLY_MANUAL_REVIEW_REQUIRED,Similarity does not establish duplication; preserve both original entries
P0155,157,Getting started with VMUSIC2,P1165,1167,Getting Started With the ATMega328P,0.7347,0.5,getting; started,CANDIDATE_ONLY_MANUAL_REVIEW_REQUIRED,Similarity does not establish duplication; preserve both original entries
P0729,731,Super Breakout using Atmel Mega32,P0800,802,SearchBot Using Atmel Mega32,0.7347,0.4,atmel; mega32,CANDIDATE_ONLY_MANUAL_REVIEW_REQUIRED,Similarity does not establish duplication; preserve both original entries
P0381,383,DC Servomotor Controller System Meter using ATtiny2313 microcontroller,P0572,574,AVR Programmer using ATTINY2313 microcontroller,0.7347,0.3333,attiny2313; microcontroller,CANDIDATE_ONLY_MANUAL_REVIEW_REQUIRED,Similarity does not establish duplication; preserve both original entries
P1764,1766,Linkit ONE: Flame Sensor,P1767,1769,Linkit One Audio Messenger,0.7347,0.3333,linkit; one,CANDIDATE_ONLY_MANUAL_REVIEW_REQUIRED,Similarity does not establish duplication; preserve both original entries
P0381,383,DC Servomotor Controller System Meter using ATtiny2313 microcontroller,P0551,553,LED Dog Collar using ATTINY2313 Microcontroller,0.7347,0.2857,attiny2313; microcontroller,CANDIDATE_ONLY_MANUAL_REVIEW_REQUIRED,Similarity does not establish duplication; preserve both original entries
P0207,209,Arduino R/C Lawnmower (painted) using Atmega168 microcontroller,P0266,268,Arduino FTDI Header using ATmega8 microcontroller,0.7347,0.25,arduino; microcontroller,CANDIDATE_ONLY_MANUAL_REVIEW_REQUIRED,Similarity does not establish duplication; preserve both original entries
P0398,400,Remote Controlled Fan Regulator using ATmega8 microcontroller,P0570,572,Servo motor control using Atmega8 microcontroller,0.7347,0.25,atmega8; microcontroller,CANDIDATE_ONLY_MANUAL_REVIEW_REQUIRED,Similarity does not establish duplication; preserve both original entries
P1214,1216,How to interface RFID with AVR ATmega32 microcontroller,P1996,1998,Interfacing Servo Motor with Atmega32 Microcontroller,0.7347,0.2222,atmega32; microcontroller,CANDIDATE_ONLY_MANUAL_REVIEW_REQUIRED,Similarity does not establish duplication; preserve both original entries
P0208,210,The Word Clock – Arduino version using ATMega168 microcontroller,P0576,578,RFID Checkout System Design using ATmega644 microcontroller,0.7347,0.1111,microcontroller,CANDIDATE_ONLY_MANUAL_REVIEW_REQUIRED,Similarity does not establish duplication; preserve both original entries
P0609,611,Evertool using ATmega16 microcontroller,P2003,2005,Introduction to the Atmel ATmega16 Microcontroller,0.7342,0.4,atmega16; microcontroller,CANDIDATE_ONLY_MANUAL_REVIEW_REQUIRED,Similarity does not establish duplication; preserve both original entries
P0319,321,Kitchen Timer using ATTiny2313 microcontroller,P0602,604,The Game of Life using ATtiny2313 microcontroller,0.7342,0.3333,attiny2313; microcontroller,CANDIDATE_ONLY_MANUAL_REVIEW_REQUIRED,Similarity does not establish duplication; preserve both original entries
P0316,318,Programmer using ATMEGA8 microcontroller,P0412,414,USB AVR programmer using ATtiny2313 microcontroller,0.7342,0.3333,microcontroller; programmer,CANDIDATE_ONLY_MANUAL_REVIEW_REQUIRED,Similarity does not establish duplication; preserve both original entries
P0271,273,Color Sensor using Atmega16 microcontroller,P0605,607,Sensor Interfacing using ATmega8 microcontroller,0.7342,0.3333,microcontroller; sensor,CANDIDATE_ONLY_MANUAL_REVIEW_REQUIRED,Similarity does not establish duplication; preserve both original entries
P0039,41,ATTiny Board For AVR ATTiny microcontrollers,P0283,285,Halloween Robot using Attiny microcontrollers,0.7342,0.3333,attiny; microcontrollers,CANDIDATE_ONLY_MANUAL_REVIEW_REQUIRED,Similarity does not establish duplication; preserve both original entries
P0324,326,AVR Based CRO using Atmega16 microcontroller,P0366,368,AVR Based Mobile Phone using AVR ATmega128A microcontroller,0.7342,0.2857,avr; microcontroller,CANDIDATE_ONLY_MANUAL_REVIEW_REQUIRED,Similarity does not establish duplication; preserve both original entries
P0327,329,6 LED Knight Rider using ATtiny22 microcontroller,P0546,548,LED Menorah using ATtiny13 microcontroller,0.7342,0.2857,led; microcontroller,CANDIDATE_ONLY_MANUAL_REVIEW_REQUIRED,Similarity does not establish duplication; preserve both original entries
P0344,346,AVR Based Operating System using ATMega32 microcontroller,P1202,1204,Power LED Dimmer using ATmega32 Microcontroller,0.7342,0.2857,atmega32; microcontroller,CANDIDATE_ONLY_MANUAL_REVIEW_REQUIRED,Similarity does not establish duplication; preserve both original entries
P0428,430,8 channel LCD Teperature meter using microcontroller,P0436,438,8 Channel PWM using AVR microcontroller,0.7342,0.2857,channel; microcontroller,CANDIDATE_ONLY_MANUAL_REVIEW_REQUIRED,Similarity does not establish duplication; preserve both original entries
P1950,1952,GETTING STARTED WITH AVR MICROCONTROLLER,P1951,1953,The LED Chasing Effect Project using Atmel AVR Microcontroller,0.7342,0.25,avr; microcontroller,CANDIDATE_ONLY_MANUAL_REVIEW_REQUIRED,Similarity does not establish duplication; preserve both original entries
P0363,365,"AvrX, Real Time Kernel using AVR microcontroller",P0441,443,Analog Multiplexer using AVR microcontroller,0.7342,0.25,avr; microcontroller,CANDIDATE_ONLY_MANUAL_REVIEW_REQUIRED,Similarity does not establish duplication; preserve both original entries
P0415,417,VGA Monitor adaptor using AVR microcontroller,P1097,1099,Audio Tone Generator using AVR Microcontroller,0.7342,0.25,avr; microcontroller,CANDIDATE_ONLY_MANUAL_REVIEW_REQUIRED,Similarity does not establish duplication; preserve both original entries
P0327,329,6 LED Knight Rider using ATtiny22 microcontroller,P0503,505,White LED Drive Circuit using Tiny microcontroller,0.7342,0.25,led; microcontroller,CANDIDATE_ONLY_MANUAL_REVIEW_REQUIRED,Similarity does not establish duplication; preserve both original entries
P0582,584,Self-powered solar data logger using ATmega32,P0650,652,"HexiLogger, an Arduino based data logger using ATmega328",0.7342,0.2222,data; logger,CANDIDATE_ONLY_MANUAL_REVIEW_REQUIRED,Similarity does not establish duplication; preserve both original entries
P0036,38,Digital Voltmeter using Microcontroller Atmega8,P0047,49,Picopter using Microcontroller ATmega128RFA1,0.7342,0.2,microcontroller,CANDIDATE_ONLY_MANUAL_REVIEW_REQUIRED,Similarity does not establish duplication; preserve both original entries
P0609,611,Evertool using ATmega16 microcontroller,P2057,2059,An In-Depth Review of the ATmega168PB Microcontroller Project,0.7342,0.1667,microcontroller,CANDIDATE_ONLY_MANUAL_REVIEW_REQUIRED,Similarity does not establish duplication; preserve both original entries
P0366,368,AVR Based Mobile Phone using AVR ATmega128A microcontroller,P0616,618,The WhereAVR using ATmega8 microcontroller,0.7342,0.1429,microcontroller,CANDIDATE_ONLY_MANUAL_REVIEW_REQUIRED,Similarity does not establish duplication; preserve both original entries
P0008,10,Generating AUDIO ECHO using Atmega32 microcontroller,P0609,611,Evertool using ATmega16 microcontroller,0.7342,0.1429,microcontroller,CANDIDATE_ONLY_MANUAL_REVIEW_REQUIRED,Similarity does not establish duplication; preserve both original entries
P0314,316,Door Opener using ATTiny2313 microcontroller,P0588,590,AVR Thermometer using AT90S2313 microcontroller,0.7342,0.1429,microcontroller,CANDIDATE_ONLY_MANUAL_REVIEW_REQUIRED,Similarity does not establish duplication; preserve both original entries
P0586,588,Air-Mouse using ATmega32 microcontroller,P0593,595,Minimalist Arduino using ATMega328P microcontroller,0.7342,0.1429,microcontroller,CANDIDATE_ONLY_MANUAL_REVIEW_REQUIRED,Similarity does not establish duplication; preserve both original entries
P0615,617,Video Overlay using ATmega8 microcontroller,P1237,1239,RFID based security system using AVR ATmega32 microcontroller,0.7342,0.125,microcontroller,CANDIDATE_ONLY_MANUAL_REVIEW_REQUIRED,Similarity does not establish duplication; preserve both original entries
P0282,284,The simple joule thief using AVR microcontrollers,P0499,501,Simple LM335 Thermometer using microcontroller,0.7342,0.125,simple,CANDIDATE_ONLY_MANUAL_REVIEW_REQUIRED,Similarity does not establish duplication; preserve both original entries
P0615,617,Video Overlay using ATmega8 microcontroller,P2047,2049,RFID-Based Security System with AVR ATmega32 Microcontroller,0.7342,0.125,microcontroller,CANDIDATE_ONLY_MANUAL_REVIEW_REQUIRED,Similarity does not establish duplication; preserve both original entries
P0615,617,Video Overlay using ATmega8 microcontroller,P2025,2027,RFID based security system using AVR ATmega32 microcontroller,0.7342,0.125,microcontroller,CANDIDATE_ONLY_MANUAL_REVIEW_REQUIRED,Similarity does not establish duplication; preserve both original entries
P0320,322,Tea Timer using ATTiny2313 microcontroller,P0327,329,6 LED Knight Rider using ATtiny22 microcontroller,0.7342,0.125,microcontroller,CANDIDATE_ONLY_MANUAL_REVIEW_REQUIRED,Similarity does not establish duplication; preserve both original entries
P0087,89,Stepper motor Driver Using AT2313 microcontroller,P0320,322,Tea Timer using ATTiny2313 microcontroller,0.7342,0.125,microcontroller,CANDIDATE_ONLY_MANUAL_REVIEW_REQUIRED,Similarity does not establish duplication; preserve both original entries
P1069,1071,How to interface LED with AVR Microcontroller (ATmega16),P1075,1077,SPI (serial peripheral interface) using AVR microcontroller (ATmega16),0.7339,0.4444,atmega16; avr; interface; microcontroller,CANDIDATE_ONLY_MANUAL_REVIEW_REQUIRED,Similarity does not establish duplication; preserve both original entries
P1062,1064,How to interface GPS with AVR microcontroller (ATmega16),P1075,1077,SPI (serial peripheral interface) using AVR microcontroller (ATmega16),0.7339,0.4444,atmega16; avr; interface; microcontroller,CANDIDATE_ONLY_MANUAL_REVIEW_REQUIRED,Similarity does not establish duplication; preserve both original entries
P0083,85,8×8 Dotmatrix Scrolling LED display using atmega8515 microcontroller,P0407,409,80×32 LED matrix display using ATmega32 microcontroller,0.7339,0.3333,display; led; microcontroller,CANDIDATE_ONLY_MANUAL_REVIEW_REQUIRED,Similarity does not establish duplication; preserve both original entries
P1064,1066,How to interface serial ADC0831 with AVR microcontroller (ATmega16),P1857,1859,Interfacing DC Motor with AVR Microcontroller Atmega16,0.7339,0.3333,atmega16; avr; microcontroller,CANDIDATE_ONLY_MANUAL_REVIEW_REQUIRED,Similarity does not establish duplication; preserve both original entries
P0458,460,LC Resonant Frequency Meter using AVR microcontroller,P0482,484,A Little More Serious Frequency Meter using ATtiny2313 microcontroller,0.7339,0.3333,frequency; meter; microcontroller,CANDIDATE_ONLY_MANUAL_REVIEW_REQUIRED,Similarity does not establish duplication; preserve both original entries
P0068,70,Temperature controlled fan using PWM microcontroller,P0341,343,Open Source AVR Temperature Controller using ATmega48 microcontroller,0.7339,0.2222,microcontroller; temperature,CANDIDATE_ONLY_MANUAL_REVIEW_REQUIRED,Similarity does not establish duplication; preserve both original entries
P1215,1217,Working with Atmel AVR Microcontroller Basic Pulse Width Modulation (PWM) Peripheral,P1306,1308,Introduction to AVR Microcontroller Pulse Width Modulation (PWM),0.7338,0.5455,avr; microcontroller; modulation; pulse; pwm; width,CANDIDATE_ONLY_MANUAL_REVIEW_REQUIRED,Similarity does not establish duplication; preserve both original entries
P0741,743,Color Tetris video game using ATMega32,P0751,753,Arkanoid Video Game using Atmega32,0.7333,0.5,atmega32; game; video,CANDIDATE_ONLY_MANUAL_REVIEW_REQUIRED,Similarity does not establish duplication; preserve both original entries
P0550,552,Making a USB based AVR Programmer using ATMEGA8 Microcontroller,P0572,574,AVR Programmer using ATTINY2313 microcontroller,0.7333,0.4286,avr; microcontroller; programmer,CANDIDATE_ONLY_MANUAL_REVIEW_REQUIRED,Similarity does not establish duplication; preserve both original entries
P0087,89,Stepper motor Driver Using AT2313 microcontroller,P1096,1098,Stepper Motor Angle Control using AVR Microcontroller,0.7333,0.4286,microcontroller; motor; stepper,CANDIDATE_ONLY_MANUAL_REVIEW_REQUIRED,Similarity does not establish duplication; preserve both original entries
P0309,311,Power Supply using AVR microcontroller,P0310,312,LC Meter using AVR microcontroller,0.7333,0.4,avr; microcontroller,CANDIDATE_ONLY_MANUAL_REVIEW_REQUIRED,Similarity does not establish duplication; preserve both original entries
P0008,10,Generating AUDIO ECHO using Atmega32 microcontroller,P0325,327,PCM Audio Based Door Bell using Atmega32 microcontroller,0.7333,0.375,atmega32; audio; microcontroller,CANDIDATE_ONLY_MANUAL_REVIEW_REQUIRED,Similarity does not establish duplication; preserve both original entries
P0315,317,Beamer Control using attiny2313 microcontroller,P0537,539,DS interface test tool using ATtiny2313 microcontroller,0.7333,0.3333,attiny2313; microcontroller,CANDIDATE_ONLY_MANUAL_REVIEW_REQUIRED,Similarity does not establish duplication; preserve both original entries
P0142,144,LoveBox – The box of love using ATtiny2313 Microcontroller,P0575,577,Project Development Board using ATTiny2313 microcontroller,0.7333,0.3333,attiny2313; microcontroller,CANDIDATE_ONLY_MANUAL_REVIEW_REQUIRED,Similarity does not establish duplication; preserve both original entries
P1422,1424,How to work with the ADC unit of an AVR Micro-controller,P1863,1865,How to use ADC in AVR Microcontroller ATmega16,0.7333,0.3333,adc; avr; how,CANDIDATE_ONLY_MANUAL_REVIEW_REQUIRED,Similarity does not establish duplication; preserve both original entries
P0306,308,Multi-channel temperature logger using Atmega48 microcontroller,P0341,343,Open Source AVR Temperature Controller using ATmega48 microcontroller,0.7333,0.3333,atmega48; microcontroller; temperature,CANDIDATE_ONLY_MANUAL_REVIEW_REQUIRED,Similarity does not establish duplication; preserve both original entries
P1105,1107,DC Motor Control with Joystick & AVR Microcontroller,P1288,1290,Stepper motor control with an ATmega8 microcontroller,0.7333,0.3333,microcontroller; motor,CANDIDATE_ONLY_MANUAL_REVIEW_REQUIRED,Similarity does not establish duplication; preserve both original entries
P1191,1193,Joystick Interfacing with AVR Microcontroller,P1868,1870,Rotary Encoder Interfacing with ATmega8 Microcontroller,0.7333,0.2857,interfacing; microcontroller,CANDIDATE_ONLY_MANUAL_REVIEW_REQUIRED,Similarity does not establish duplication; preserve both original entries
P0315,317,Beamer Control using attiny2313 microcontroller,P0438,440,Morse Code Alarm Clock using ATtiny2313 microcontroller,0.7333,0.2857,attiny2313; microcontroller,CANDIDATE_ONLY_MANUAL_REVIEW_REQUIRED,Similarity does not establish duplication; preserve both original entries
P0368,370,Clever Clapper using ATtiny2313 microcontroller,P0438,440,Morse Code Alarm Clock using ATtiny2313 microcontroller,0.7333,0.25,attiny2313; microcontroller,CANDIDATE_ONLY_MANUAL_REVIEW_REQUIRED,Similarity does not establish duplication; preserve both original entries
P1193,1195,Touch Keypad Interfacing with ATmega32 Microcontroller,P1202,1204,Power LED Dimmer using ATmega32 Microcontroller,0.7333,0.25,atmega32; microcontroller,CANDIDATE_ONLY_MANUAL_REVIEW_REQUIRED,Similarity does not establish duplication; preserve both original entries
P0388,390,SMS Based Voting System – AVR GSM Project using ATmega32 microcontroller,P1050,1052,MultiFunction LED Game Using An ATmega32 Microcontroller,0.7333,0.2222,atmega32; microcontroller,CANDIDATE_ONLY_MANUAL_REVIEW_REQUIRED,Similarity does not establish duplication; preserve both original entries
P0332,334,DS1669 Digital Potmeter UP/DOWN using microcontroller,P1195,1197,0-25V Digital Voltmeter using AVR Microcontroller,0.7333,0.1429,microcontroller,CANDIDATE_ONLY_MANUAL_REVIEW_REQUIRED,Similarity does not establish duplication; preserve both original entries
P1145,1147,Temperature Controlled DC Fan using Microcontroller,P1288,1290,Stepper motor control with an ATmega8 microcontroller,0.7333,0.1429,microcontroller,CANDIDATE_ONLY_MANUAL_REVIEW_REQUIRED,Similarity does not establish duplication; preserve both original entries
P0382,384,AVR Digital Hum Nuller using ATmega168 microcontroller,P0400,402,Digital Stop Watch with ATmega8 using microcontroller,0.7333,0.125,microcontroller,CANDIDATE_ONLY_MANUAL_REVIEW_REQUIRED,Similarity does not establish duplication; preserve both original entries
P0059,61,LED wind indicator Using atmega8 Microcontroller,P0372,374,Speaking Calculator using AVR ATmega88 microcontroller,0.7333,0.1111,microcontroller,CANDIDATE_ONLY_MANUAL_REVIEW_REQUIRED,Similarity does not establish duplication; preserve both original entries
P0388,390,SMS Based Voting System – AVR GSM Project using ATmega32 microcontroller,P0577,579,The Self-Driving Toy Car using ATmega1284 microcontroller,0.7333,0.0909,microcontroller,CANDIDATE_ONLY_MANUAL_REVIEW_REQUIRED,Similarity does not establish duplication; preserve both original entries
P0339,341,"Simple USB AVR programmer, USBasp using ATMega8 microcontroller",P0412,414,USB AVR programmer using ATtiny2313 microcontroller,0.7327,0.5,avr; microcontroller; programmer; usb,CANDIDATE_ONLY_MANUAL_REVIEW_REQUIRED,Similarity does not establish duplication; preserve both original entries
P0857,859,Networked Biometric Authentication Using Atmega32,P2049,2051,Advancements in Networked Biometric Authentication Systems,0.7327,0.5,authentication; biometric; networked,CANDIDATE_ONLY_MANUAL_REVIEW_REQUIRED,Similarity does not establish duplication; preserve both original entries
P0068,70,Temperature controlled fan using PWM microcontroller,P0398,400,Remote Controlled Fan Regulator using ATmega8 microcontroller,0.7327,0.375,controlled; fan; microcontroller,CANDIDATE_ONLY_MANUAL_REVIEW_REQUIRED,Similarity does not establish duplication; preserve both original entries
P1286,1288,Interfacing LCD with Atmega32 Microcontroller using Atmel Studio,P1996,1998,Interfacing Servo Motor with Atmega32 Microcontroller,0.7327,0.375,atmega32; interfacing; microcontroller,CANDIDATE_ONLY_MANUAL_REVIEW_REQUIRED,Similarity does not establish duplication; preserve both original entries
P0307,309,Cellphone controlled robot vehicle using ATmega16 microcontroller,P0639,641,Watch controlled robot using AVR microcontroller,0.7327,0.375,controlled; microcontroller; robot,CANDIDATE_ONLY_MANUAL_REVIEW_REQUIRED,Similarity does not establish duplication; preserve both original entries
P0085,87,DS1820 Temperature Controller using atmega8515 microcontroller,P0431,433,PC Temperature Meter using ATtiny15 microcontroller,0.7327,0.3333,microcontroller; temperature,CANDIDATE_ONLY_MANUAL_REVIEW_REQUIRED,Similarity does not establish duplication; preserve both original entries
P0318,320,Power usage monitor using Atmel AVR using Atmega168 microcontroller,P2003,2005,Introduction to the Atmel ATmega16 Microcontroller,0.7327,0.2222,atmel; microcontroller,CANDIDATE_ONLY_MANUAL_REVIEW_REQUIRED,Similarity does not establish duplication; preserve both original entries
P0139,141,Using Arduino to communicate with embedded project using AVR ATMEGA microcontroller,P0266,268,Arduino FTDI Header using ATmega8 microcontroller,0.7327,0.2222,arduino; microcontroller,CANDIDATE_ONLY_MANUAL_REVIEW_REQUIRED,Similarity does not establish duplication; preserve both original entries
P0346,348,Modular User Interface System using ATMega88 microcontroller,P0390,392,PS2 Keyboard Interface with AVR MCU using ATmega8 microcontroller,0.7327,0.2,interface; microcontroller,CANDIDATE_ONLY_MANUAL_REVIEW_REQUIRED,Similarity does not establish duplication; preserve both original entries
P0303,305,A multifunction digital meter using Atmega128 microcontroller,P0382,384,AVR Digital Hum Nuller using ATmega168 microcontroller,0.7327,0.125,microcontroller,CANDIDATE_ONLY_MANUAL_REVIEW_REQUIRED,Similarity does not establish duplication; preserve both original entries
P0008,10,Generating AUDIO ECHO using Atmega32 microcontroller,P0384,386,Energy Monitoring Transmitter using Atmega328 microcontroller,0.7327,0.1111,microcontroller,CANDIDATE_ONLY_MANUAL_REVIEW_REQUIRED,Similarity does not establish duplication; preserve both original entries
P0046,48,Box with a Music Lock using ATMega328P Microcontroller,P0490,492,Dutchtronix AVR Oscilloscope Clock using Atmega328 microcontroller,0.7327,0.1,microcontroller,CANDIDATE_ONLY_MANUAL_REVIEW_REQUIRED,Similarity does not establish duplication; preserve both original entries
P0593,595,Minimalist Arduino using ATMega328P microcontroller,P1869,1871,ATMEGA328P Microcontroller,0.7324,0.5,atmega328p; microcontroller,CANDIDATE_ONLY_MANUAL_REVIEW_REQUIRED,Similarity does not establish duplication; preserve both original entries
P0586,588,Air-Mouse using ATmega32 microcontroller,P1204,1206,LED Blinking with ATmega32 Microcontroller,0.7324,0.3333,atmega32; microcontroller,CANDIDATE_ONLY_MANUAL_REVIEW_REQUIRED,Similarity does not establish duplication; preserve both original entries
P0441,443,Analog Multiplexer using AVR microcontroller,P1189,1191,100mA Ammeter using AVR Microcontroller,0.7324,0.3333,avr; microcontroller,CANDIDATE_ONLY_MANUAL_REVIEW_REQUIRED,Similarity does not establish duplication; preserve both original entries
P0310,312,LC Meter using AVR microcontroller,P1192,1194,Flex Sensor Interfacing with AVR Microcontroller,0.7324,0.3333,avr; microcontroller,CANDIDATE_ONLY_MANUAL_REVIEW_REQUIRED,Similarity does not establish duplication; preserve both original entries
P0415,417,VGA Monitor adaptor using AVR microcontroller,P0427,429,Packet Radio using AVR microcontroller,0.7324,0.2857,avr; microcontroller,CANDIDATE_ONLY_MANUAL_REVIEW_REQUIRED,Similarity does not establish duplication; preserve both original entries
P0317,319,Programmer UsbAsp using AVR microcontroller,P1322,1324,Volt-Amp meter using AVR microcontroller,0.7324,0.2857,avr; microcontroller,CANDIDATE_ONLY_MANUAL_REVIEW_REQUIRED,Similarity does not establish duplication; preserve both original entries
P0316,318,Programmer using ATMEGA8 microcontroller,P0581,583,Wall of Pong using ATmega32 microcontroller,0.7324,0.1667,microcontroller,CANDIDATE_ONLY_MANUAL_REVIEW_REQUIRED,Similarity does not establish duplication; preserve both original entries
P0023,25,CNC Update 2 Using atmega32 microcontroller,P0316,318,Programmer using ATMEGA8 microcontroller,0.7324,0.1667,microcontroller,CANDIDATE_ONLY_MANUAL_REVIEW_REQUIRED,Similarity does not establish duplication; preserve both original entries
P0271,273,Color Sensor using Atmega16 microcontroller,P0539,541,AvrPhone using ATmega128 microcontroller,0.7324,0.1667,microcontroller,CANDIDATE_ONLY_MANUAL_REVIEW_REQUIRED,Similarity does not establish duplication; preserve both original entries
P0023,25,CNC Update 2 Using atmega32 microcontroller,P0539,541,AvrPhone using ATmega128 microcontroller,0.7324,0.1667,microcontroller,CANDIDATE_ONLY_MANUAL_REVIEW_REQUIRED,Similarity does not establish duplication; preserve both original entries
P0023,25,CNC Update 2 Using atmega32 microcontroller,P0647,649,RSS Reader using ATmega8 microcontroller,0.7324,0.1429,microcontroller,CANDIDATE_ONLY_MANUAL_REVIEW_REQUIRED,Similarity does not establish duplication; preserve both original entries
P0222,224,Digital Window Sticker (Arduino Controlled) using ATMega328 microcontroller,P0593,595,Minimalist Arduino using ATMega328P microcontroller,0.7321,0.25,arduino; microcontroller,CANDIDATE_ONLY_MANUAL_REVIEW_REQUIRED,Similarity does not establish duplication; preserve both original entries
P0858,860,Intelligent wireless pedometer Using Atmega32,P2051,2053,The Evolution of the Intelligent Wireless Pedometer,0.7317,0.5,intelligent; pedometer,CANDIDATE_ONLY_MANUAL_REVIEW_REQUIRED,Similarity does not establish duplication; preserve both original entries
P0767,769,Keypaw Using Atmel Mega32,P0800,802,SearchBot Using Atmel Mega32,0.7317,0.5,atmel; mega32,CANDIDATE_ONLY_MANUAL_REVIEW_REQUIRED,Similarity does not establish duplication; preserve both original entries
P0077,79,LCD Thermometer TCN77 Using AVR Microcontroller,P0588,590,AVR Thermometer using AT90S2313 microcontroller,0.7317,0.5,avr; microcontroller; thermometer,CANDIDATE_ONLY_MANUAL_REVIEW_REQUIRED,Similarity does not establish duplication; preserve both original entries
P1480,1482,NI-MH BATTERY CHARGER CIRCUIT ATMEL ATTINY26,P1484,1486,LIPO LI-ION BATTERY CHARGER CIRCUIT BALANCING ATTINY26,0.7317,0.4286,attiny26; battery; charger,CANDIDATE_ONLY_MANUAL_REVIEW_REQUIRED,Similarity does not establish duplication; preserve both original entries
P0299,301,Digital oscilloscope GLCD using Atmega32 microcontroller,P0311,313,Oscilloscope using AVR microcontroller,0.7317,0.4,microcontroller; oscilloscope,CANDIDATE_ONLY_MANUAL_REVIEW_REQUIRED,Similarity does not establish duplication; preserve both original entries
P1204,1206,LED Blinking with ATmega32 Microcontroller,P1287,1289,Interfacing DC Motor with Atmega32 Microcontroller,0.7317,0.3333,atmega32; microcontroller,CANDIDATE_ONLY_MANUAL_REVIEW_REQUIRED,Similarity does not establish duplication; preserve both original entries
P0023,25,CNC Update 2 Using atmega32 microcontroller,P1287,1289,Interfacing DC Motor with Atmega32 Microcontroller,0.7317,0.3333,atmega32; microcontroller,CANDIDATE_ONLY_MANUAL_REVIEW_REQUIRED,Similarity does not establish duplication; preserve both original entries
P0040,42,Traffic light controller using avr microcontroller,P0328,330,8 LED Knight Rider using AVR microcontroller,0.7317,0.2857,avr; microcontroller,CANDIDATE_ONLY_MANUAL_REVIEW_REQUIRED,Similarity does not establish duplication; preserve both original entries
P0354,356,AVR Switch Timer using ATmega8 Microcontroller,P0605,607,Sensor Interfacing using ATmega8 microcontroller,0.7317,0.2857,atmega8; microcontroller,CANDIDATE_ONLY_MANUAL_REVIEW_REQUIRED,Similarity does not establish duplication; preserve both original entries
P0142,144,LoveBox – The box of love using ATtiny2313 Microcontroller,P0320,322,Tea Timer using ATTiny2313 microcontroller,0.7317,0.2857,attiny2313; microcontroller,CANDIDATE_ONLY_MANUAL_REVIEW_REQUIRED,Similarity does not establish duplication; preserve both original entries
P0898,900,3D scanner Using Atmega644,P0943,945,Ear Trainer Using Atmega644,0.7317,0.25,atmega644,CANDIDATE_ONLY_MANUAL_REVIEW_REQUIRED,Similarity does not establish duplication; preserve both original entries
P0059,61,LED wind indicator Using atmega8 Microcontroller,P0354,356,AVR Switch Timer using ATmega8 Microcontroller,0.7317,0.25,atmega8; microcontroller,CANDIDATE_ONLY_MANUAL_REVIEW_REQUIRED,Similarity does not establish duplication; preserve both original entries
P0324,326,AVR Based CRO using Atmega16 microcontroller,P0403,405,AVR Compiler toolchain for MAC using ATmega8 microcontroller,0.7317,0.25,avr; microcontroller,CANDIDATE_ONLY_MANUAL_REVIEW_REQUIRED,Similarity does not establish duplication; preserve both original entries
P1386,1388,PIR motion sensor interface with AVR-microcontroller ATMEGA32,P1855,1857,GPS module (uBlox Neo 6M) Interfacing with AVR Microcontroller Atmega16/32,0.7317,0.1538,avr; microcontroller,CANDIDATE_ONLY_MANUAL_REVIEW_REQUIRED,Similarity does not establish duplication; preserve both original entries
P0316,318,Programmer using ATMEGA8 microcontroller,P0382,384,AVR Digital Hum Nuller using ATmega168 microcontroller,0.7317,0.1429,microcontroller,CANDIDATE_ONLY_MANUAL_REVIEW_REQUIRED,Similarity does not establish duplication; preserve both original entries
P0616,618,The WhereAVR using ATmega8 microcontroller,P1214,1216,How to interface RFID with AVR ATmega32 microcontroller,0.7317,0.125,microcontroller,CANDIDATE_ONLY_MANUAL_REVIEW_REQUIRED,Similarity does not establish duplication; preserve both original entries
P0400,402,Digital Stop Watch with ATmega8 using microcontroller,P0446,448,Atmel Test Card using ATmega32 microcontroller,0.7317,0.125,microcontroller,CANDIDATE_ONLY_MANUAL_REVIEW_REQUIRED,Similarity does not establish duplication; preserve both original entries
P0316,318,Programmer using ATMEGA8 microcontroller,P0385,387,AVR Power Usage Logger using ATmega168 microcontroller,0.7317,0.125,microcontroller,CANDIDATE_ONLY_MANUAL_REVIEW_REQUIRED,Similarity does not establish duplication; preserve both original entries
P0418,420,Atmel avr usb programmer using ATMEGA8 microcontroller,P0539,541,AvrPhone using ATmega128 microcontroller,0.7317,0.125,microcontroller,CANDIDATE_ONLY_MANUAL_REVIEW_REQUIRED,Similarity does not establish duplication; preserve both original entries
P0288,290,Tetris and Snake with one AVR using Atmega168 microcontroller,P0616,618,The WhereAVR using ATmega8 microcontroller,0.7317,0.125,microcontroller,CANDIDATE_ONLY_MANUAL_REVIEW_REQUIRED,Similarity does not establish duplication; preserve both original entries
P0385,387,AVR Power Usage Logger using ATmega168 microcontroller,P0586,588,Air-Mouse using ATmega32 microcontroller,0.7317,0.1111,microcontroller,CANDIDATE_ONLY_MANUAL_REVIEW_REQUIRED,Similarity does not establish duplication; preserve both original entries
P0344,346,AVR Based Operating System using ATMega32 microcontroller,P0548,550,LED DOT Matrix Pong using ATMega16 Microcontroller,0.7317,0.1111,microcontroller,CANDIDATE_ONLY_MANUAL_REVIEW_REQUIRED,Similarity does not establish duplication; preserve both original entries
P0569,571,AVR LCD menu routine using ATmega8 microcontroller,P0584,586,RFID security system using ATmega32 microcontroller,0.7317,0.1111,microcontroller,CANDIDATE_ONLY_MANUAL_REVIEW_REQUIRED,Similarity does not establish duplication; preserve both original entries
P0106,108,Debugging AVR code in Linux with simavr using Microcontroller ATTiny85,P1642,1644,Debugging AVR Code in Linux With Simavr,0.7312,0.7143,avr; code; debugging; linux; simavr,CANDIDATE_ONLY_MANUAL_REVIEW_REQUIRED,Similarity does not establish duplication; preserve both original entries
P0412,414,USB AVR programmer using ATtiny2313 microcontroller,P0418,420,Atmel avr usb programmer using ATMEGA8 microcontroller,0.7312,0.5714,avr; microcontroller; programmer; usb,CANDIDATE_ONLY_MANUAL_REVIEW_REQUIRED,Similarity does not establish duplication; preserve both original entries
P1296,1298,How to use I2C-bus on the Atmel AVR Microcontroller,P1863,1865,How to use ADC in AVR Microcontroller ATmega16,0.7312,0.4444,avr; how; microcontroller; use,CANDIDATE_ONLY_MANUAL_REVIEW_REQUIRED,Similarity does not establish duplication; preserve both original entries
P1398,1400,Servo Motor Control by Using AVR ATmega32 Microcontroller,P2047,2049,RFID-Based Security System with AVR ATmega32 Microcontroller,0.7312,0.4286,atmega32; avr; microcontroller,CANDIDATE_ONLY_MANUAL_REVIEW_REQUIRED,Similarity does not establish duplication; preserve both original entries
P1398,1400,Servo Motor Control by Using AVR ATmega32 Microcontroller,P2025,2027,RFID based security system using AVR ATmega32 microcontroller,0.7312,0.4286,atmega32; avr; microcontroller,CANDIDATE_ONLY_MANUAL_REVIEW_REQUIRED,Similarity does not establish duplication; preserve both original entries
P1237,1239,RFID based security system using AVR ATmega32 microcontroller,P1398,1400,Servo Motor Control by Using AVR ATmega32 Microcontroller,0.7312,0.4286,atmega32; avr; microcontroller,CANDIDATE_ONLY_MANUAL_REVIEW_REQUIRED,Similarity does not establish duplication; preserve both original entries
P1280,1282,4X4 Keypad Interfacing with ATmega32 and LED Display,P1991,1993,4×4 Keypad Interfacing with ATmega32 Microcontroller,0.7312,0.4286,atmega32; interfacing; keypad,CANDIDATE_ONLY_MANUAL_REVIEW_REQUIRED,Similarity does not establish duplication; preserve both original entries
P0533,535,Longboard Wheel Display using AVR microcontroller,P1113,1115,Latitude & Longitude Display System Using GPS & AVR Microcontroller,0.7312,0.375,avr; display; microcontroller,CANDIDATE_ONLY_MANUAL_REVIEW_REQUIRED,Similarity does not establish duplication; preserve both original entries
P0107,109,LED Binary Calculator using Microcontroller ATtiny2313,P0124,126,LED Hanukkah Menorah using Microcontroller ATtiny13,0.7312,0.25,led; microcontroller,CANDIDATE_ONLY_MANUAL_REVIEW_REQUIRED,Similarity does not establish duplication; preserve both original entries
P0258,260,Music Playing Alarm Clock using ATmega644 microcontroller,P1323,1325,Digital Clock using AVR Atmega16 Microcontroller,0.7312,0.25,clock; microcontroller,CANDIDATE_ONLY_MANUAL_REVIEW_REQUIRED,Similarity does not establish duplication; preserve both original entries
P0272,274,Control Anything with one AVR pin using Attiny2313 microcontroller,P0314,316,Door Opener using ATTiny2313 microcontroller,0.7312,0.25,attiny2313; microcontroller,CANDIDATE_ONLY_MANUAL_REVIEW_REQUIRED,Similarity does not establish duplication; preserve both original entries
P0605,607,Sensor Interfacing using ATmega8 microcontroller,P1295,1297,Interfacing GSM Module with Atmega32 AVR microcontroller,0.7312,0.25,interfacing; microcontroller,CANDIDATE_ONLY_MANUAL_REVIEW_REQUIRED,Similarity does not establish duplication; preserve both original entries
P0400,402,Digital Stop Watch with ATmega8 using microcontroller,P0717,719,Digital voice recorder using Atmel Mega32 microcontroller,0.7312,0.125,microcontroller,CANDIDATE_ONLY_MANUAL_REVIEW_REQUIRED,Similarity does not establish duplication; preserve both original entries
P1050,1052,MultiFunction LED Game Using An ATmega32 Microcontroller,P2003,2005,Introduction to the Atmel ATmega16 Microcontroller,0.7312,0.125,microcontroller,CANDIDATE_ONLY_MANUAL_REVIEW_REQUIRED,Similarity does not establish duplication; preserve both original entries
P0157,159,Programmable LED using Atmel ATtiny13v Microcontroller,P0412,414,USB AVR programmer using ATtiny2313 microcontroller,0.7312,0.1111,microcontroller,CANDIDATE_ONLY_MANUAL_REVIEW_REQUIRED,Similarity does not establish duplication; preserve both original entries
P1076,1078,How to interface LCD in 4 bit mode with AVR microcontroller,P1081,1083,How to interface RFID with AVR microcontroller (ATmega16),0.7308,0.4444,avr; how; interface; microcontroller,CANDIDATE_ONLY_MANUAL_REVIEW_REQUIRED,Similarity does not establish duplication; preserve both original entries
P1076,1078,How to interface LCD in 4 bit mode with AVR microcontroller,P1214,1216,How to interface RFID with AVR ATmega32 microcontroller,0.7308,0.4444,avr; how; interface; microcontroller,CANDIDATE_ONLY_MANUAL_REVIEW_REQUIRED,Similarity does not establish duplication; preserve both original entries
P1286,1288,Interfacing LCD with Atmega32 Microcontroller using Atmel Studio,P1295,1297,Interfacing GSM Module with Atmega32 AVR microcontroller,0.7308,0.3333,atmega32; interfacing; microcontroller,CANDIDATE_ONLY_MANUAL_REVIEW_REQUIRED,Similarity does not establish duplication; preserve both original entries
P0060,62,Make an automatic plant light using ATTiny26 Microcontroller,P1320,1322,Automatic plant watering system using AVR(Atmega16) Microcontroller,0.7308,0.25,microcontroller; plant,CANDIDATE_ONLY_MANUAL_REVIEW_REQUIRED,Similarity does not establish duplication; preserve both original entries
P2069,2071,AVR External Memory Access using ATmega8515 with Proteus Simulation,P2079,2081,Digital Melody Player using ATmega8 with Proteus Simulation,0.7308,0.2,proteus; simulation,CANDIDATE_ONLY_MANUAL_REVIEW_REQUIRED,Similarity does not establish duplication; preserve both original entries
P0783,785,Radial Chalker Using Atmel Atmega32,P0810,812,CalcParser Using Atmel Mega32,0.7308,0.1667,atmel,CANDIDATE_ONLY_MANUAL_REVIEW_REQUIRED,Similarity does not establish duplication; preserve both original entries
P1063,1065,How to configure Watchdog Timers of AVR Microcontroller (ATmega16),P1858,1860,How to Use Hall Sensor with AVR Microcontroller ATmega16,0.7304,0.4,atmega16; avr; how; microcontroller,CANDIDATE_ONLY_MANUAL_REVIEW_REQUIRED,Similarity does not establish duplication; preserve both original entries
P1286,1288,Interfacing LCD with Atmega32 Microcontroller using Atmel Studio,P1867,1869,Interfacing 16×2 LCD with Atmega16 AVR Microcontroller in 4-Bit Mode,0.7304,0.2727,interfacing; lcd; microcontroller,CANDIDATE_ONLY_MANUAL_REVIEW_REQUIRED,Similarity does not establish duplication; preserve both original entries
P0310,312,LC Meter using AVR microcontroller,P0480,482,RF Inductance Meter using microcontroller,0.7302,0.5,meter; microcontroller,CANDIDATE_ONLY_MANUAL_REVIEW_REQUIRED,Similarity does not establish duplication; preserve both original entries
P0074,76,AVR GPS Locator using avr microcontroller,P0310,312,LC Meter using AVR microcontroller,0.7302,0.4,avr; microcontroller,CANDIDATE_ONLY_MANUAL_REVIEW_REQUIRED,Similarity does not establish duplication; preserve both original entries
P0310,312,LC Meter using AVR microcontroller,P0465,467,Ponyprog Circuit for ATMEL’S AVR using microcontroller,0.7302,0.4,avr; microcontroller,CANDIDATE_ONLY_MANUAL_REVIEW_REQUIRED,Similarity does not establish duplication; preserve both original entries
P0310,312,LC Meter using AVR microcontroller,P1950,1952,GETTING STARTED WITH AVR MICROCONTROLLER,0.7302,0.4,avr; microcontroller,CANDIDATE_ONLY_MANUAL_REVIEW_REQUIRED,Similarity does not establish duplication; preserve both original entries
P1029,1031,Acoustic Impulse Marker Using Atmega1284,P1031,1033,Acoustic Wayfinder Using Atmega1284,0.7302,0.4,acoustic; atmega1284,CANDIDATE_ONLY_MANUAL_REVIEW_REQUIRED,Similarity does not establish duplication; preserve both original entries
P1187,1189,Fire Alarm System using AVR Microcontroller,P1189,1191,100mA Ammeter using AVR Microcontroller,0.7302,0.3333,avr; microcontroller,CANDIDATE_ONLY_MANUAL_REVIEW_REQUIRED,Similarity does not establish duplication; preserve both original entries
P0704,706,Frogger Video Game Using Atmel Mega32,P0741,743,Color Tetris video game using ATMega32,0.7302,0.25,game; video,CANDIDATE_ONLY_MANUAL_REVIEW_REQUIRED,Similarity does not establish duplication; preserve both original entries
P0604,606,The Prototino™ using ATmega168 microcontroller,P1869,1871,ATMEGA328P Microcontroller,0.7302,0.25,microcontroller,CANDIDATE_ONLY_MANUAL_REVIEW_REQUIRED,Similarity does not establish duplication; preserve both original entries
P0615,617,Video Overlay using ATmega8 microcontroller,P1869,1871,ATMEGA328P Microcontroller,0.7302,0.2,microcontroller,CANDIDATE_ONLY_MANUAL_REVIEW_REQUIRED,Similarity does not establish duplication; preserve both original entries
P0731,733,Missle Command video game using Atmega32,P0755,757,MISSILE COMMAND USING ATMEL MEGA 32,0.7302,0.125,command,CANDIDATE_ONLY_MANUAL_REVIEW_REQUIRED,Similarity does not establish duplication; preserve both original entries
P0605,607,Sensor Interfacing using ATmega8 microcontroller,P0616,618,The WhereAVR using ATmega8 microcontroller,0.7297,0.4,atmega8; microcontroller,CANDIDATE_ONLY_MANUAL_REVIEW_REQUIRED,Similarity does not establish duplication; preserve both original entries
P0316,318,Programmer using ATMEGA8 microcontroller,P1190,1192,Anti-Theft Alert System using ATmega8 Microcontroller,0.7297,0.3333,atmega8; microcontroller,CANDIDATE_ONLY_MANUAL_REVIEW_REQUIRED,Similarity does not establish duplication; preserve both original entries
P0377,379,AVR Code Debugger using AVR microcontroller,P0429,431,Frequency counter using AVR microcontroller,0.7297,0.3333,avr; microcontroller,CANDIDATE_ONLY_MANUAL_REVIEW_REQUIRED,Similarity does not establish duplication; preserve both original entries
P0059,61,LED wind indicator Using atmega8 Microcontroller,P0616,618,The WhereAVR using ATmega8 microcontroller,0.7297,0.3333,atmega8; microcontroller,CANDIDATE_ONLY_MANUAL_REVIEW_REQUIRED,Similarity does not establish duplication; preserve both original entries
P1198,1200,0-99 Counter using AVR Microcontroller,P1309,1311,DS1307 RTC Interfacing with AVR microcontroller,0.7297,0.3333,avr; microcontroller,CANDIDATE_ONLY_MANUAL_REVIEW_REQUIRED,Similarity does not establish duplication; preserve both original entries
P0074,76,AVR GPS Locator using avr microcontroller,P1061,1063,Interfacing SD Card with AVR Microcontroller,0.7297,0.3333,avr; microcontroller,CANDIDATE_ONLY_MANUAL_REVIEW_REQUIRED,Similarity does not establish duplication; preserve both original entries
P0377,379,AVR Code Debugger using AVR microcontroller,P0433,435,Capacitance Meter using AVR microcontroller,0.7297,0.3333,avr; microcontroller,CANDIDATE_ONLY_MANUAL_REVIEW_REQUIRED,Similarity does not establish duplication; preserve both original entries
P0283,285,Halloween Robot using Attiny microcontrollers,P0642,644,USB Sensors with ATtiny Microcontrollers,0.7297,0.3333,attiny; microcontrollers,CANDIDATE_ONLY_MANUAL_REVIEW_REQUIRED,Similarity does not establish duplication; preserve both original entries
P0074,76,AVR GPS Locator using avr microcontroller,P0415,417,VGA Monitor adaptor using AVR microcontroller,0.7297,0.2857,avr; microcontroller,CANDIDATE_ONLY_MANUAL_REVIEW_REQUIRED,Similarity does not establish duplication; preserve both original entries
P0354,356,AVR Switch Timer using ATmega8 Microcontroller,P0647,649,RSS Reader using ATmega8 microcontroller,0.7297,0.2857,atmega8; microcontroller,CANDIDATE_ONLY_MANUAL_REVIEW_REQUIRED,Similarity does not establish duplication; preserve both original entries
P0070,72,8 MHz frequency meter using AVR microcontroller,P1189,1191,100mA Ammeter using AVR Microcontroller,0.7297,0.2857,avr; microcontroller,CANDIDATE_ONLY_MANUAL_REVIEW_REQUIRED,Similarity does not establish duplication; preserve both original entries
P0077,79,LCD Thermometer TCN77 Using AVR Microcontroller,P1189,1191,100mA Ammeter using AVR Microcontroller,0.7297,0.2857,avr; microcontroller,CANDIDATE_ONLY_MANUAL_REVIEW_REQUIRED,Similarity does not establish duplication; preserve both original entries
P0363,365,"AvrX, Real Time Kernel using AVR microcontroller",P1189,1191,100mA Ammeter using AVR Microcontroller,0.7297,0.25,avr; microcontroller,CANDIDATE_ONLY_MANUAL_REVIEW_REQUIRED,Similarity does not establish duplication; preserve both original entries
P0539,541,AvrPhone using ATmega128 microcontroller,P1427,1429,Avr Atmega8 Microcontroller – An Introduction,0.7297,0.1667,microcontroller,CANDIDATE_ONLY_MANUAL_REVIEW_REQUIRED,Similarity does not establish duplication; preserve both original entries
P0313,315,Dimmer using ATTiny2313 microcontroller,P0588,590,AVR Thermometer using AT90S2313 microcontroller,0.7297,0.1667,microcontroller,CANDIDATE_ONLY_MANUAL_REVIEW_REQUIRED,Similarity does not establish duplication; preserve both original entries
P0379,381,Ear Trainer using ATMega644 microcontroller,P1204,1206,LED Blinking with ATmega32 Microcontroller,0.7297,0.1429,microcontroller,CANDIDATE_ONLY_MANUAL_REVIEW_REQUIRED,Similarity does not establish duplication; preserve both original entries
P0532,534,AttoBasic HOME using Atmega168 microcontroller,P0586,588,Air-Mouse using ATmega32 microcontroller,0.7297,0.1429,microcontroller,CANDIDATE_ONLY_MANUAL_REVIEW_REQUIRED,Similarity does not establish duplication; preserve both original entries
P0283,285,Halloween Robot using Attiny microcontrollers,P1631,1633,Line Follower Robot using Microcontroller,0.7297,0.1429,robot,CANDIDATE_ONLY_MANUAL_REVIEW_REQUIRED,Similarity does not establish duplication; preserve both original entries
P0426,428,Nixie Clock with AVR using ATmega48 microcontroller,P0539,541,AvrPhone using ATmega128 microcontroller,0.7297,0.1429,microcontroller,CANDIDATE_ONLY_MANUAL_REVIEW_REQUIRED,Similarity does not establish duplication; preserve both original entries
P0316,318,Programmer using ATMEGA8 microcontroller,P0534,536,AVR mod player using ATmega325 microcontroller,0.7297,0.1429,microcontroller,CANDIDATE_ONLY_MANUAL_REVIEW_REQUIRED,Similarity does not establish duplication; preserve both original entries
P0316,318,Programmer using ATMEGA8 microcontroller,P0446,448,Atmel Test Card using ATmega32 microcontroller,0.7297,0.1429,microcontroller,CANDIDATE_ONLY_MANUAL_REVIEW_REQUIRED,Similarity does not establish duplication; preserve both original entries
P0417,419,LCD Car Accelerometer using microcontroller,P0433,435,Capacitance Meter using AVR microcontroller,0.7297,0.1429,microcontroller,CANDIDATE_ONLY_MANUAL_REVIEW_REQUIRED,Similarity does not establish duplication; preserve both original entries
P0316,318,Programmer using ATMEGA8 microcontroller,P0426,428,Nixie Clock with AVR using ATmega48 microcontroller,0.7297,0.1429,microcontroller,CANDIDATE_ONLY_MANUAL_REVIEW_REQUIRED,Similarity does not establish duplication; preserve both original entries
P0379,381,Ear Trainer using ATMega644 microcontroller,P0615,617,Video Overlay using ATmega8 microcontroller,0.7297,0.1429,microcontroller,CANDIDATE_ONLY_MANUAL_REVIEW_REQUIRED,Similarity does not establish duplication; preserve both original entries
P0344,346,AVR Based Operating System using ATMega32 microcontroller,P0544,546,MP3 Player using ATMega128 microcontroller,0.7297,0.1429,microcontroller,CANDIDATE_ONLY_MANUAL_REVIEW_REQUIRED,Similarity does not establish duplication; preserve both original entries
P0426,428,Nixie Clock with AVR using ATmega48 microcontroller,P0647,649,RSS Reader using ATmega8 microcontroller,0.7297,0.125,microcontroller,CANDIDATE_ONLY_MANUAL_REVIEW_REQUIRED,Similarity does not establish duplication; preserve both original entries
P0534,536,AVR mod player using ATmega325 microcontroller,P0647,649,RSS Reader using ATmega8 microcontroller,0.7297,0.125,microcontroller,CANDIDATE_ONLY_MANUAL_REVIEW_REQUIRED,Similarity does not establish duplication; preserve both original entries
P0647,649,RSS Reader using ATmega8 microcontroller,P2052,2054,DIY 3D LED Cube Using ATmega32 Microcontroller,0.7297,0.125,microcontroller,CANDIDATE_ONLY_MANUAL_REVIEW_REQUIRED,Similarity does not establish duplication; preserve both original entries
P1156,1158,Interfacing 16X2 LCD to AVR Microcontroller,P1309,1311,DS1307 RTC Interfacing with AVR microcontroller,0.7294,0.4286,avr; interfacing; microcontroller,CANDIDATE_ONLY_MANUAL_REVIEW_REQUIRED,Similarity does not establish duplication; preserve both original entries
P0467,469,Interfacing DRAM Memory using AVR microcontroller,P1309,1311,DS1307 RTC Interfacing with AVR microcontroller,0.7294,0.4286,avr; interfacing; microcontroller,CANDIDATE_ONLY_MANUAL_REVIEW_REQUIRED,Similarity does not establish duplication; preserve both original entries
P0438,440,Morse Code Alarm Clock using ATtiny2313 microcontroller,P1186,1188,Alarm Clock using ATmega32 Microcontroller,0.7294,0.4286,alarm; clock; microcontroller,CANDIDATE_ONLY_MANUAL_REVIEW_REQUIRED,Similarity does not establish duplication; preserve both original entries
P0407,409,80×32 LED matrix display using ATmega32 microcontroller,P1204,1206,LED Blinking with ATmega32 Microcontroller,0.7294,0.4286,atmega32; led; microcontroller,CANDIDATE_ONLY_MANUAL_REVIEW_REQUIRED,Similarity does not establish duplication; preserve both original entries
P0368,370,Clever Clapper using ATtiny2313 microcontroller,P0575,577,Project Development Board using ATTiny2313 microcontroller,0.7294,0.4,attiny2313; microcontroller,CANDIDATE_ONLY_MANUAL_REVIEW_REQUIRED,Similarity does not establish duplication; preserve both original entries
P0388,390,SMS Based Voting System – AVR GSM Project using ATmega32 microcontroller,P1237,1239,RFID based security system using AVR ATmega32 microcontroller,0.7294,0.375,atmega32; avr; microcontroller,CANDIDATE_ONLY_MANUAL_REVIEW_REQUIRED,Similarity does not establish duplication; preserve both original entries
P0388,390,SMS Based Voting System – AVR GSM Project using ATmega32 microcontroller,P2047,2049,RFID-Based Security System with AVR ATmega32 Microcontroller,0.7294,0.375,atmega32; avr; microcontroller,CANDIDATE_ONLY_MANUAL_REVIEW_REQUIRED,Similarity does not establish duplication; preserve both original entries
P0388,390,SMS Based Voting System – AVR GSM Project using ATmega32 microcontroller,P2025,2027,RFID based security system using AVR ATmega32 microcontroller,0.7294,0.375,atmega32; avr; microcontroller,CANDIDATE_ONLY_MANUAL_REVIEW_REQUIRED,Similarity does not establish duplication; preserve both original entries
P0319,321,Kitchen Timer using ATTiny2313 microcontroller,P0412,414,USB AVR programmer using ATtiny2313 microcontroller,0.7294,0.2857,attiny2313; microcontroller,CANDIDATE_ONLY_MANUAL_REVIEW_REQUIRED,Similarity does not establish duplication; preserve both original entries
P0063,65,Simple calculator using avr microcontroller Atmega16,P0111,113,LED Cube 4x4x4 using Microcontroller Atmega16,0.7294,0.25,atmega16; microcontroller,CANDIDATE_ONLY_MANUAL_REVIEW_REQUIRED,Similarity does not establish duplication; preserve both original entries
P0059,61,LED wind indicator Using atmega8 Microcontroller,P0369,371,Mini Logic Analyzer using ATmega8 microcontroller,0.7294,0.25,atmega8; microcontroller,CANDIDATE_ONLY_MANUAL_REVIEW_REQUIRED,Similarity does not establish duplication; preserve both original entries
P0444,446,Multimeter with Atmel using Atmega8-16pu microcontroller,P1190,1192,Anti-Theft Alert System using ATmega8 Microcontroller,0.7294,0.25,atmega8; microcontroller,CANDIDATE_ONLY_MANUAL_REVIEW_REQUIRED,Similarity does not establish duplication; preserve both original entries
P0046,48,Box with a Music Lock using ATMega328P Microcontroller,P0690,692,Sheet Music Generator using Mega32 Microcontroller,0.7294,0.25,microcontroller; music,CANDIDATE_ONLY_MANUAL_REVIEW_REQUIRED,Similarity does not establish duplication; preserve both original entries
P0023,25,CNC Update 2 Using atmega32 microcontroller,P0378,380,AVR Data Logger with MicroSD using ATmega32 microcontroller,0.7294,0.25,atmega32; microcontroller,CANDIDATE_ONLY_MANUAL_REVIEW_REQUIRED,Similarity does not establish duplication; preserve both original entries
P0179,181,Build the Penguin game system using ATMega32/644 microcontroller,P0584,586,RFID security system using ATmega32 microcontroller,0.7294,0.25,atmega32; microcontroller,CANDIDATE_ONLY_MANUAL_REVIEW_REQUIRED,Similarity does not establish duplication; preserve both original entries
P0134,136,Led dimmer 2 channels using Attiny13 microcontroller,P0370,372,AVR LED Candle using ATtiny85 microcontroller,0.7294,0.25,led; microcontroller,CANDIDATE_ONLY_MANUAL_REVIEW_REQUIRED,Similarity does not establish duplication; preserve both original entries
P0057,59,USB PCB Business Card Using ATtiny85 Microcontroller,P0370,372,AVR LED Candle using ATtiny85 microcontroller,0.7294,0.2222,attiny85; microcontroller,CANDIDATE_ONLY_MANUAL_REVIEW_REQUIRED,Similarity does not establish duplication; preserve both original entries
P0359,361,Ultrasonic Security System using Atmega644 microcontroller,P0532,534,AttoBasic HOME using Atmega168 microcontroller,0.7294,0.1429,microcontroller,CANDIDATE_ONLY_MANUAL_REVIEW_REQUIRED,Similarity does not establish duplication; preserve both original entries
P0379,381,Ear Trainer using ATMega644 microcontroller,P0418,420,Atmel avr usb programmer using ATMEGA8 microcontroller,0.7294,0.1111,microcontroller,CANDIDATE_ONLY_MANUAL_REVIEW_REQUIRED,Similarity does not establish duplication; preserve both original entries
P0379,381,Ear Trainer using ATMega644 microcontroller,P0385,387,AVR Power Usage Logger using ATmega168 microcontroller,0.7294,0.1111,microcontroller,CANDIDATE_ONLY_MANUAL_REVIEW_REQUIRED,Similarity does not establish duplication; preserve both original entries
P0569,571,AVR LCD menu routine using ATmega8 microcontroller,P1202,1204,Power LED Dimmer using ATmega32 Microcontroller,0.7294,0.1,microcontroller,CANDIDATE_ONLY_MANUAL_REVIEW_REQUIRED,Similarity does not establish duplication; preserve both original entries
P0135,137,Getting started with ubuntu and the AVR dragon using atmega8 microcontroller,P1950,1952,GETTING STARTED WITH AVR MICROCONTROLLER,0.7292,0.5714,avr; getting; microcontroller; started,CANDIDATE_ONLY_MANUAL_REVIEW_REQUIRED,Similarity does not establish duplication; preserve both original entries
P0256,258,Getting Started with Atmel AVR and BASCOM using attiny26 microcontroller,P1950,1952,GETTING STARTED WITH AVR MICROCONTROLLER,0.7292,0.5714,avr; getting; microcontroller; started,CANDIDATE_ONLY_MANUAL_REVIEW_REQUIRED,Similarity does not establish duplication; preserve both original entries
P0418,420,Atmel avr usb programmer using ATMEGA8 microcontroller,P0432,434,Atmel Avr Project Circuit Archive 360 MB using ATmega8 microcontroller,0.7292,0.5,atmega8; atmel; avr; microcontroller,CANDIDATE_ONLY_MANUAL_REVIEW_REQUIRED,Similarity does not establish duplication; preserve both original entries
P1077,1079,How to disable JTAG of AVR microcontroller,P1085,1087,How to use inbuilt ADC of AVR microcontroller (ATmega16),0.7292,0.3333,avr; how; microcontroller,CANDIDATE_ONLY_MANUAL_REVIEW_REQUIRED,Similarity does not establish duplication; preserve both original entries
P0378,380,AVR Data Logger with MicroSD using ATmega32 microcontroller,P0385,387,AVR Power Usage Logger using ATmega168 microcontroller,0.7292,0.3333,avr; logger; microcontroller,CANDIDATE_ONLY_MANUAL_REVIEW_REQUIRED,Similarity does not establish duplication; preserve both original entries
P0141,143,Stripboard Arduino using ATMega168 microcontroller,P0394,396,AVR RGB LED and Sound Show using ATmega168 microcontroller,0.7292,0.2222,atmega168; microcontroller,CANDIDATE_ONLY_MANUAL_REVIEW_REQUIRED,Similarity does not establish duplication; preserve both original entries
P0408,410,RCEN fuse programmer using AT90S1200A microcontroller,P0550,552,Making a USB based AVR Programmer using ATMEGA8 Microcontroller,0.7292,0.2222,microcontroller; programmer,CANDIDATE_ONLY_MANUAL_REVIEW_REQUIRED,Similarity does not establish duplication; preserve both original entries
P0269,271,3 Easy Holiday Gifts using ATTiny microcontroller,P0289,291,Easy Data Logger with Virtual USB using ATtiny45 microcontroller,0.7292,0.2,easy; microcontroller,CANDIDATE_ONLY_MANUAL_REVIEW_REQUIRED,Similarity does not establish duplication; preserve both original entries
P0318,320,Power usage monitor using Atmel AVR using Atmega168 microcontroller,P1202,1204,Power LED Dimmer using ATmega32 Microcontroller,0.7292,0.2,microcontroller; power,CANDIDATE_ONLY_MANUAL_REVIEW_REQUIRED,Similarity does not establish duplication; preserve both original entries
P0385,387,AVR Power Usage Logger using ATmega168 microcontroller,P0418,420,Atmel avr usb programmer using ATMEGA8 microcontroller,0.7292,0.2,avr; microcontroller,CANDIDATE_ONLY_MANUAL_REVIEW_REQUIRED,Similarity does not establish duplication; preserve both original entries
P0266,268,Arduino FTDI Header using ATmega8 microcontroller,P0303,305,A multifunction digital meter using Atmega128 microcontroller,0.7292,0.125,microcontroller,CANDIDATE_ONLY_MANUAL_REVIEW_REQUIRED,Similarity does not establish duplication; preserve both original entries
P0568,570,Simplified AVR LCD routines using ATmega8 microcontroller,P0593,595,Minimalist Arduino using ATMega328P microcontroller,0.7292,0.1111,microcontroller,CANDIDATE_ONLY_MANUAL_REVIEW_REQUIRED,Similarity does not establish duplication; preserve both original entries
P0208,210,The Word Clock – Arduino version using ATMega168 microcontroller,P0548,550,LED DOT Matrix Pong using ATMega16 Microcontroller,0.7292,0.0909,microcontroller,CANDIDATE_ONLY_MANUAL_REVIEW_REQUIRED,Similarity does not establish duplication; preserve both original entries
P1287,1289,Interfacing DC Motor with Atmega32 Microcontroller,P1994,1996,Interfacing LCD 16×2 with ATMEGA32 AVR Microcontroller in 4-bit mode,0.729,0.3333,atmega32; interfacing; microcontroller,CANDIDATE_ONLY_MANUAL_REVIEW_REQUIRED,Similarity does not establish duplication; preserve both original entries
P0405,407,Acceleration sensing USB interface using Atmega8 microcontroller,P0487,489,MMC/SD/SDHC AVR Interface using ATMega8 microcontroller,0.729,0.3333,atmega8; interface; microcontroller,CANDIDATE_ONLY_MANUAL_REVIEW_REQUIRED,Similarity does not establish duplication; preserve both original entries
P0339,341,"Simple USB AVR programmer, USBasp using ATMega8 microcontroller",P0568,570,Simplified AVR LCD routines using ATmega8 microcontroller,0.729,0.3,atmega8; avr; microcontroller,CANDIDATE_ONLY_MANUAL_REVIEW_REQUIRED,Similarity does not establish duplication; preserve both original entries
P1398,1400,Servo Motor Control by Using AVR ATmega32 Microcontroller,P1996,1998,Interfacing Servo Motor with Atmega32 Microcontroller,0.7273,0.6667,atmega32; microcontroller; motor; servo,CANDIDATE_ONLY_MANUAL_REVIEW_REQUIRED,Similarity does not establish duplication; preserve both original entries
P0750,752,Reversi Video Game Using ATmega32,P0828,830,TouchPad video game Using Atmega32,0.7273,0.6,atmega32; game; video,CANDIDATE_ONLY_MANUAL_REVIEW_REQUIRED,Similarity does not establish duplication; preserve both original entries
P1313,1315,Bluetooth based home automation,P1317,1319,GSM Based Home Automation,0.7273,0.5,automation; home,CANDIDATE_ONLY_MANUAL_REVIEW_REQUIRED,Similarity does not establish duplication; preserve both original entries
P1080,1082,RFID interfacing with AVR microcontroller (ATmega16) using interrupts,P1864,1866,Interfacing Stepper Motor with AVR Microcontroller Atmega16,0.7273,0.5,atmega16; avr; interfacing; microcontroller,CANDIDATE_ONLY_MANUAL_REVIEW_REQUIRED,Similarity does not establish duplication; preserve both original entries
P1075,1077,SPI (serial peripheral interface) using AVR microcontroller (ATmega16),P1081,1083,How to interface RFID with AVR microcontroller (ATmega16),0.7273,0.4444,atmega16; avr; interface; microcontroller,CANDIDATE_ONLY_MANUAL_REVIEW_REQUIRED,Similarity does not establish duplication; preserve both original entries
P1064,1066,How to interface serial ADC0831 with AVR microcontroller (ATmega16),P1214,1216,How to interface RFID with AVR ATmega32 microcontroller,0.7273,0.4444,avr; how; interface; microcontroller,CANDIDATE_ONLY_MANUAL_REVIEW_REQUIRED,Similarity does not establish duplication; preserve both original entries
P1286,1288,Interfacing LCD with Atmega32 Microcontroller using Atmel Studio,P1991,1993,4×4 Keypad Interfacing with ATmega32 Microcontroller,0.7273,0.4286,atmega32; interfacing; microcontroller,CANDIDATE_ONLY_MANUAL_REVIEW_REQUIRED,Similarity does not establish duplication; preserve both original entries
P1287,1289,Interfacing DC Motor with Atmega32 Microcontroller,P1864,1866,Interfacing Stepper Motor with AVR Microcontroller Atmega16,0.7273,0.4286,interfacing; microcontroller; motor,CANDIDATE_ONLY_MANUAL_REVIEW_REQUIRED,Similarity does not establish duplication; preserve both original entries
P0354,356,AVR Switch Timer using ATmega8 Microcontroller,P0432,434,Atmel Avr Project Circuit Archive 360 MB using ATmega8 microcontroller,0.7273,0.375,atmega8; avr; microcontroller,CANDIDATE_ONLY_MANUAL_REVIEW_REQUIRED,Similarity does not establish duplication; preserve both original entries
P1077,1079,How to disable JTAG of AVR microcontroller,P1863,1865,How to use ADC in AVR Microcontroller ATmega16,0.7273,0.375,avr; how; microcontroller,CANDIDATE_ONLY_MANUAL_REVIEW_REQUIRED,Similarity does not establish duplication; preserve both original entries
P0581,583,Wall of Pong using ATmega32 microcontroller,P1203,1205,Interfacing LCD with ATmega32 Microcontroller,0.7273,0.3333,atmega32; microcontroller,CANDIDATE_ONLY_MANUAL_REVIEW_REQUIRED,Similarity does not establish duplication; preserve both original entries
P0723,725,RoboDog using ATMega32,P0855,857,BordFree Using Atmega32,0.7273,0.3333,atmega32,CANDIDATE_ONLY_MANUAL_REVIEW_REQUIRED,Similarity does not establish duplication; preserve both original entries
P0700,702,BattleShip Game using Atmel Mega32,P0815,817,Braille reader using Atmel mega32,0.7273,0.3333,atmel; mega32,CANDIDATE_ONLY_MANUAL_REVIEW_REQUIRED,Similarity does not establish duplication; preserve both original entries
P0311,313,Oscilloscope using AVR microcontroller,P1322,1324,Volt-Amp meter using AVR microcontroller,0.7273,0.3333,avr; microcontroller,CANDIDATE_ONLY_MANUAL_REVIEW_REQUIRED,Similarity does not establish duplication; preserve both original entries
P0570,572,Servo motor control using Atmega8 microcontroller,P1105,1107,DC Motor Control with Joystick & AVR Microcontroller,0.7273,0.3333,microcontroller; motor,CANDIDATE_ONLY_MANUAL_REVIEW_REQUIRED,Similarity does not establish duplication; preserve both original entries
P1192,1194,Flex Sensor Interfacing with AVR Microcontroller,P1386,1388,PIR motion sensor interface with AVR-microcontroller ATMEGA32,0.7273,0.3333,avr; microcontroller; sensor,CANDIDATE_ONLY_MANUAL_REVIEW_REQUIRED,Similarity does not establish duplication; preserve both original entries
P1108,1110,LED Light Bulb Controller using AVR Microcontroller,P1198,1200,0-99 Counter using AVR Microcontroller,0.7273,0.3333,avr; microcontroller,CANDIDATE_ONLY_MANUAL_REVIEW_REQUIRED,Similarity does not establish duplication; preserve both original entries
P0876,878,Alarm clock with speech synthesis Using Atmega32,P1035,1037,Speech Synthesis on Atmega128,0.7273,0.3333,speech; synthesis,CANDIDATE_ONLY_MANUAL_REVIEW_REQUIRED,Similarity does not establish duplication; preserve both original entries
P0427,429,Packet Radio using AVR microcontroller,P1322,1324,Volt-Amp meter using AVR microcontroller,0.7273,0.2857,avr; microcontroller,CANDIDATE_ONLY_MANUAL_REVIEW_REQUIRED,Similarity does not establish duplication; preserve both original entries
P0377,379,AVR Code Debugger using AVR microcontroller,P1097,1099,Audio Tone Generator using AVR Microcontroller,0.7273,0.2857,avr; microcontroller,CANDIDATE_ONLY_MANUAL_REVIEW_REQUIRED,Similarity does not establish duplication; preserve both original entries
P0369,371,Mini Logic Analyzer using ATmega8 microcontroller,P0647,649,RSS Reader using ATmega8 microcontroller,0.7273,0.2857,atmega8; microcontroller,CANDIDATE_ONLY_MANUAL_REVIEW_REQUIRED,Similarity does not establish duplication; preserve both original entries
P0584,586,RFID security system using ATmega32 microcontroller,P2020,2022,Building a Basic Calculator using ATmega32 Microcontroller,0.7273,0.2857,atmega32; microcontroller,CANDIDATE_ONLY_MANUAL_REVIEW_REQUIRED,Similarity does not establish duplication; preserve both original entries
P0408,410,RCEN fuse programmer using AT90S1200A microcontroller,P0572,574,AVR Programmer using ATTINY2313 microcontroller,0.7273,0.2857,microcontroller; programmer,CANDIDATE_ONLY_MANUAL_REVIEW_REQUIRED,Similarity does not establish duplication; preserve both original entries
P0382,384,AVR Digital Hum Nuller using ATmega168 microcontroller,P0532,534,AttoBasic HOME using Atmega168 microcontroller,0.7273,0.2857,atmega168; microcontroller,CANDIDATE_ONLY_MANUAL_REVIEW_REQUIRED,Similarity does not establish duplication; preserve both original entries
P0354,356,AVR Switch Timer using ATmega8 Microcontroller,P0615,617,Video Overlay using ATmega8 microcontroller,0.7273,0.2857,atmega8; microcontroller,CANDIDATE_ONLY_MANUAL_REVIEW_REQUIRED,Similarity does not establish duplication; preserve both original entries
P0023,25,CNC Update 2 Using atmega32 microcontroller,P2052,2054,DIY 3D LED Cube Using ATmega32 Microcontroller,0.7273,0.2857,atmega32; microcontroller,CANDIDATE_ONLY_MANUAL_REVIEW_REQUIRED,Similarity does not establish duplication; preserve both original entries
P0882,884,Autonomous Self-parking car Using Atmega644,P0957,959,Autonomous Board Erasing Robot Using Atmega644,0.7273,0.25,atmega644; autonomous,CANDIDATE_ONLY_MANUAL_REVIEW_REQUIRED,Similarity does not establish duplication; preserve both original entries
P0705,707,Space Fighter Video Game Using ATMega32,P0743,745,The Contender video game using Atmel Mega32,0.7273,0.25,game; video,CANDIDATE_ONLY_MANUAL_REVIEW_REQUIRED,Similarity does not establish duplication; preserve both original entries
P0759,761,Scorched Earth video game using Atmel Mega32,P0828,830,TouchPad video game Using Atmega32,0.7273,0.25,game; video,CANDIDATE_ONLY_MANUAL_REVIEW_REQUIRED,Similarity does not establish duplication; preserve both original entries
P0438,440,Morse Code Alarm Clock using ATtiny2313 microcontroller,P0602,604,The Game of Life using ATtiny2313 microcontroller,0.7273,0.25,attiny2313; microcontroller,CANDIDATE_ONLY_MANUAL_REVIEW_REQUIRED,Similarity does not establish duplication; preserve both original entries
P0581,583,Wall of Pong using ATmega32 microcontroller,P1995,1997,How to use Push Button with ATMEGA32 AVR Microcontroller,0.7273,0.2222,atmega32; microcontroller,CANDIDATE_ONLY_MANUAL_REVIEW_REQUIRED,Similarity does not establish duplication; preserve both original entries
P0487,489,MMC/SD/SDHC AVR Interface using ATMega8 microcontroller,P1868,1870,Rotary Encoder Interfacing with ATmega8 Microcontroller,0.7273,0.2222,atmega8; microcontroller,CANDIDATE_ONLY_MANUAL_REVIEW_REQUIRED,Similarity does not establish duplication; preserve both original entries
P0432,434,Atmel Avr Project Circuit Archive 360 MB using ATmega8 microcontroller,P0446,448,Atmel Test Card using ATmega32 microcontroller,0.7273,0.2222,atmel; microcontroller,CANDIDATE_ONLY_MANUAL_REVIEW_REQUIRED,Similarity does not establish duplication; preserve both original entries
P0273,275,Mini RGB Light Cube using AVR microcontroller,P0328,330,8 LED Knight Rider using AVR microcontroller,0.7273,0.2222,avr; microcontroller,CANDIDATE_ONLY_MANUAL_REVIEW_REQUIRED,Similarity does not establish duplication; preserve both original entries
P0354,356,AVR Switch Timer using ATmega8 Microcontroller,P0385,387,AVR Power Usage Logger using ATmega168 microcontroller,0.7273,0.2222,avr; microcontroller,CANDIDATE_ONLY_MANUAL_REVIEW_REQUIRED,Similarity does not establish duplication; preserve both original entries
P0378,380,AVR Data Logger with MicroSD using ATmega32 microcontroller,P2052,2054,DIY 3D LED Cube Using ATmega32 Microcontroller,0.7273,0.2222,atmega32; microcontroller,CANDIDATE_ONLY_MANUAL_REVIEW_REQUIRED,Similarity does not establish duplication; preserve both original entries
P0418,420,Atmel avr usb programmer using ATMEGA8 microcontroller,P0534,536,AVR mod player using ATmega325 microcontroller,0.7273,0.2222,avr; microcontroller,CANDIDATE_ONLY_MANUAL_REVIEW_REQUIRED,Similarity does not establish duplication; preserve both original entries
P0398,400,Remote Controlled Fan Regulator using ATmega8 microcontroller,P0445,447,Computer connected Flower Water Circuit using ATmega8 microcontroller,0.7273,0.2,atmega8; microcontroller,CANDIDATE_ONLY_MANUAL_REVIEW_REQUIRED,Similarity does not establish duplication; preserve both original entries
P1203,1205,Interfacing LCD with ATmega32 Microcontroller,P1869,1871,ATMEGA328P Microcontroller,0.7273,0.2,microcontroller,CANDIDATE_ONLY_MANUAL_REVIEW_REQUIRED,Similarity does not establish duplication; preserve both original entries
P1176,1178,ATmega64 Development Board,P1982,1984,Program Artou ATmega32 Development Board,0.7273,0.2,board,CANDIDATE_ONLY_MANUAL_REVIEW_REQUIRED,Similarity does not establish duplication; preserve both original entries
P1869,1871,ATMEGA328P Microcontroller,P2052,2054,DIY 3D LED Cube Using ATmega32 Microcontroller,0.7273,0.1667,microcontroller,CANDIDATE_ONLY_MANUAL_REVIEW_REQUIRED,Similarity does not establish duplication; preserve both original entries
P0539,541,AvrPhone using ATmega128 microcontroller,P0570,572,Servo motor control using Atmega8 microcontroller,0.7273,0.1667,microcontroller,CANDIDATE_ONLY_MANUAL_REVIEW_REQUIRED,Similarity does not establish duplication; preserve both original entries
P0605,607,Sensor Interfacing using ATmega8 microcontroller,P0613,615,etherrape using ATmega644 microcontroller,0.7273,0.1667,microcontroller,CANDIDATE_ONLY_MANUAL_REVIEW_REQUIRED,Similarity does not establish duplication; preserve both original entries
P0534,536,AVR mod player using ATmega325 microcontroller,P1869,1871,ATMEGA328P Microcontroller,0.7273,0.1667,microcontroller,CANDIDATE_ONLY_MANUAL_REVIEW_REQUIRED,Similarity does not establish duplication; preserve both original entries
P0042,44,Thermometer with Clock using ATmega16,P0075,77,LCD Thermometer LM35 Using AT Mega8,0.7273,0.1667,thermometer,CANDIDATE_ONLY_MANUAL_REVIEW_REQUIRED,Similarity does not establish duplication; preserve both original entries
P0141,143,Stripboard Arduino using ATMega168 microcontroller,P0609,611,Evertool using ATmega16 microcontroller,0.7273,0.1667,microcontroller,CANDIDATE_ONLY_MANUAL_REVIEW_REQUIRED,Similarity does not establish duplication; preserve both original entries
P0200,202,The Household Informer using atmega168 microcontroller,P0609,611,Evertool using ATmega16 microcontroller,0.7273,0.1667,microcontroller,CANDIDATE_ONLY_MANUAL_REVIEW_REQUIRED,Similarity does not establish duplication; preserve both original entries
P0446,448,Atmel Test Card using ATmega32 microcontroller,P1869,1871,ATMEGA328P Microcontroller,0.7273,0.1667,microcontroller,CANDIDATE_ONLY_MANUAL_REVIEW_REQUIRED,Similarity does not establish duplication; preserve both original entries
P0324,326,AVR Based CRO using Atmega16 microcontroller,P1288,1290,Stepper motor control with an ATmega8 microcontroller,0.7273,0.1429,microcontroller,CANDIDATE_ONLY_MANUAL_REVIEW_REQUIRED,Similarity does not establish duplication; preserve both original entries
P0404,406,Wireless Lan for AVR microcontrollers,P0461,463,Wireless Coupler Terminal Interface using AVR microcontroller,0.7273,0.1429,avr,CANDIDATE_ONLY_MANUAL_REVIEW_REQUIRED,Similarity does not establish duplication; preserve both original entries
P0271,273,Color Sensor using Atmega16 microcontroller,P0532,534,AttoBasic HOME using Atmega168 microcontroller,0.7273,0.1429,microcontroller,CANDIDATE_ONLY_MANUAL_REVIEW_REQUIRED,Similarity does not establish duplication; preserve both original entries
P0066,68,Digital Melody player using atmega16 microcontroller,P0303,305,A multifunction digital meter using Atmega128 microcontroller,0.7273,0.1429,microcontroller,CANDIDATE_ONLY_MANUAL_REVIEW_REQUIRED,Similarity does not establish duplication; preserve both original entries
P0266,268,Arduino FTDI Header using ATmega8 microcontroller,P0539,541,AvrPhone using ATmega128 microcontroller,0.7273,0.1429,microcontroller,CANDIDATE_ONLY_MANUAL_REVIEW_REQUIRED,Similarity does not establish duplication; preserve both original entries
P0271,273,Color Sensor using Atmega16 microcontroller,P0426,428,Nixie Clock with AVR using ATmega48 microcontroller,0.7273,0.125,microcontroller,CANDIDATE_ONLY_MANUAL_REVIEW_REQUIRED,Similarity does not establish duplication; preserve both original entries
P0534,536,AVR mod player using ATmega325 microcontroller,P1204,1206,LED Blinking with ATmega32 Microcontroller,0.7273,0.125,microcontroller,CANDIDATE_ONLY_MANUAL_REVIEW_REQUIRED,Similarity does not establish duplication; preserve both original entries
P0615,617,Video Overlay using ATmega8 microcontroller,P2052,2054,DIY 3D LED Cube Using ATmega32 Microcontroller,0.7273,0.125,microcontroller,CANDIDATE_ONLY_MANUAL_REVIEW_REQUIRED,Similarity does not establish duplication; preserve both original entries
P0344,346,AVR Based Operating System using ATMega32 microcontroller,P1868,1870,Rotary Encoder Interfacing with ATmega8 Microcontroller,0.7273,0.125,microcontroller,CANDIDATE_ONLY_MANUAL_REVIEW_REQUIRED,Similarity does not establish duplication; preserve both original entries
P0271,273,Color Sensor using Atmega16 microcontroller,P0354,356,AVR Switch Timer using ATmega8 Microcontroller,0.7273,0.125,microcontroller,CANDIDATE_ONLY_MANUAL_REVIEW_REQUIRED,Similarity does not establish duplication; preserve both original entries
P0319,321,Kitchen Timer using ATTiny2313 microcontroller,P0489,491,I2C Tiny USB using ATtiny45 microcontroller,0.7273,0.125,microcontroller,CANDIDATE_ONLY_MANUAL_REVIEW_REQUIRED,Similarity does not establish duplication; preserve both original entries
P0298,300,AM radio transmission using AVR using Atmega324 microcontroller,P0379,381,Ear Trainer using ATMega644 microcontroller,0.7273,0.125,microcontroller,CANDIDATE_ONLY_MANUAL_REVIEW_REQUIRED,Similarity does not establish duplication; preserve both original entries
P0314,316,Door Opener using ATTiny2313 microcontroller,P0370,372,AVR LED Candle using ATtiny85 microcontroller,0.7273,0.125,microcontroller,CANDIDATE_ONLY_MANUAL_REVIEW_REQUIRED,Similarity does not establish duplication; preserve both original entries
P0534,536,AVR mod player using ATmega325 microcontroller,P0615,617,Video Overlay using ATmega8 microcontroller,0.7273,0.125,microcontroller,CANDIDATE_ONLY_MANUAL_REVIEW_REQUIRED,Similarity does not establish duplication; preserve both original entries
P0087,89,Stepper motor Driver Using AT2313 microcontroller,P0300,302,VGA monitor tester using ATTiny2313 microcontroller,0.7273,0.1111,microcontroller,CANDIDATE_ONLY_MANUAL_REVIEW_REQUIRED,Similarity does not establish duplication; preserve both original entries
P0388,390,SMS Based Voting System – AVR GSM Project using ATmega32 microcontroller,P0647,649,RSS Reader using ATmega8 microcontroller,0.7273,0.1111,microcontroller,CANDIDATE_ONLY_MANUAL_REVIEW_REQUIRED,Similarity does not establish duplication; preserve both original entries
P0407,409,80×32 LED matrix display using ATmega32 microcontroller,P0534,536,AVR mod player using ATmega325 microcontroller,0.7273,0.1,microcontroller,CANDIDATE_ONLY_MANUAL_REVIEW_REQUIRED,Similarity does not establish duplication; preserve both original entries
P0318,320,Power usage monitor using Atmel AVR using Atmega168 microcontroller,P0384,386,Energy Monitoring Transmitter using Atmega328 microcontroller,0.7273,0.0909,microcontroller,CANDIDATE_ONLY_MANUAL_REVIEW_REQUIRED,Similarity does not establish duplication; preserve both original entries
P1071,1073,Serial communication (USART) with different frame size using AVR microcontroller,P1084,1086,Serial communication (Data receive) using AVR Microcontroller (ATmega16) USART,0.7259,0.4545,avr; communication; microcontroller; serial; usart,CANDIDATE_ONLY_MANUAL_REVIEW_REQUIRED,Similarity does not establish duplication; preserve both original entries
P0341,343,Open Source AVR Temperature Controller using ATmega48 microcontroller,P0342,344,A GLCD connected to an AVR microcontroller using ATmega8 microcontroller,0.7258,0.2222,avr; microcontroller,CANDIDATE_ONLY_MANUAL_REVIEW_REQUIRED,Similarity does not establish duplication; preserve both original entries
P1062,1064,How to interface GPS with AVR microcontroller (ATmega16),P1063,1065,How to configure Watchdog Timers of AVR Microcontroller (ATmega16),0.7257,0.4444,atmega16; avr; how; microcontroller,CANDIDATE_ONLY_MANUAL_REVIEW_REQUIRED,Similarity does not establish duplication; preserve both original entries
P0458,460,LC Resonant Frequency Meter using AVR microcontroller,P0479,481,LC Determination by Resonant Frequency Measurement using microcontroller,0.7257,0.4286,frequency; microcontroller; resonant,CANDIDATE_ONLY_MANUAL_REVIEW_REQUIRED,Similarity does not establish duplication; preserve both original entries
P1085,1087,How to use inbuilt ADC of AVR microcontroller (ATmega16),P1087,1089,How to display text on 16×2 LCD using AVR microcontroller (ATmega16),0.7257,0.3636,atmega16; avr; how; microcontroller,CANDIDATE_ONLY_MANUAL_REVIEW_REQUIRED,Similarity does not establish duplication; preserve both original entries
P1295,1297,Interfacing GSM Module with Atmega32 AVR microcontroller,P1867,1869,Interfacing 16×2 LCD with Atmega16 AVR Microcontroller in 4-Bit Mode,0.7257,0.2727,avr; interfacing; microcontroller,CANDIDATE_ONLY_MANUAL_REVIEW_REQUIRED,Similarity does not establish duplication; preserve both original entries
P0307,309,Cellphone controlled robot vehicle using ATmega16 microcontroller,P1699,1701,Voice Controlled Robot Using 8051 Microcontroller,0.7255,0.375,controlled; microcontroller; robot,CANDIDATE_ONLY_MANUAL_REVIEW_REQUIRED,Similarity does not establish duplication; preserve both original entries
P0570,572,Servo motor control using Atmega8 microcontroller,P1365,1367,Basic Servo Motor Controlling with Microchip PIC Microcontroller,0.7255,0.375,microcontroller; motor; servo,CANDIDATE_ONLY_MANUAL_REVIEW_REQUIRED,Similarity does not establish duplication; preserve both original entries
P0381,383,DC Servomotor Controller System Meter using ATtiny2313 microcontroller,P0431,433,PC Temperature Meter using ATtiny15 microcontroller,0.7255,0.3333,meter; microcontroller,CANDIDATE_ONLY_MANUAL_REVIEW_REQUIRED,Similarity does not establish duplication; preserve both original entries
P0381,383,DC Servomotor Controller System Meter using ATtiny2313 microcontroller,P0412,414,USB AVR programmer using ATtiny2313 microcontroller,0.7255,0.2857,attiny2313; microcontroller,CANDIDATE_ONLY_MANUAL_REVIEW_REQUIRED,Similarity does not establish duplication; preserve both original entries
P0275,277,AVR acoustic spectrum analyzer using Atmega8 microcontroller,P0382,384,AVR Digital Hum Nuller using ATmega168 microcontroller,0.7255,0.2222,avr; microcontroller,CANDIDATE_ONLY_MANUAL_REVIEW_REQUIRED,Similarity does not establish duplication; preserve both original entries
P1295,1297,Interfacing GSM Module with Atmega32 AVR microcontroller,P1324,1326,LCD Interface with Atmega32 AVR microcontoller for beginners,0.7255,0.2,atmega32; avr,CANDIDATE_ONLY_MANUAL_REVIEW_REQUIRED,Similarity does not establish duplication; preserve both original entries
P0451,453,Serial interface with 2X16 LCD display using ATMega8515 microcontroller,P0605,607,Sensor Interfacing using ATmega8 microcontroller,0.7255,0.1,microcontroller,CANDIDATE_ONLY_MANUAL_REVIEW_REQUIRED,Similarity does not establish duplication; preserve both original entries
P1204,1206,LED Blinking with ATmega32 Microcontroller,P1285,1287,Blinking LED using Atmega32 Microcontroller and Atmel Studio,0.7253,0.6667,atmega32; blinking; led; microcontroller,CANDIDATE_ONLY_MANUAL_REVIEW_REQUIRED,Similarity does not establish duplication; preserve both original entries
P0098,100,Build your own Wifi radio using Microcontroller ATmega16,P0245,247,Build Your Own BARBOT using AVR microcontroller,0.7253,0.4444,build; microcontroller; own; your,CANDIDATE_ONLY_MANUAL_REVIEW_REQUIRED,Similarity does not establish duplication; preserve both original entries
P2074,2076,I/O Expander with 8255A using ATmega16 with Proteus Simulation,P2075,2077,Temperature Meter using ATmega16 with Proteus Simulation,0.7253,0.4286,atmega16; proteus; simulation,CANDIDATE_ONLY_MANUAL_REVIEW_REQUIRED,Similarity does not establish duplication; preserve both original entries
P0063,65,Simple calculator using avr microcontroller Atmega16,P1419,1421,Keypad Door Lock using AVR Microcontroller – Atmega16,0.7253,0.375,atmega16; avr; microcontroller,CANDIDATE_ONLY_MANUAL_REVIEW_REQUIRED,Similarity does not establish duplication; preserve both original entries
P0354,356,AVR Switch Timer using ATmega8 Microcontroller,P0568,570,Simplified AVR LCD routines using ATmega8 microcontroller,0.7253,0.375,atmega8; avr; microcontroller,CANDIDATE_ONLY_MANUAL_REVIEW_REQUIRED,Similarity does not establish duplication; preserve both original entries
P0359,361,Ultrasonic Security System using Atmega644 microcontroller,P0576,578,RFID Checkout System Design using ATmega644 microcontroller,0.7253,0.3333,atmega644; microcontroller,CANDIDATE_ONLY_MANUAL_REVIEW_REQUIRED,Similarity does not establish duplication; preserve both original entries
P1419,1421,Keypad Door Lock using AVR Microcontroller – Atmega16,P1863,1865,How to use ADC in AVR Microcontroller ATmega16,0.7253,0.3333,atmega16; avr; microcontroller,CANDIDATE_ONLY_MANUAL_REVIEW_REQUIRED,Similarity does not establish duplication; preserve both original entries
P1183,1185,8×8 LED Matrix Interfacing with AVR Microcontroller,P1991,1993,4×4 Keypad Interfacing with ATmega32 Microcontroller,0.7253,0.2857,interfacing; microcontroller,CANDIDATE_ONLY_MANUAL_REVIEW_REQUIRED,Similarity does not establish duplication; preserve both original entries
P0431,433,PC Temperature Meter using ATtiny15 microcontroller,P0442,444,EEPROM Driver for AVR with RAM using ATtiny15 microcontroller,0.7253,0.25,attiny15; microcontroller,CANDIDATE_ONLY_MANUAL_REVIEW_REQUIRED,Similarity does not establish duplication; preserve both original entries
P0534,536,AVR mod player using ATmega325 microcontroller,P1398,1400,Servo Motor Control by Using AVR ATmega32 Microcontroller,0.7253,0.25,avr; microcontroller,CANDIDATE_ONLY_MANUAL_REVIEW_REQUIRED,Similarity does not establish duplication; preserve both original entries
P1156,1158,Interfacing 16X2 LCD to AVR Microcontroller,P1996,1998,Interfacing Servo Motor with Atmega32 Microcontroller,0.7253,0.25,interfacing; microcontroller,CANDIDATE_ONLY_MANUAL_REVIEW_REQUIRED,Similarity does not establish duplication; preserve both original entries
P1202,1204,Power LED Dimmer using ATmega32 Microcontroller,P1214,1216,How to interface RFID with AVR ATmega32 microcontroller,0.7253,0.2222,atmega32; microcontroller,CANDIDATE_ONLY_MANUAL_REVIEW_REQUIRED,Similarity does not establish duplication; preserve both original entries
P0366,368,AVR Based Mobile Phone using AVR ATmega128A microcontroller,P0569,571,AVR LCD menu routine using ATmega8 microcontroller,0.7253,0.2222,avr; microcontroller,CANDIDATE_ONLY_MANUAL_REVIEW_REQUIRED,Similarity does not establish duplication; preserve both original entries
P1296,1298,How to use I2C-bus on the Atmel AVR Microcontroller,P1422,1424,How to work with the ADC unit of an AVR Micro-controller,0.7253,0.1818,avr; how,CANDIDATE_ONLY_MANUAL_REVIEW_REQUIRED,Similarity does not establish duplication; preserve both original entries
P0299,301,Digital oscilloscope GLCD using Atmega32 microcontroller,P0459,461,Digital Telemetry using ATMega8 microcontroller,0.7253,0.1667,microcontroller,CANDIDATE_ONLY_MANUAL_REVIEW_REQUIRED,Similarity does not establish duplication; preserve both original entries
P1287,1289,Interfacing DC Motor with Atmega32 Microcontroller,P2003,2005,Introduction to the Atmel ATmega16 Microcontroller,0.7253,0.1429,microcontroller,CANDIDATE_ONLY_MANUAL_REVIEW_REQUIRED,Similarity does not establish duplication; preserve both original entries
P0322,324,Easy Breadboarding using ATMega microcontroller,P0330,332,Helianthus: The Solar Tracking System using ATmega16 microcontroller,0.7253,0.125,microcontroller,CANDIDATE_ONLY_MANUAL_REVIEW_REQUIRED,Similarity does not establish duplication; preserve both original entries
P0200,202,The Household Informer using atmega168 microcontroller,P0346,348,Modular User Interface System using ATMega88 microcontroller,0.7253,0.125,microcontroller,CANDIDATE_ONLY_MANUAL_REVIEW_REQUIRED,Similarity does not establish duplication; preserve both original entries
P0068,70,Temperature controlled fan using PWM microcontroller,P1288,1290,Stepper motor control with an ATmega8 microcontroller,0.7253,0.125,microcontroller,CANDIDATE_ONLY_MANUAL_REVIEW_REQUIRED,Similarity does not establish duplication; preserve both original entries
P0484,486,Analog audio panel for PC using ATMega328 microcontroller,P1981,1983,Simple Standalone ATMega328p Microcontroller,0.7253,0.125,microcontroller,CANDIDATE_ONLY_MANUAL_REVIEW_REQUIRED,Similarity does not establish duplication; preserve both original entries
P0266,268,Arduino FTDI Header using ATmega8 microcontroller,P0382,384,AVR Digital Hum Nuller using ATmega168 microcontroller,0.7253,0.1111,microcontroller,CANDIDATE_ONLY_MANUAL_REVIEW_REQUIRED,Similarity does not establish duplication; preserve both original entries
P0200,202,The Household Informer using atmega168 microcontroller,P0577,579,The Self-Driving Toy Car using ATmega1284 microcontroller,0.7253,0.1111,microcontroller,CANDIDATE_ONLY_MANUAL_REVIEW_REQUIRED,Similarity does not establish duplication; preserve both original entries
P0046,48,Box with a Music Lock using ATMega328P Microcontroller,P2020,2022,Building a Basic Calculator using ATmega32 Microcontroller,0.7253,0.1111,microcontroller,CANDIDATE_ONLY_MANUAL_REVIEW_REQUIRED,Similarity does not establish duplication; preserve both original entries
P0433,435,Capacitance Meter using AVR microcontroller,P0460,462,RF Field Strength meter using AVR microcontroller,0.725,0.5,avr; meter; microcontroller,CANDIDATE_ONLY_MANUAL_REVIEW_REQUIRED,Similarity does not establish duplication; preserve both original entries
P0554,556,DIY USB password generator using ATtiny Microcontroller,P1461,1463,USB PASSWORD GENERATOR CIRCUIT ATTINY85,0.725,0.4286,generator; password; usb,CANDIDATE_ONLY_MANUAL_REVIEW_REQUIRED,Similarity does not establish duplication; preserve both original entries
P1154,1156,DTMF Controlled Home Automation System Circuit,P1706,1708,DIY Cheapest Bluetooth Controlled Home Automation,0.725,0.4286,automation; controlled; home,CANDIDATE_ONLY_MANUAL_REVIEW_REQUIRED,Similarity does not establish duplication; preserve both original entries
P0433,435,Capacitance Meter using AVR microcontroller,P1195,1197,0-25V Digital Voltmeter using AVR Microcontroller,0.725,0.3333,avr; microcontroller,CANDIDATE_ONLY_MANUAL_REVIEW_REQUIRED,Similarity does not establish duplication; preserve both original entries
P1191,1193,Joystick Interfacing with AVR Microcontroller,P1203,1205,Interfacing LCD with ATmega32 Microcontroller,0.725,0.3333,interfacing; microcontroller,CANDIDATE_ONLY_MANUAL_REVIEW_REQUIRED,Similarity does not establish duplication; preserve both original entries
P0368,370,Clever Clapper using ATtiny2313 microcontroller,P0602,604,The Game of Life using ATtiny2313 microcontroller,0.725,0.3333,attiny2313; microcontroller,CANDIDATE_ONLY_MANUAL_REVIEW_REQUIRED,Similarity does not establish duplication; preserve both original entries
P0024,26,EPROM Display using ULN2308A microcontroller,P0541,543,LED Matrix Display using TD62783 microcontroller,0.725,0.2857,display; microcontroller,CANDIDATE_ONLY_MANUAL_REVIEW_REQUIRED,Similarity does not establish duplication; preserve both original entries
P0319,321,Kitchen Timer using ATTiny2313 microcontroller,P0354,356,AVR Switch Timer using ATmega8 Microcontroller,0.725,0.2857,microcontroller; timer,CANDIDATE_ONLY_MANUAL_REVIEW_REQUIRED,Similarity does not establish duplication; preserve both original entries
P1203,1205,Interfacing LCD with ATmega32 Microcontroller,P2052,2054,DIY 3D LED Cube Using ATmega32 Microcontroller,0.725,0.2857,atmega32; microcontroller,CANDIDATE_ONLY_MANUAL_REVIEW_REQUIRED,Similarity does not establish duplication; preserve both original entries
P0266,268,Arduino FTDI Header using ATmega8 microcontroller,P0615,617,Video Overlay using ATmega8 microcontroller,0.725,0.2857,atmega8; microcontroller,CANDIDATE_ONLY_MANUAL_REVIEW_REQUIRED,Similarity does not establish duplication; preserve both original entries
P0551,553,LED Dog Collar using ATTINY2313 Microcontroller,P0602,604,The Game of Life using ATtiny2313 microcontroller,0.725,0.2857,attiny2313; microcontroller,CANDIDATE_ONLY_MANUAL_REVIEW_REQUIRED,Similarity does not establish duplication; preserve both original entries
P0429,431,Frequency counter using AVR microcontroller,P1192,1194,Flex Sensor Interfacing with AVR Microcontroller,0.725,0.2857,avr; microcontroller,CANDIDATE_ONLY_MANUAL_REVIEW_REQUIRED,Similarity does not establish duplication; preserve both original entries
P0369,371,Mini Logic Analyzer using ATmega8 microcontroller,P0615,617,Video Overlay using ATmega8 microcontroller,0.725,0.2857,atmega8; microcontroller,CANDIDATE_ONLY_MANUAL_REVIEW_REQUIRED,Similarity does not establish duplication; preserve both original entries
P0370,372,AVR LED Candle using ATtiny85 microcontroller,P0551,553,LED Dog Collar using ATTINY2313 Microcontroller,0.725,0.25,led; microcontroller,CANDIDATE_ONLY_MANUAL_REVIEW_REQUIRED,Similarity does not establish duplication; preserve both original entries
P0023,25,CNC Update 2 Using atmega32 microcontroller,P0388,390,SMS Based Voting System – AVR GSM Project using ATmega32 microcontroller,0.725,0.25,atmega32; microcontroller,CANDIDATE_ONLY_MANUAL_REVIEW_REQUIRED,Similarity does not establish duplication; preserve both original entries
P0881,883,The Autonomous Tennis Ball Picker Using Atmega644,P0947,949,Autonomous visually steered car Using Atmega644,0.725,0.25,atmega644; autonomous,CANDIDATE_ONLY_MANUAL_REVIEW_REQUIRED,Similarity does not establish duplication; preserve both original entries
P0324,326,AVR Based CRO using Atmega16 microcontroller,P0418,420,Atmel avr usb programmer using ATMEGA8 microcontroller,0.725,0.25,avr; microcontroller,CANDIDATE_ONLY_MANUAL_REVIEW_REQUIRED,Similarity does not establish duplication; preserve both original entries
P0388,390,SMS Based Voting System – AVR GSM Project using ATmega32 microcontroller,P1204,1206,LED Blinking with ATmega32 Microcontroller,0.725,0.25,atmega32; microcontroller,CANDIDATE_ONLY_MANUAL_REVIEW_REQUIRED,Similarity does not establish duplication; preserve both original entries
P0388,390,SMS Based Voting System – AVR GSM Project using ATmega32 microcontroller,P0581,583,Wall of Pong using ATmega32 microcontroller,0.725,0.25,atmega32; microcontroller,CANDIDATE_ONLY_MANUAL_REVIEW_REQUIRED,Similarity does not establish duplication; preserve both original entries
P1554,1556,"ATMEL ATMEGA PROJECTS THERMOMETER LM35, DISPLAY, KEYPAD",P1570,1572,ATMEL ATMEGA8 MULTIMETER CIRCUIT (LED DISPLAY),0.725,0.2222,atmel; display,CANDIDATE_ONLY_MANUAL_REVIEW_REQUIRED,Similarity does not establish duplication; preserve both original entries
P0286,288,Development Board With LCD using Atmega16 microcontrollers,P0609,611,Evertool using ATmega16 microcontroller,0.725,0.1667,atmega16,CANDIDATE_ONLY_MANUAL_REVIEW_REQUIRED,Similarity does not establish duplication; preserve both original entries
P0088,90,Temperature Indicator Using attiny2313 micrcontroller,P0313,315,Dimmer using ATTiny2313 microcontroller,0.725,0.1667,attiny2313,CANDIDATE_ONLY_MANUAL_REVIEW_REQUIRED,Similarity does not establish duplication; preserve both original entries
P0647,649,RSS Reader using ATmega8 microcontroller,P1991,1993,4×4 Keypad Interfacing with ATmega32 Microcontroller,0.725,0.1429,microcontroller,CANDIDATE_ONLY_MANUAL_REVIEW_REQUIRED,Similarity does not establish duplication; preserve both original entries
P0344,346,AVR Based Operating System using ATMega32 microcontroller,P0400,402,Digital Stop Watch with ATmega8 using microcontroller,0.725,0.1429,microcontroller,CANDIDATE_ONLY_MANUAL_REVIEW_REQUIRED,Similarity does not establish duplication; preserve both original entries
P0266,268,Arduino FTDI Header using ATmega8 microcontroller,P0604,606,The Prototino™ using ATmega168 microcontroller,0.725,0.1429,microcontroller,CANDIDATE_ONLY_MANUAL_REVIEW_REQUIRED,Similarity does not establish duplication; preserve both original entries
P0315,317,Beamer Control using attiny2313 microcontroller,P0370,372,AVR LED Candle using ATtiny85 microcontroller,0.725,0.1429,microcontroller,CANDIDATE_ONLY_MANUAL_REVIEW_REQUIRED,Similarity does not establish duplication; preserve both original entries
P0271,273,Color Sensor using Atmega16 microcontroller,P0570,572,Servo motor control using Atmega8 microcontroller,0.725,0.1429,microcontroller,CANDIDATE_ONLY_MANUAL_REVIEW_REQUIRED,Similarity does not establish duplication; preserve both original entries
P0372,374,Speaking Calculator using AVR ATmega88 microcontroller,P0616,618,The WhereAVR using ATmega8 microcontroller,0.725,0.1429,microcontroller,CANDIDATE_ONLY_MANUAL_REVIEW_REQUIRED,Similarity does not establish duplication; preserve both original entries
P0072,74,LCD Message Display Using AT Mega8 microcontroller,P0544,546,MP3 Player using ATMega128 microcontroller,0.725,0.125,microcontroller,CANDIDATE_ONLY_MANUAL_REVIEW_REQUIRED,Similarity does not establish duplication; preserve both original entries
P0368,370,Clever Clapper using ATtiny2313 microcontroller,P0370,372,AVR LED Candle using ATtiny85 microcontroller,0.725,0.125,microcontroller,CANDIDATE_ONLY_MANUAL_REVIEW_REQUIRED,Similarity does not establish duplication; preserve both original entries
P0354,356,AVR Switch Timer using ATmega8 Microcontroller,P0532,534,AttoBasic HOME using Atmega168 microcontroller,0.725,0.125,microcontroller,CANDIDATE_ONLY_MANUAL_REVIEW_REQUIRED,Similarity does not establish duplication; preserve both original entries
P0532,534,AttoBasic HOME using Atmega168 microcontroller,P1190,1192,Anti-Theft Alert System using ATmega8 Microcontroller,0.725,0.125,microcontroller,CANDIDATE_ONLY_MANUAL_REVIEW_REQUIRED,Similarity does not establish duplication; preserve both original entries
P0323,325,Dotmatrix using ATtiny2313 microcontroller,P0548,550,LED DOT Matrix Pong using ATMega16 Microcontroller,0.725,0.125,microcontroller,CANDIDATE_ONLY_MANUAL_REVIEW_REQUIRED,Similarity does not establish duplication; preserve both original entries
P0266,268,Arduino FTDI Header using ATmega8 microcontroller,P0379,381,Ear Trainer using ATMega644 microcontroller,0.725,0.125,microcontroller,CANDIDATE_ONLY_MANUAL_REVIEW_REQUIRED,Similarity does not establish duplication; preserve both original entries
P0354,356,AVR Switch Timer using ATmega8 Microcontroller,P0446,448,Atmel Test Card using ATmega32 microcontroller,0.725,0.1111,microcontroller,CANDIDATE_ONLY_MANUAL_REVIEW_REQUIRED,Similarity does not establish duplication; preserve both original entries
P0534,536,AVR mod player using ATmega325 microcontroller,P1190,1192,Anti-Theft Alert System using ATmega8 Microcontroller,0.725,0.1111,microcontroller,CANDIDATE_ONLY_MANUAL_REVIEW_REQUIRED,Similarity does not establish duplication; preserve both original entries
P0077,79,LCD Thermometer TCN77 Using AVR Microcontroller,P1621,1623,OLD CD ROM TRACK PLAYER WITH MICROCONTROLLER,0.725,0.1111,microcontroller,CANDIDATE_ONLY_MANUAL_REVIEW_REQUIRED,Similarity does not establish duplication; preserve both original entries
P1097,1099,Audio Tone Generator using AVR Microcontroller,P2034,2036,Building a Web Server Using AVR Microcontrollers,0.725,0.1111,avr,CANDIDATE_ONLY_MANUAL_REVIEW_REQUIRED,Similarity does not establish duplication; preserve both original entries
P0446,448,Atmel Test Card using ATmega32 microcontroller,P0534,536,AVR mod player using ATmega325 microcontroller,0.725,0.1111,microcontroller,CANDIDATE_ONLY_MANUAL_REVIEW_REQUIRED,Similarity does not establish duplication; preserve both original entries
P0433,435,Capacitance Meter using AVR microcontroller,P1198,1200,0-99 Counter using AVR Microcontroller,0.7246,0.4,avr; microcontroller,CANDIDATE_ONLY_MANUAL_REVIEW_REQUIRED,Similarity does not establish duplication; preserve both original entries
P1061,1063,Interfacing SD Card with AVR Microcontroller,P1187,1189,Fire Alarm System using AVR Microcontroller,0.7246,0.3333,avr; microcontroller,CANDIDATE_ONLY_MANUAL_REVIEW_REQUIRED,Similarity does not establish duplication; preserve both original entries
P0465,467,Ponyprog Circuit for ATMEL’S AVR using microcontroller,P1322,1324,Volt-Amp meter using AVR microcontroller,0.7246,0.2857,avr; microcontroller,CANDIDATE_ONLY_MANUAL_REVIEW_REQUIRED,Similarity does not establish duplication; preserve both original entries
P0604,606,The Prototino™ using ATmega168 microcontroller,P0616,618,The WhereAVR using ATmega8 microcontroller,0.7246,0.2,microcontroller,CANDIDATE_ONLY_MANUAL_REVIEW_REQUIRED,Similarity does not establish duplication; preserve both original entries
P0581,583,Wall of Pong using ATmega32 microcontroller,P0616,618,The WhereAVR using ATmega8 microcontroller,0.7246,0.1667,microcontroller,CANDIDATE_ONLY_MANUAL_REVIEW_REQUIRED,Similarity does not establish duplication; preserve both original entries
P0586,588,Air-Mouse using ATmega32 microcontroller,P0613,615,etherrape using ATmega644 microcontroller,0.7246,0.1667,microcontroller,CANDIDATE_ONLY_MANUAL_REVIEW_REQUIRED,Similarity does not establish duplication; preserve both original entries
P0609,611,Evertool using ATmega16 microcontroller,P1186,1188,Alarm Clock using ATmega32 Microcontroller,0.7246,0.1667,microcontroller,CANDIDATE_ONLY_MANUAL_REVIEW_REQUIRED,Similarity does not establish duplication; preserve both original entries
P0465,467,Ponyprog Circuit for ATMEL’S AVR using microcontroller,P0539,541,AvrPhone using ATmega128 microcontroller,0.7246,0.1667,microcontroller,CANDIDATE_ONLY_MANUAL_REVIEW_REQUIRED,Similarity does not establish duplication; preserve both original entries
P0022,24,Delta Robot using atmega32 micrcontroller,P0586,588,Air-Mouse using ATmega32 microcontroller,0.7246,0.1429,atmega32,CANDIDATE_ONLY_MANUAL_REVIEW_REQUIRED,Similarity does not establish duplication; preserve both original entries
P1295,1297,Interfacing GSM Module with Atmega32 AVR microcontroller,P1414,1416,Interfacing RF module with Atmega8: Communication between two AVR Microcontrollers,0.7244,0.2727,avr; interfacing; module,CANDIDATE_ONLY_MANUAL_REVIEW_REQUIRED,Similarity does not establish duplication; preserve both original entries
P0274,276,Wireless Accelerometer Controlled rgb-LED’s using atmega168 microcontroller,P0307,309,Cellphone controlled robot vehicle using ATmega16 microcontroller,0.7244,0.2,controlled; microcontroller,CANDIDATE_ONLY_MANUAL_REVIEW_REQUIRED,Similarity does not establish duplication; preserve both original entries
P1273,1275,Password Protected BT136 Triac based Keypad Controlled Wireless Home Automation System with ATmega32 using 433MHz RF-I,P1274,1276,Accelerometer and Relay based Hand Gesture Controlled Wireless Home Automation System with ATmega32 using 433MHz RF,0.7243,0.3571,433mhz; atmega32; automation; controlled; home,CANDIDATE_ONLY_MANUAL_REVIEW_REQUIRED,Similarity does not establish duplication; preserve both original entries
P0828,830,TouchPad video game Using Atmega32,P0852,854,3D Video Game Control Using Atmega32,0.7241,0.75,atmega32; game; video,CANDIDATE_ONLY_MANUAL_REVIEW_REQUIRED,Similarity does not establish duplication; preserve both original entries
P0379,381,Ear Trainer using ATMega644 microcontroller,P0943,945,Ear Trainer Using Atmega644,0.7241,0.75,atmega644; ear; trainer,CANDIDATE_ONLY_MANUAL_REVIEW_REQUIRED,Similarity does not establish duplication; preserve both original entries
P0751,753,Arkanoid Video Game using Atmega32,P0852,854,3D Video Game Control Using Atmega32,0.7241,0.75,atmega32; game; video,CANDIDATE_ONLY_MANUAL_REVIEW_REQUIRED,Similarity does not establish duplication; preserve both original entries
P0706,708,SpaceInvaders Video Game Using Mega32,P0757,759,Star Duel video game Using Mega32,0.7241,0.5,game; mega32; video,CANDIDATE_ONLY_MANUAL_REVIEW_REQUIRED,Similarity does not establish duplication; preserve both original entries
P1062,1064,How to interface GPS with AVR microcontroller (ATmega16),P1855,1857,GPS module (uBlox Neo 6M) Interfacing with AVR Microcontroller Atmega16/32,0.7241,0.4,atmega16; avr; gps; microcontroller,CANDIDATE_ONLY_MANUAL_REVIEW_REQUIRED,Similarity does not establish duplication; preserve both original entries
P1078,1080,How to use inbuilt analog comparator of AVR microcontroller,P1079,1081,How to use internal ADC of AVR microcontroller using interrupts,0.7241,0.4,avr; how; microcontroller; use,CANDIDATE_ONLY_MANUAL_REVIEW_REQUIRED,Similarity does not establish duplication; preserve both original entries
P0342,344,A GLCD connected to an AVR microcontroller using ATmega8 microcontroller,P0445,447,Computer connected Flower Water Circuit using ATmega8 microcontroller,0.7241,0.375,atmega8; connected; microcontroller,CANDIDATE_ONLY_MANUAL_REVIEW_REQUIRED,Similarity does not establish duplication; preserve both original entries
P0435,437,AVR Programmer with ATMega8-16,P0686,688,Hard Drive Based AVR Programmer Using Mega163,0.7241,0.3333,avr; programmer,CANDIDATE_ONLY_MANUAL_REVIEW_REQUIRED,Similarity does not establish duplication; preserve both original entries
P0709,711,Memory Video Game Using Atmel Mega32,P0828,830,TouchPad video game Using Atmega32,0.7241,0.2857,game; video,CANDIDATE_ONLY_MANUAL_REVIEW_REQUIRED,Similarity does not establish duplication; preserve both original entries
P0718,720,Digger video game using Atmel Mega32,P0751,753,Arkanoid Video Game using Atmega32,0.7241,0.2857,game; video,CANDIDATE_ONLY_MANUAL_REVIEW_REQUIRED,Similarity does not establish duplication; preserve both original entries
P0709,711,Memory Video Game Using Atmel Mega32,P0751,753,Arkanoid Video Game using Atmega32,0.7241,0.2857,game; video,CANDIDATE_ONLY_MANUAL_REVIEW_REQUIRED,Similarity does not establish duplication; preserve both original entries
P0718,720,Digger video game using Atmel Mega32,P0828,830,TouchPad video game Using Atmega32,0.7241,0.2857,game; video,CANDIDATE_ONLY_MANUAL_REVIEW_REQUIRED,Similarity does not establish duplication; preserve both original entries
P0776,778,Nova Strike video game Using Atmega32,P0974,976,Battle video game Using Atmega644,0.7241,0.2857,game; video,CANDIDATE_ONLY_MANUAL_REVIEW_REQUIRED,Similarity does not establish duplication; preserve both original entries
P0381,383,DC Servomotor Controller System Meter using ATtiny2313 microcontroller,P1365,1367,Basic Servo Motor Controlling with Microchip PIC Microcontroller,0.7241,0.1,microcontroller,CANDIDATE_ONLY_MANUAL_REVIEW_REQUIRED,Similarity does not establish duplication; preserve both original entries
P1067,1069,How to interface Servo Motor with AVR Microcontroller (ATmega16),P1996,1998,Interfacing Servo Motor with Atmega32 Microcontroller,0.7238,0.3333,microcontroller; motor; servo,CANDIDATE_ONLY_MANUAL_REVIEW_REQUIRED,Similarity does not establish duplication; preserve both original entries
P1069,1071,How to interface LED with AVR Microcontroller (ATmega16),P1080,1082,RFID interfacing with AVR microcontroller (ATmega16) using interrupts,0.7238,0.3333,atmega16; avr; microcontroller,CANDIDATE_ONLY_MANUAL_REVIEW_REQUIRED,Similarity does not establish duplication; preserve both original entries
P1067,1069,How to interface Servo Motor with AVR Microcontroller (ATmega16),P1862,1864,Line Follower Robot using AVR Microcontroller ATmega16,0.7238,0.3,atmega16; avr; microcontroller,CANDIDATE_ONLY_MANUAL_REVIEW_REQUIRED,Similarity does not establish duplication; preserve both original entries
P0346,348,Modular User Interface System using ATMega88 microcontroller,P0405,407,Acceleration sensing USB interface using Atmega8 microcontroller,0.7238,0.2222,interface; microcontroller,CANDIDATE_ONLY_MANUAL_REVIEW_REQUIRED,Similarity does not establish duplication; preserve both original entries
P0376,378,Electric Spinning Wheel using ATmega8 microcontroller,P0405,407,Acceleration sensing USB interface using Atmega8 microcontroller,0.7238,0.2222,atmega8; microcontroller,CANDIDATE_ONLY_MANUAL_REVIEW_REQUIRED,Similarity does not establish duplication; preserve both original entries
P0083,85,8×8 Dotmatrix Scrolling LED display using atmega8515 microcontroller,P0548,550,LED DOT Matrix Pong using ATMega16 Microcontroller,0.7238,0.2,led; microcontroller,CANDIDATE_ONLY_MANUAL_REVIEW_REQUIRED,Similarity does not establish duplication; preserve both original entries
P1120,1122,Smart Home Automation using AVR,P1363,1365,ThiDom Home automation,0.7234,0.5,automation; home,CANDIDATE_ONLY_MANUAL_REVIEW_REQUIRED,Similarity does not establish duplication; preserve both original entries
P0388,390,SMS Based Voting System – AVR GSM Project using ATmega32 microcontroller,P1398,1400,Servo Motor Control by Using AVR ATmega32 Microcontroller,0.7234,0.375,atmega32; avr; microcontroller,CANDIDATE_ONLY_MANUAL_REVIEW_REQUIRED,Similarity does not establish duplication; preserve both original entries
P0179,181,Build the Penguin game system using ATMega32/644 microcontroller,P1050,1052,MultiFunction LED Game Using An ATmega32 Microcontroller,0.7234,0.375,atmega32; game; microcontroller,CANDIDATE_ONLY_MANUAL_REVIEW_REQUIRED,Similarity does not establish duplication; preserve both original entries
P0275,277,AVR acoustic spectrum analyzer using Atmega8 microcontroller,P0354,356,AVR Switch Timer using ATmega8 Microcontroller,0.7234,0.375,atmega8; avr; microcontroller,CANDIDATE_ONLY_MANUAL_REVIEW_REQUIRED,Similarity does not establish duplication; preserve both original entries
P1069,1071,How to interface LED with AVR Microcontroller (ATmega16),P1419,1421,Keypad Door Lock using AVR Microcontroller – Atmega16,0.7234,0.3333,atmega16; avr; microcontroller,CANDIDATE_ONLY_MANUAL_REVIEW_REQUIRED,Similarity does not establish duplication; preserve both original entries
P0141,143,Stripboard Arduino using ATMega168 microcontroller,P0288,290,Tetris and Snake with one AVR using Atmega168 microcontroller,0.7234,0.25,atmega168; microcontroller,CANDIDATE_ONLY_MANUAL_REVIEW_REQUIRED,Similarity does not establish duplication; preserve both original entries
P2074,2076,I/O Expander with 8255A using ATmega16 with Proteus Simulation,P2079,2081,Digital Melody Player using ATmega8 with Proteus Simulation,0.7234,0.25,proteus; simulation,CANDIDATE_ONLY_MANUAL_REVIEW_REQUIRED,Similarity does not establish duplication; preserve both original entries
P0412,414,USB AVR programmer using ATtiny2313 microcontroller,P0554,556,DIY USB password generator using ATtiny Microcontroller,0.7234,0.2222,microcontroller; usb,CANDIDATE_ONLY_MANUAL_REVIEW_REQUIRED,Similarity does not establish duplication; preserve both original entries
P0059,61,LED wind indicator Using atmega8 Microcontroller,P0394,396,AVR RGB LED and Sound Show using ATmega168 microcontroller,0.7234,0.2,led; microcontroller,CANDIDATE_ONLY_MANUAL_REVIEW_REQUIRED,Similarity does not establish duplication; preserve both original entries
P1996,1998,Interfacing Servo Motor with Atmega32 Microcontroller,P2003,2005,Introduction to the Atmel ATmega16 Microcontroller,0.7234,0.125,microcontroller,CANDIDATE_ONLY_MANUAL_REVIEW_REQUIRED,Similarity does not establish duplication; preserve both original entries
P0266,268,Arduino FTDI Header using ATmega8 microcontroller,P0298,300,AM radio transmission using AVR using Atmega324 microcontroller,0.7234,0.1111,microcontroller,CANDIDATE_ONLY_MANUAL_REVIEW_REQUIRED,Similarity does not establish duplication; preserve both original entries
P0270,272,Ambient Light Gift Badge using ATTiny13 microcontroller,P0295,297,Experimental board using ATTiny2313 microcontroller,0.7234,0.1111,microcontroller,CANDIDATE_ONLY_MANUAL_REVIEW_REQUIRED,Similarity does not establish duplication; preserve both original entries
P0040,42,Traffic light controller using avr microcontroller,P0273,275,Mini RGB Light Cube using AVR microcontroller,0.7229,0.4286,avr; light; microcontroller,CANDIDATE_ONLY_MANUAL_REVIEW_REQUIRED,Similarity does not establish duplication; preserve both original entries
P0066,68,Digital Melody player using atmega16 microcontroller,P0271,273,Color Sensor using Atmega16 microcontroller,0.7229,0.3333,atmega16; microcontroller,CANDIDATE_ONLY_MANUAL_REVIEW_REQUIRED,Similarity does not establish duplication; preserve both original entries
P0581,583,Wall of Pong using ATmega32 microcontroller,P1991,1993,4×4 Keypad Interfacing with ATmega32 Microcontroller,0.7229,0.3333,atmega32; microcontroller,CANDIDATE_ONLY_MANUAL_REVIEW_REQUIRED,Similarity does not establish duplication; preserve both original entries
P0379,381,Ear Trainer using ATMega644 microcontroller,P0576,578,RFID Checkout System Design using ATmega644 microcontroller,0.7229,0.3333,atmega644; microcontroller,CANDIDATE_ONLY_MANUAL_REVIEW_REQUIRED,Similarity does not establish duplication; preserve both original entries
P0295,297,Experimental board using ATTiny2313 microcontroller,P0314,316,Door Opener using ATTiny2313 microcontroller,0.7229,0.3333,attiny2313; microcontroller,CANDIDATE_ONLY_MANUAL_REVIEW_REQUIRED,Similarity does not establish duplication; preserve both original entries
P1224,1226,A simple brushless sensored motor driver for AVR Atmega,P1493,1495,HDD BRUSHLESS MOTOR DRIVER CIRCUIT ATMEGA8,0.7229,0.3333,brushless; driver; motor,CANDIDATE_ONLY_MANUAL_REVIEW_REQUIRED,Similarity does not establish duplication; preserve both original entries
P0131,133,The Arduino LED Cube using LED microcontroller,P0239,241,Arduino magnetic stripe decoder using microcontroller,0.7229,0.2857,arduino; microcontroller,CANDIDATE_ONLY_MANUAL_REVIEW_REQUIRED,Similarity does not establish duplication; preserve both original entries
P0008,10,Generating AUDIO ECHO using Atmega32 microcontroller,P1204,1206,LED Blinking with ATmega32 Microcontroller,0.7229,0.2857,atmega32; microcontroller,CANDIDATE_ONLY_MANUAL_REVIEW_REQUIRED,Similarity does not establish duplication; preserve both original entries
P1202,1204,Power LED Dimmer using ATmega32 Microcontroller,P2047,2049,RFID-Based Security System with AVR ATmega32 Microcontroller,0.7229,0.25,atmega32; microcontroller,CANDIDATE_ONLY_MANUAL_REVIEW_REQUIRED,Similarity does not establish duplication; preserve both original entries
P1202,1204,Power LED Dimmer using ATmega32 Microcontroller,P2025,2027,RFID based security system using AVR ATmega32 microcontroller,0.7229,0.25,atmega32; microcontroller,CANDIDATE_ONLY_MANUAL_REVIEW_REQUIRED,Similarity does not establish duplication; preserve both original entries
P0324,326,AVR Based CRO using Atmega16 microcontroller,P0568,570,Simplified AVR LCD routines using ATmega8 microcontroller,0.7229,0.25,avr; microcontroller,CANDIDATE_ONLY_MANUAL_REVIEW_REQUIRED,Similarity does not establish duplication; preserve both original entries
P0414,416,Midi Generator using ATtiny26-8PI microcontroller,P1097,1099,Audio Tone Generator using AVR Microcontroller,0.7229,0.25,generator; microcontroller,CANDIDATE_ONLY_MANUAL_REVIEW_REQUIRED,Similarity does not establish duplication; preserve both original entries
P0388,390,SMS Based Voting System – AVR GSM Project using ATmega32 microcontroller,P1203,1205,Interfacing LCD with ATmega32 Microcontroller,0.7229,0.25,atmega32; microcontroller,CANDIDATE_ONLY_MANUAL_REVIEW_REQUIRED,Similarity does not establish duplication; preserve both original entries
P1202,1204,Power LED Dimmer using ATmega32 Microcontroller,P1237,1239,RFID based security system using AVR ATmega32 microcontroller,0.7229,0.25,atmega32; microcontroller,CANDIDATE_ONLY_MANUAL_REVIEW_REQUIRED,Similarity does not establish duplication; preserve both original entries
P0059,61,LED wind indicator Using atmega8 Microcontroller,P1202,1204,Power LED Dimmer using ATmega32 Microcontroller,0.7229,0.25,led; microcontroller,CANDIDATE_ONLY_MANUAL_REVIEW_REQUIRED,Similarity does not establish duplication; preserve both original entries
P0388,390,SMS Based Voting System – AVR GSM Project using ATmega32 microcontroller,P0534,536,AVR mod player using ATmega325 microcontroller,0.7229,0.2222,avr; microcontroller,CANDIDATE_ONLY_MANUAL_REVIEW_REQUIRED,Similarity does not establish duplication; preserve both original entries
P0379,381,Ear Trainer using ATMega644 microcontroller,P1991,1993,4×4 Keypad Interfacing with ATmega32 Microcontroller,0.7229,0.1429,microcontroller,CANDIDATE_ONLY_MANUAL_REVIEW_REQUIRED,Similarity does not establish duplication; preserve both original entries
P0403,405,AVR Compiler toolchain for MAC using ATmega8 microcontroller,P0609,611,Evertool using ATmega16 microcontroller,0.7229,0.125,microcontroller,CANDIDATE_ONLY_MANUAL_REVIEW_REQUIRED,Similarity does not establish duplication; preserve both original entries
P0539,541,AvrPhone using ATmega128 microcontroller,P0550,552,Making a USB based AVR Programmer using ATMEGA8 Microcontroller,0.7229,0.125,microcontroller,CANDIDATE_ONLY_MANUAL_REVIEW_REQUIRED,Similarity does not establish duplication; preserve both original entries
P0369,371,Mini Logic Analyzer using ATmega8 microcontroller,P0534,536,AVR mod player using ATmega325 microcontroller,0.7229,0.1111,microcontroller,CANDIDATE_ONLY_MANUAL_REVIEW_REQUIRED,Similarity does not establish duplication; preserve both original entries
P0266,268,Arduino FTDI Header using ATmega8 microcontroller,P0534,536,AVR mod player using ATmega325 microcontroller,0.7229,0.1111,microcontroller,CANDIDATE_ONLY_MANUAL_REVIEW_REQUIRED,Similarity does not establish duplication; preserve both original entries
P0022,24,Delta Robot using atmega32 micrcontroller,P0378,380,AVR Data Logger with MicroSD using ATmega32 microcontroller,0.7229,0.1111,atmega32,CANDIDATE_ONLY_MANUAL_REVIEW_REQUIRED,Similarity does not establish duplication; preserve both original entries
P0046,48,Box with a Music Lock using ATMega328P Microcontroller,P0055,57,DIY TiX Clock using ATMEGA16 AVR microcontroller,0.7229,0.1,microcontroller,CANDIDATE_ONLY_MANUAL_REVIEW_REQUIRED,Similarity does not establish duplication; preserve both original entries
P0335,337,"Head-Controlled Keyboard And Mouse For Disabled, using AVR and ATMega32 microcontroller",P0652,654,Head-Controlled Keyboard And Mouse using ATmega32,0.7227,0.625,atmega32; controlled; head; keyboard; mouse,CANDIDATE_ONLY_MANUAL_REVIEW_REQUIRED,Similarity does not establish duplication; preserve both original entries
P0057,59,USB PCB Business Card Using ATtiny85 Microcontroller,P1457,1459,USB BUSINESS CARD WITH ATTINY85,0.7222,0.6667,attiny85; business; card; usb,CANDIDATE_ONLY_MANUAL_REVIEW_REQUIRED,Similarity does not establish duplication; preserve both original entries
P0324,326,AVR Based CRO using Atmega16 microcontroller,P1427,1429,Avr Atmega8 Microcontroller – An Introduction,0.7222,0.3333,avr; microcontroller,CANDIDATE_ONLY_MANUAL_REVIEW_REQUIRED,Similarity does not establish duplication; preserve both original entries
P0074,76,AVR GPS Locator using avr microcontroller,P0377,379,AVR Code Debugger using AVR microcontroller,0.7222,0.3333,avr; microcontroller,CANDIDATE_ONLY_MANUAL_REVIEW_REQUIRED,Similarity does not establish duplication; preserve both original entries
P1079,1081,How to use internal ADC of AVR microcontroller using interrupts,P1082,1084,Serial communication with AVR microcontroller using interrupts,0.7222,0.3333,avr; interrupts; microcontroller,CANDIDATE_ONLY_MANUAL_REVIEW_REQUIRED,Similarity does not establish duplication; preserve both original entries
P0282,284,The simple joule thief using AVR microcontrollers,P0404,406,Wireless Lan for AVR microcontrollers,0.7222,0.3333,avr; microcontrollers,CANDIDATE_ONLY_MANUAL_REVIEW_REQUIRED,Similarity does not establish duplication; preserve both original entries
P0503,505,White LED Drive Circuit using Tiny microcontroller,P0546,548,LED Menorah using ATtiny13 microcontroller,0.7222,0.2857,led; microcontroller,CANDIDATE_ONLY_MANUAL_REVIEW_REQUIRED,Similarity does not establish duplication; preserve both original entries
P0441,443,Analog Multiplexer using AVR microcontroller,P1322,1324,Volt-Amp meter using AVR microcontroller,0.7222,0.2857,avr; microcontroller,CANDIDATE_ONLY_MANUAL_REVIEW_REQUIRED,Similarity does not establish duplication; preserve both original entries
P0324,326,AVR Based CRO using Atmega16 microcontroller,P0426,428,Nixie Clock with AVR using ATmega48 microcontroller,0.7222,0.2857,avr; microcontroller,CANDIDATE_ONLY_MANUAL_REVIEW_REQUIRED,Similarity does not establish duplication; preserve both original entries
P0341,343,Open Source AVR Temperature Controller using ATmega48 microcontroller,P1145,1147,Temperature Controlled DC Fan using Microcontroller,0.7222,0.25,microcontroller; temperature,CANDIDATE_ONLY_MANUAL_REVIEW_REQUIRED,Similarity does not establish duplication; preserve both original entries
P0846,848,ROBOT ARM Using Atmega32,P0860,862,Air Drums Using Atmega32,0.7222,0.2,atmega32,CANDIDATE_ONLY_MANUAL_REVIEW_REQUIRED,Similarity does not establish duplication; preserve both original entries
P0310,312,LC Meter using AVR microcontroller,P0493,495,HF AC Millivoltmeter Adapter using microcontroller,0.7222,0.2,microcontroller,CANDIDATE_ONLY_MANUAL_REVIEW_REQUIRED,Similarity does not establish duplication; preserve both original entries
P1076,1078,How to interface LCD in 4 bit mode with AVR microcontroller,P1415,1417,Interfacing HC-05 Bluetooth module with AVR Microcontroller,0.7222,0.2,avr; microcontroller,CANDIDATE_ONLY_MANUAL_REVIEW_REQUIRED,Similarity does not establish duplication; preserve both original entries
P0539,541,AvrPhone using ATmega128 microcontroller,P0584,586,RFID security system using ATmega32 microcontroller,0.7222,0.1667,microcontroller,CANDIDATE_ONLY_MANUAL_REVIEW_REQUIRED,Similarity does not establish duplication; preserve both original entries
P0271,273,Color Sensor using Atmega16 microcontroller,P0613,615,etherrape using ATmega644 microcontroller,0.7222,0.1667,microcontroller,CANDIDATE_ONLY_MANUAL_REVIEW_REQUIRED,Similarity does not establish duplication; preserve both original entries
P0616,618,The WhereAVR using ATmega8 microcontroller,P1203,1205,Interfacing LCD with ATmega32 Microcontroller,0.7222,0.1667,microcontroller,CANDIDATE_ONLY_MANUAL_REVIEW_REQUIRED,Similarity does not establish duplication; preserve both original entries
P0316,318,Programmer using ATMEGA8 microcontroller,P0344,346,AVR Based Operating System using ATMega32 microcontroller,0.7222,0.1667,microcontroller,CANDIDATE_ONLY_MANUAL_REVIEW_REQUIRED,Similarity does not establish duplication; preserve both original entries
P0344,346,AVR Based Operating System using ATMega32 microcontroller,P0647,649,RSS Reader using ATmega8 microcontroller,0.7222,0.1429,microcontroller,CANDIDATE_ONLY_MANUAL_REVIEW_REQUIRED,Similarity does not establish duplication; preserve both original entries
P0465,467,Ponyprog Circuit for ATMEL’S AVR using microcontroller,P0581,583,Wall of Pong using ATmega32 microcontroller,0.7222,0.1429,microcontroller,CANDIDATE_ONLY_MANUAL_REVIEW_REQUIRED,Similarity does not establish duplication; preserve both original entries
P0324,326,AVR Based CRO using Atmega16 microcontroller,P1203,1205,Interfacing LCD with ATmega32 Microcontroller,0.7222,0.1429,microcontroller,CANDIDATE_ONLY_MANUAL_REVIEW_REQUIRED,Similarity does not establish duplication; preserve both original entries
P0534,536,AVR mod player using ATmega325 microcontroller,P0616,618,The WhereAVR using ATmega8 microcontroller,0.7222,0.1429,microcontroller,CANDIDATE_ONLY_MANUAL_REVIEW_REQUIRED,Similarity does not establish duplication; preserve both original entries
P0022,24,Delta Robot using atmega32 micrcontroller,P1204,1206,LED Blinking with ATmega32 Microcontroller,0.7222,0.1429,atmega32,CANDIDATE_ONLY_MANUAL_REVIEW_REQUIRED,Similarity does not establish duplication; preserve both original entries
P0281,283,ISP Breadboard Header using AVR microcontrollers,P1187,1189,Fire Alarm System using AVR Microcontroller,0.7222,0.125,avr,CANDIDATE_ONLY_MANUAL_REVIEW_REQUIRED,Similarity does not establish duplication; preserve both original entries
P0320,322,Tea Timer using ATTiny2313 microcontroller,P0503,505,White LED Drive Circuit using Tiny microcontroller,0.7222,0.125,microcontroller,CANDIDATE_ONLY_MANUAL_REVIEW_REQUIRED,Similarity does not establish duplication; preserve both original entries
P0489,491,I2C Tiny USB using ATtiny45 microcontroller,P0642,644,USB Sensors with ATtiny Microcontrollers,0.7222,0.125,usb,CANDIDATE_ONLY_MANUAL_REVIEW_REQUIRED,Similarity does not establish duplication; preserve both original entries
P0292,294,Open Source USB AVR Programmer for Students and Hobbyists using Atmega8 microcontroller,P0339,341,"Simple USB AVR programmer, USBasp using ATMega8 microcontroller",0.7218,0.4545,atmega8; avr; microcontroller; programmer; usb,CANDIDATE_ONLY_MANUAL_REVIEW_REQUIRED,Similarity does not establish duplication; preserve both original entries
P1068,1070,How to interface keypad with AVR microcontroller (ATmega16),P1419,1421,Keypad Door Lock using AVR Microcontroller – Atmega16,0.7216,0.5,atmega16; avr; keypad; microcontroller,CANDIDATE_ONLY_MANUAL_REVIEW_REQUIRED,Similarity does not establish duplication; preserve both original entries
P0467,469,Interfacing DRAM Memory using AVR microcontroller,P1415,1417,Interfacing HC-05 Bluetooth module with AVR Microcontroller,0.7216,0.4286,avr; interfacing; microcontroller,CANDIDATE_ONLY_MANUAL_REVIEW_REQUIRED,Similarity does not establish duplication; preserve both original entries
P1156,1158,Interfacing 16X2 LCD to AVR Microcontroller,P1864,1866,Interfacing Stepper Motor with AVR Microcontroller Atmega16,0.7216,0.375,avr; interfacing; microcontroller,CANDIDATE_ONLY_MANUAL_REVIEW_REQUIRED,Similarity does not establish duplication; preserve both original entries
P1076,1078,How to interface LCD in 4 bit mode with AVR microcontroller,P1156,1158,Interfacing 16X2 LCD to AVR Microcontroller,0.7216,0.3333,avr; lcd; microcontroller,CANDIDATE_ONLY_MANUAL_REVIEW_REQUIRED,Similarity does not establish duplication; preserve both original entries
P0550,552,Making a USB based AVR Programmer using ATMEGA8 Microcontroller,P1435,1437,TINY USB PROGRAMMER AVR MICROCONTROLLERS AVRDUDE,0.7216,0.3333,avr; programmer; usb,CANDIDATE_ONLY_MANUAL_REVIEW_REQUIRED,Similarity does not establish duplication; preserve both original entries
P1419,1421,Keypad Door Lock using AVR Microcontroller – Atmega16,P1866,1868,Interfacing Servo Motor with AVR Microcontroller Atmega16,0.7216,0.3333,atmega16; avr; microcontroller,CANDIDATE_ONLY_MANUAL_REVIEW_REQUIRED,Similarity does not establish duplication; preserve both original entries
P2069,2071,AVR External Memory Access using ATmega8515 with Proteus Simulation,P2076,2078,AVR Based 8-bit DAC using ATmega16 with Proteus Simulation,0.7216,0.3,avr; proteus; simulation,CANDIDATE_ONLY_MANUAL_REVIEW_REQUIRED,Similarity does not establish duplication; preserve both original entries
P0008,10,Generating AUDIO ECHO using Atmega32 microcontroller,P1295,1297,Interfacing GSM Module with Atmega32 AVR microcontroller,0.7216,0.2222,atmega32; microcontroller,CANDIDATE_ONLY_MANUAL_REVIEW_REQUIRED,Similarity does not establish duplication; preserve both original entries
P0346,348,Modular User Interface System using ATMega88 microcontroller,P1214,1216,How to interface RFID with AVR ATmega32 microcontroller,0.7216,0.2222,interface; microcontroller,CANDIDATE_ONLY_MANUAL_REVIEW_REQUIRED,Similarity does not establish duplication; preserve both original entries
P0372,374,Speaking Calculator using AVR ATmega88 microcontroller,P0550,552,Making a USB based AVR Programmer using ATMEGA8 Microcontroller,0.7216,0.2222,avr; microcontroller,CANDIDATE_ONLY_MANUAL_REVIEW_REQUIRED,Similarity does not establish duplication; preserve both original entries
P0286,288,Development Board With LCD using Atmega16 microcontrollers,P0330,332,Helianthus: The Solar Tracking System using ATmega16 microcontroller,0.7216,0.125,atmega16,CANDIDATE_ONLY_MANUAL_REVIEW_REQUIRED,Similarity does not establish duplication; preserve both original entries
P0705,707,Space Fighter Video Game Using ATMega32,P0751,753,Arkanoid Video Game using Atmega32,0.7213,0.5,atmega32; game; video,CANDIDATE_ONLY_MANUAL_REVIEW_REQUIRED,Similarity does not establish duplication; preserve both original entries
P1070,1072,How to use External (Hardware) Interrupts of AVR Microcontroller (ATmega16),P1858,1860,How to Use Hall Sensor with AVR Microcontroller ATmega16,0.7213,0.5,atmega16; avr; how; microcontroller; use,CANDIDATE_ONLY_MANUAL_REVIEW_REQUIRED,Similarity does not establish duplication; preserve both original entries
P0750,752,Reversi Video Game Using ATmega32,P0853,855,3D Maze in a Box video game Using Atmega32,0.7213,0.5,atmega32; game; video,CANDIDATE_ONLY_MANUAL_REVIEW_REQUIRED,Similarity does not establish duplication; preserve both original entries
P0705,707,Space Fighter Video Game Using ATMega32,P0828,830,TouchPad video game Using Atmega32,0.7213,0.5,atmega32; game; video,CANDIDATE_ONLY_MANUAL_REVIEW_REQUIRED,Similarity does not establish duplication; preserve both original entries
P0792,794,Lighting control system Using ATMEL Mega32,P0808,810,Graphing calculator Using Atmel Mega32,0.7213,0.4,atmel; mega32,CANDIDATE_ONLY_MANUAL_REVIEW_REQUIRED,Similarity does not establish duplication; preserve both original entries
P0719,721,Dual control RC car using Atmel Mega32,P0792,794,Lighting control system Using ATMEL Mega32,0.7213,0.4,atmel; mega32,CANDIDATE_ONLY_MANUAL_REVIEW_REQUIRED,Similarity does not establish duplication; preserve both original entries
P0703,705,MIDI synthesizer Using Atmega32,P0793,795,Guitar Synthesizer and Game Using Atmega32,0.7213,0.4,atmega32; synthesizer,CANDIDATE_ONLY_MANUAL_REVIEW_REQUIRED,Similarity does not establish duplication; preserve both original entries
P0804,806,AppleII emulator Using Atmel Mega32,P0808,810,Graphing calculator Using Atmel Mega32,0.7213,0.3333,atmel; mega32,CANDIDATE_ONLY_MANUAL_REVIEW_REQUIRED,Similarity does not establish duplication; preserve both original entries
P0398,400,Remote Controlled Fan Regulator using ATmega8 microcontroller,P0507,509,Remote Controlled (R/C) Airplane LED Flasher using ATTINY12 microcontroller,0.7213,0.3,controlled; microcontroller; remote,CANDIDATE_ONLY_MANUAL_REVIEW_REQUIRED,Similarity does not establish duplication; preserve both original entries
P0743,745,The Contender video game using Atmel Mega32,P0828,830,TouchPad video game Using Atmega32,0.7213,0.2857,game; video,CANDIDATE_ONLY_MANUAL_REVIEW_REQUIRED,Similarity does not establish duplication; preserve both original entries
P0743,745,The Contender video game using Atmel Mega32,P0751,753,Arkanoid Video Game using Atmega32,0.7213,0.2857,game; video,CANDIDATE_ONLY_MANUAL_REVIEW_REQUIRED,Similarity does not establish duplication; preserve both original entries
P0613,615,etherrape using ATmega644 microcontroller,P1869,1871,ATMEGA328P Microcontroller,0.7213,0.25,microcontroller,CANDIDATE_ONLY_MANUAL_REVIEW_REQUIRED,Similarity does not establish duplication; preserve both original entries
P0718,720,Digger video game using Atmel Mega32,P0776,778,Nova Strike video game Using Atmega32,0.7213,0.25,game; video,CANDIDATE_ONLY_MANUAL_REVIEW_REQUIRED,Similarity does not establish duplication; preserve both original entries
P0310,312,LC Meter using AVR microcontroller,P0404,406,Wireless Lan for AVR microcontrollers,0.7213,0.2,avr,CANDIDATE_ONLY_MANUAL_REVIEW_REQUIRED,Similarity does not establish duplication; preserve both original entries
P0421,423,Heart of LEDs using microcontroller,P0616,618,The WhereAVR using ATmega8 microcontroller,0.7213,0.2,microcontroller,CANDIDATE_ONLY_MANUAL_REVIEW_REQUIRED,Similarity does not establish duplication; preserve both original entries
P0324,326,AVR Based CRO using Atmega16 microcontroller,P0421,423,Heart of LEDs using microcontroller,0.7213,0.1667,microcontroller,CANDIDATE_ONLY_MANUAL_REVIEW_REQUIRED,Similarity does not establish duplication; preserve both original entries
P0421,423,Heart of LEDs using microcontroller,P0779,781,Flat Bed Scanner Using Microcontroller,0.7213,0.1667,microcontroller,CANDIDATE_ONLY_MANUAL_REVIEW_REQUIRED,Similarity does not establish duplication; preserve both original entries
P0467,469,Interfacing DRAM Memory using AVR microcontroller,P1192,1194,Flex Sensor Interfacing with AVR Microcontroller,0.7209,0.4286,avr; interfacing; microcontroller,CANDIDATE_ONLY_MANUAL_REVIEW_REQUIRED,Similarity does not establish duplication; preserve both original entries
P1156,1158,Interfacing 16X2 LCD to AVR Microcontroller,P1192,1194,Flex Sensor Interfacing with AVR Microcontroller,0.7209,0.4286,avr; interfacing; microcontroller,CANDIDATE_ONLY_MANUAL_REVIEW_REQUIRED,Similarity does not establish duplication; preserve both original entries
P0541,543,LED Matrix Display using TD62783 microcontroller,P0548,550,LED DOT Matrix Pong using ATMega16 Microcontroller,0.7209,0.375,led; matrix; microcontroller,CANDIDATE_ONLY_MANUAL_REVIEW_REQUIRED,Similarity does not establish duplication; preserve both original entries
P0295,297,Experimental board using ATTiny2313 microcontroller,P0368,370,Clever Clapper using ATtiny2313 microcontroller,0.7209,0.3333,attiny2313; microcontroller,CANDIDATE_ONLY_MANUAL_REVIEW_REQUIRED,Similarity does not establish duplication; preserve both original entries
P1191,1193,Joystick Interfacing with AVR Microcontroller,P1991,1993,4×4 Keypad Interfacing with ATmega32 Microcontroller,0.7209,0.3333,interfacing; microcontroller,CANDIDATE_ONLY_MANUAL_REVIEW_REQUIRED,Similarity does not establish duplication; preserve both original entries
P0295,297,Experimental board using ATTiny2313 microcontroller,P0551,553,LED Dog Collar using ATTINY2313 Microcontroller,0.7209,0.2857,attiny2313; microcontroller,CANDIDATE_ONLY_MANUAL_REVIEW_REQUIRED,Similarity does not establish duplication; preserve both original entries
P1202,1204,Power LED Dimmer using ATmega32 Microcontroller,P1287,1289,Interfacing DC Motor with Atmega32 Microcontroller,0.7209,0.2857,atmega32; microcontroller,CANDIDATE_ONLY_MANUAL_REVIEW_REQUIRED,Similarity does not establish duplication; preserve both original entries
P0471,473,A SIMPLE MANUAL CURVE TRACER using microcontroller,P1981,1983,Simple Standalone ATMega328p Microcontroller,0.7209,0.2857,microcontroller; simple,CANDIDATE_ONLY_MANUAL_REVIEW_REQUIRED,Similarity does not establish duplication; preserve both original entries
P0344,346,AVR Based Operating System using ATMega32 microcontroller,P1996,1998,Interfacing Servo Motor with Atmega32 Microcontroller,0.7209,0.2857,atmega32; microcontroller,CANDIDATE_ONLY_MANUAL_REVIEW_REQUIRED,Similarity does not establish duplication; preserve both original entries
P0494,496,Cellphone Operated Robot using ATmega16 AVR microcontroller,P0609,611,Evertool using ATmega16 microcontroller,0.7209,0.2857,atmega16; microcontroller,CANDIDATE_ONLY_MANUAL_REVIEW_REQUIRED,Similarity does not establish duplication; preserve both original entries
P0266,268,Arduino FTDI Header using ATmega8 microcontroller,P0369,371,Mini Logic Analyzer using ATmega8 microcontroller,0.7209,0.25,atmega8; microcontroller,CANDIDATE_ONLY_MANUAL_REVIEW_REQUIRED,Similarity does not establish duplication; preserve both original entries
P0548,550,LED DOT Matrix Pong using ATMega16 Microcontroller,P1323,1325,Digital Clock using AVR Atmega16 Microcontroller,0.7209,0.25,atmega16; microcontroller,CANDIDATE_ONLY_MANUAL_REVIEW_REQUIRED,Similarity does not establish duplication; preserve both original entries
P0059,61,LED wind indicator Using atmega8 Microcontroller,P1951,1953,The LED Chasing Effect Project using Atmel AVR Microcontroller,0.7209,0.2222,led; microcontroller,CANDIDATE_ONLY_MANUAL_REVIEW_REQUIRED,Similarity does not establish duplication; preserve both original entries
P0036,38,Digital Voltmeter using Microcontroller Atmega8,P0331,333,DS1802 Digital Volume Control using microcontroller,0.7209,0.2,microcontroller,CANDIDATE_ONLY_MANUAL_REVIEW_REQUIRED,Similarity does not establish duplication; preserve both original entries
P0315,317,Beamer Control using attiny2313 microcontroller,P1145,1147,Temperature Controlled DC Fan using Microcontroller,0.7209,0.1667,microcontroller,CANDIDATE_ONLY_MANUAL_REVIEW_REQUIRED,Similarity does not establish duplication; preserve both original entries
P0368,370,Clever Clapper using ATtiny2313 microcontroller,P0431,433,PC Temperature Meter using ATtiny15 microcontroller,0.7209,0.1429,microcontroller,CANDIDATE_ONLY_MANUAL_REVIEW_REQUIRED,Similarity does not establish duplication; preserve both original entries
P0322,324,Easy Breadboarding using ATMega microcontroller,P0593,595,Minimalist Arduino using ATMega328P microcontroller,0.7209,0.1429,microcontroller,CANDIDATE_ONLY_MANUAL_REVIEW_REQUIRED,Similarity does not establish duplication; preserve both original entries
P1190,1192,Anti-Theft Alert System using ATmega8 Microcontroller,P2003,2005,Introduction to the Atmel ATmega16 Microcontroller,0.7209,0.125,microcontroller,CANDIDATE_ONLY_MANUAL_REVIEW_REQUIRED,Similarity does not establish duplication; preserve both original entries
P0134,136,Led dimmer 2 channels using Attiny13 microcontroller,P0319,321,Kitchen Timer using ATTiny2313 microcontroller,0.7209,0.125,microcontroller,CANDIDATE_ONLY_MANUAL_REVIEW_REQUIRED,Similarity does not establish duplication; preserve both original entries
P0059,61,LED wind indicator Using atmega8 Microcontroller,P0200,202,The Household Informer using atmega168 microcontroller,0.7209,0.125,microcontroller,CANDIDATE_ONLY_MANUAL_REVIEW_REQUIRED,Similarity does not establish duplication; preserve both original entries
P0066,68,Digital Melody player using atmega16 microcontroller,P0426,428,Nixie Clock with AVR using ATmega48 microcontroller,0.7209,0.125,microcontroller,CANDIDATE_ONLY_MANUAL_REVIEW_REQUIRED,Similarity does not establish duplication; preserve both original entries
P0300,302,VGA monitor tester using ATTiny2313 microcontroller,P0588,590,AVR Thermometer using AT90S2313 microcontroller,0.7209,0.125,microcontroller,CANDIDATE_ONLY_MANUAL_REVIEW_REQUIRED,Similarity does not establish duplication; preserve both original entries
P0059,61,LED wind indicator Using atmega8 Microcontroller,P0072,74,LCD Message Display Using AT Mega8 microcontroller,0.7209,0.1111,microcontroller,CANDIDATE_ONLY_MANUAL_REVIEW_REQUIRED,Similarity does not establish duplication; preserve both original entries
P1067,1069,How to interface Servo Motor with AVR Microcontroller (ATmega16),P1076,1078,How to interface LCD in 4 bit mode with AVR microcontroller,0.7207,0.4,avr; how; interface; microcontroller,CANDIDATE_ONLY_MANUAL_REVIEW_REQUIRED,Similarity does not establish duplication; preserve both original entries
P1067,1069,How to interface Servo Motor with AVR Microcontroller (ATmega16),P1085,1087,How to use inbuilt ADC of AVR microcontroller (ATmega16),0.7207,0.4,atmega16; avr; how; microcontroller,CANDIDATE_ONLY_MANUAL_REVIEW_REQUIRED,Similarity does not establish duplication; preserve both original entries
P0416,418,AVR LCD Microcontrolled Oscilloscope using ATmega32 microcontroller,P2036,2038,Graphical LCD Oscilloscope using ATmega16Microcontroller,0.7207,0.25,lcd; oscilloscope,CANDIDATE_ONLY_MANUAL_REVIEW_REQUIRED,Similarity does not establish duplication; preserve both original entries
P0359,361,Ultrasonic Security System using Atmega644 microcontroller,P0367,369,AVR Ultrasonic Spheroid Levitation Device using ATMega16 microcontroller,0.7207,0.2222,microcontroller; ultrasonic,CANDIDATE_ONLY_MANUAL_REVIEW_REQUIRED,Similarity does not establish duplication; preserve both original entries
P0279,281,A complete starter guide to AVRs using attiny2313 microcontroller,P0470,472,A Pretty Good LC Meter Based on the AVR using ATTINY2313 Microcontroller,0.7207,0.2,attiny2313; microcontroller,CANDIDATE_ONLY_MANUAL_REVIEW_REQUIRED,Similarity does not establish duplication; preserve both original entries
P0445,447,Computer connected Flower Water Circuit using ATmega8 microcontroller,P0463,465,PCB Exposure Box with Countdown timer using ATMEGA8 microcontroller,0.7207,0.1818,atmega8; microcontroller,CANDIDATE_ONLY_MANUAL_REVIEW_REQUIRED,Similarity does not establish duplication; preserve both original entries
P0620,622,USB AVR in-system Programmer using ATtiny2313,P1240,1242,USB AVR programmer,0.72,0.75,avr; programmer; usb,CANDIDATE_ONLY_MANUAL_REVIEW_REQUIRED,Similarity does not establish duplication; preserve both original entries
P0042,44,Thermometer with Clock using ATmega16,P0080,82,Real Time Clock ATMega16,0.72,0.4,atmega16; clock,CANDIDATE_ONLY_MANUAL_REVIEW_REQUIRED,Similarity does not establish duplication; preserve both original entries
P0609,611,Evertool using ATmega16 microcontroller,P1323,1325,Digital Clock using AVR Atmega16 Microcontroller,0.72,0.4,atmega16; microcontroller,CANDIDATE_ONLY_MANUAL_REVIEW_REQUIRED,Similarity does not establish duplication; preserve both original entries
P0459,461,Digital Telemetry using ATMega8 microcontroller,P0647,649,RSS Reader using ATmega8 microcontroller,0.72,0.4,atmega8; microcontroller,CANDIDATE_ONLY_MANUAL_REVIEW_REQUIRED,Similarity does not establish duplication; preserve both original entries
P0810,812,CalcParser Using Atmel Mega32,P0815,817,Braille reader using Atmel mega32,0.72,0.4,atmel; mega32,CANDIDATE_ONLY_MANUAL_REVIEW_REQUIRED,Similarity does not establish duplication; preserve both original entries
P1195,1197,0-25V Digital Voltmeter using AVR Microcontroller,P1198,1200,0-99 Counter using AVR Microcontroller,0.72,0.4,avr; microcontroller,CANDIDATE_ONLY_MANUAL_REVIEW_REQUIRED,Similarity does not establish duplication; preserve both original entries
P1295,1297,Interfacing GSM Module with Atmega32 AVR microcontroller,P1857,1859,Interfacing DC Motor with AVR Microcontroller Atmega16,0.72,0.375,avr; interfacing; microcontroller,CANDIDATE_ONLY_MANUAL_REVIEW_REQUIRED,Similarity does not establish duplication; preserve both original entries
P1193,1195,Touch Keypad Interfacing with ATmega32 Microcontroller,P1295,1297,Interfacing GSM Module with Atmega32 AVR microcontroller,0.72,0.375,atmega32; interfacing; microcontroller,CANDIDATE_ONLY_MANUAL_REVIEW_REQUIRED,Similarity does not establish duplication; preserve both original entries
P0039,41,ATTiny Board For AVR ATTiny microcontrollers,P0642,644,USB Sensors with ATtiny Microcontrollers,0.72,0.3333,attiny; microcontrollers,CANDIDATE_ONLY_MANUAL_REVIEW_REQUIRED,Similarity does not establish duplication; preserve both original entries
P0433,435,Capacitance Meter using AVR microcontroller,P0441,443,Analog Multiplexer using AVR microcontroller,0.72,0.3333,avr; microcontroller,CANDIDATE_ONLY_MANUAL_REVIEW_REQUIRED,Similarity does not establish duplication; preserve both original entries
P0074,76,AVR GPS Locator using avr microcontroller,P1097,1099,Audio Tone Generator using AVR Microcontroller,0.72,0.2857,avr; microcontroller,CANDIDATE_ONLY_MANUAL_REVIEW_REQUIRED,Similarity does not establish duplication; preserve both original entries
P0055,57,DIY TiX Clock using ATMEGA16 AVR microcontroller,P0609,611,Evertool using ATmega16 microcontroller,0.72,0.2857,atmega16; microcontroller,CANDIDATE_ONLY_MANUAL_REVIEW_REQUIRED,Similarity does not establish duplication; preserve both original entries
P0091,93,Cellphone Operated Robot Using Microcontrollers,P0307,309,Cellphone controlled robot vehicle using ATmega16 microcontroller,0.72,0.25,cellphone; robot,CANDIDATE_ONLY_MANUAL_REVIEW_REQUIRED,Similarity does not establish duplication; preserve both original entries
P0324,326,AVR Based CRO using Atmega16 microcontroller,P0388,390,SMS Based Voting System – AVR GSM Project using ATmega32 microcontroller,0.72,0.25,avr; microcontroller,CANDIDATE_ONLY_MANUAL_REVIEW_REQUIRED,Similarity does not establish duplication; preserve both original entries
P0398,400,Remote Controlled Fan Regulator using ATmega8 microcontroller,P1288,1290,Stepper motor control with an ATmega8 microcontroller,0.72,0.25,atmega8; microcontroller,CANDIDATE_ONLY_MANUAL_REVIEW_REQUIRED,Similarity does not establish duplication; preserve both original entries
P1286,1288,Interfacing LCD with Atmega32 Microcontroller using Atmel Studio,P1886,1888,Programming AVR Microcontrollers with Atmel Studio 7,0.72,0.2222,atmel; studio,CANDIDATE_ONLY_MANUAL_REVIEW_REQUIRED,Similarity does not establish duplication; preserve both original entries
P0403,405,AVR Compiler toolchain for MAC using ATmega8 microcontroller,P1868,1870,Rotary Encoder Interfacing with ATmega8 Microcontroller,0.72,0.2222,atmega8; microcontroller,CANDIDATE_ONLY_MANUAL_REVIEW_REQUIRED,Similarity does not establish duplication; preserve both original entries
P1356,1358,Programming ATtiny85 with Arduino Uno,P1875,1877,Programming the ATtiny,0.72,0.2,programming,CANDIDATE_ONLY_MANUAL_REVIEW_REQUIRED,Similarity does not establish duplication; preserve both original entries
P0613,615,etherrape using ATmega644 microcontroller,P1203,1205,Interfacing LCD with ATmega32 Microcontroller,0.72,0.1667,microcontroller,CANDIDATE_ONLY_MANUAL_REVIEW_REQUIRED,Similarity does not establish duplication; preserve both original entries
P0572,574,AVR Programmer using ATTINY2313 microcontroller,P0594,596,Batwatch using ATtiny13V microcontroller,0.72,0.1667,microcontroller,CANDIDATE_ONLY_MANUAL_REVIEW_REQUIRED,Similarity does not establish duplication; preserve both original entries
P0271,273,Color Sensor using Atmega16 microcontroller,P0344,346,AVR Based Operating System using ATMega32 microcontroller,0.72,0.1429,microcontroller,CANDIDATE_ONLY_MANUAL_REVIEW_REQUIRED,Similarity does not establish duplication; preserve both original entries
P0613,615,etherrape using ATmega644 microcontroller,P1190,1192,Anti-Theft Alert System using ATmega8 Microcontroller,0.72,0.1429,microcontroller,CANDIDATE_ONLY_MANUAL_REVIEW_REQUIRED,Similarity does not establish duplication; preserve both original entries
P0354,356,AVR Switch Timer using ATmega8 Microcontroller,P0613,615,etherrape using ATmega644 microcontroller,0.72,0.1429,microcontroller,CANDIDATE_ONLY_MANUAL_REVIEW_REQUIRED,Similarity does not establish duplication; preserve both original entries
P0271,273,Color Sensor using Atmega16 microcontroller,P0314,316,Door Opener using ATTiny2313 microcontroller,0.72,0.1429,microcontroller,CANDIDATE_ONLY_MANUAL_REVIEW_REQUIRED,Similarity does not establish duplication; preserve both original entries
P0081,83,Multipattern Running light using ATtiny2313 microcontroller,P0088,90,Temperature Indicator Using attiny2313 micrcontroller,0.72,0.125,attiny2313,CANDIDATE_ONLY_MANUAL_REVIEW_REQUIRED,Similarity does not establish duplication; preserve both original entries
P1950,1952,GETTING STARTED WITH AVR MICROCONTROLLER,P2034,2036,Building a Web Server Using AVR Microcontrollers,0.72,0.125,avr,CANDIDATE_ONLY_MANUAL_REVIEW_REQUIRED,Similarity does not establish duplication; preserve both original entries
P0384,386,Energy Monitoring Transmitter using Atmega328 microcontroller,P1288,1290,Stepper motor control with an ATmega8 microcontroller,0.72,0.125,microcontroller,CANDIDATE_ONLY_MANUAL_REVIEW_REQUIRED,Similarity does not establish duplication; preserve both original entries
P1214,1216,How to interface RFID with AVR ATmega32 microcontroller,P1868,1870,Rotary Encoder Interfacing with ATmega8 Microcontroller,0.72,0.1,microcontroller,CANDIDATE_ONLY_MANUAL_REVIEW_REQUIRED,Similarity does not establish duplication; preserve both original entries
P0318,320,Power usage monitor using Atmel AVR using Atmega168 microcontroller,P1288,1290,Stepper motor control with an ATmega8 microcontroller,0.72,0.1,microcontroller,CANDIDATE_ONLY_MANUAL_REVIEW_REQUIRED,Similarity does not establish duplication; preserve both original entries
P0922,924,CMOS Camera Rock Paper Scissors Game System Using Atmega644,P0944,946,Rock-Paper-Scissors Sensor Gloves Using atmega644,0.7191,0.4444,atmega644; paper; rock; scissors,CANDIDATE_ONLY_MANUAL_REVIEW_REQUIRED,Similarity does not establish duplication; preserve both original entries
P0354,356,AVR Switch Timer using ATmega8 Microcontroller,P0487,489,MMC/SD/SDHC AVR Interface using ATMega8 microcontroller,0.7191,0.375,atmega8; avr; microcontroller,CANDIDATE_ONLY_MANUAL_REVIEW_REQUIRED,Similarity does not establish duplication; preserve both original entries
P0407,409,80×32 LED matrix display using ATmega32 microcontroller,P1202,1204,Power LED Dimmer using ATmega32 Microcontroller,0.7191,0.375,atmega32; led; microcontroller,CANDIDATE_ONLY_MANUAL_REVIEW_REQUIRED,Similarity does not establish duplication; preserve both original entries
P0081,83,Multipattern Running light using ATtiny2313 microcontroller,P0323,325,Dotmatrix using ATtiny2313 microcontroller,0.7191,0.3333,attiny2313; microcontroller,CANDIDATE_ONLY_MANUAL_REVIEW_REQUIRED,Similarity does not establish duplication; preserve both original entries
P0593,595,Minimalist Arduino using ATMega328P microcontroller,P1981,1983,Simple Standalone ATMega328p Microcontroller,0.7191,0.3333,atmega328p; microcontroller,CANDIDATE_ONLY_MANUAL_REVIEW_REQUIRED,Similarity does not establish duplication; preserve both original entries
P0412,414,USB AVR programmer using ATtiny2313 microcontroller,P0575,577,Project Development Board using ATTiny2313 microcontroller,0.7191,0.3333,attiny2313; microcontroller,CANDIDATE_ONLY_MANUAL_REVIEW_REQUIRED,Similarity does not establish duplication; preserve both original entries
P1623,1625,MICROCONTROLLER CONTROLLED BATTERY CHARGING CIRCUITS,P1750,1752,Microcontroller Based Smart Battery Charger,0.7191,0.3333,battery; microcontroller,CANDIDATE_ONLY_MANUAL_REVIEW_REQUIRED,Similarity does not establish duplication; preserve both original entries
P1077,1079,How to disable JTAG of AVR microcontroller,P1296,1298,How to use I2C-bus on the Atmel AVR Microcontroller,0.7191,0.3333,avr; how; microcontroller,CANDIDATE_ONLY_MANUAL_REVIEW_REQUIRED,Similarity does not establish duplication; preserve both original entries
P1191,1193,Joystick Interfacing with AVR Microcontroller,P1193,1195,Touch Keypad Interfacing with ATmega32 Microcontroller,0.7191,0.2857,interfacing; microcontroller,CANDIDATE_ONLY_MANUAL_REVIEW_REQUIRED,Similarity does not establish duplication; preserve both original entries
P0467,469,Interfacing DRAM Memory using AVR microcontroller,P1991,1993,4×4 Keypad Interfacing with ATmega32 Microcontroller,0.7191,0.2857,interfacing; microcontroller,CANDIDATE_ONLY_MANUAL_REVIEW_REQUIRED,Similarity does not establish duplication; preserve both original entries
P0376,378,Electric Spinning Wheel using ATmega8 microcontroller,P0605,607,Sensor Interfacing using ATmega8 microcontroller,0.7191,0.2857,atmega8; microcontroller,CANDIDATE_ONLY_MANUAL_REVIEW_REQUIRED,Similarity does not establish duplication; preserve both original entries
P0325,327,PCM Audio Based Door Bell using Atmega32 microcontroller,P1287,1289,Interfacing DC Motor with Atmega32 Microcontroller,0.7191,0.25,atmega32; microcontroller,CANDIDATE_ONLY_MANUAL_REVIEW_REQUIRED,Similarity does not establish duplication; preserve both original entries
P1062,1064,How to interface GPS with AVR microcontroller (ATmega16),P1191,1193,Joystick Interfacing with AVR Microcontroller,0.7191,0.25,avr; microcontroller,CANDIDATE_ONLY_MANUAL_REVIEW_REQUIRED,Similarity does not establish duplication; preserve both original entries
P1202,1204,Power LED Dimmer using ATmega32 Microcontroller,P1996,1998,Interfacing Servo Motor with Atmega32 Microcontroller,0.7191,0.25,atmega32; microcontroller,CANDIDATE_ONLY_MANUAL_REVIEW_REQUIRED,Similarity does not establish duplication; preserve both original entries
P0008,10,Generating AUDIO ECHO using Atmega32 microcontroller,P0388,390,SMS Based Voting System – AVR GSM Project using ATmega32 microcontroller,0.7191,0.2222,atmega32; microcontroller,CANDIDATE_ONLY_MANUAL_REVIEW_REQUIRED,Similarity does not establish duplication; preserve both original entries
P0554,556,DIY USB password generator using ATtiny Microcontroller,P1097,1099,Audio Tone Generator using AVR Microcontroller,0.7191,0.2222,generator; microcontroller,CANDIDATE_ONLY_MANUAL_REVIEW_REQUIRED,Similarity does not establish duplication; preserve both original entries
P0316,318,Programmer using ATMEGA8 microcontroller,P0384,386,Energy Monitoring Transmitter using Atmega328 microcontroller,0.7191,0.1429,microcontroller,CANDIDATE_ONLY_MANUAL_REVIEW_REQUIRED,Similarity does not establish duplication; preserve both original entries
P0141,143,Stripboard Arduino using ATMega168 microcontroller,P1288,1290,Stepper motor control with an ATmega8 microcontroller,0.7191,0.1429,microcontroller,CANDIDATE_ONLY_MANUAL_REVIEW_REQUIRED,Similarity does not establish duplication; preserve both original entries
P0727,729,MIDI DRUM CONTROLLER USING MEGA 32 MICROCONTROLLER,P1287,1289,Interfacing DC Motor with Atmega32 Microcontroller,0.7191,0.1429,microcontroller,CANDIDATE_ONLY_MANUAL_REVIEW_REQUIRED,Similarity does not establish duplication; preserve both original entries
P0037,39,Digital dimmer using Microcontroller atmega8,P0100,102,Numitron clock & thermometer using Microcontroller atmega48,0.7191,0.1429,microcontroller,CANDIDATE_ONLY_MANUAL_REVIEW_REQUIRED,Similarity does not establish duplication; preserve both original entries
P0040,42,Traffic light controller using avr microcontroller,P1145,1147,Temperature Controlled DC Fan using Microcontroller,0.7191,0.1429,microcontroller,CANDIDATE_ONLY_MANUAL_REVIEW_REQUIRED,Similarity does not establish duplication; preserve both original entries
P0524,526,A Simple FM Stereo Transmitter using ATTINY12 microcontroller,P0546,548,LED Menorah using ATtiny13 microcontroller,0.7191,0.125,microcontroller,CANDIDATE_ONLY_MANUAL_REVIEW_REQUIRED,Similarity does not establish duplication; preserve both original entries
P0727,729,MIDI DRUM CONTROLLER USING MEGA 32 MICROCONTROLLER,P1108,1110,LED Light Bulb Controller using AVR Microcontroller,0.7191,0.125,microcontroller,CANDIDATE_ONLY_MANUAL_REVIEW_REQUIRED,Similarity does not establish duplication; preserve both original entries
P0266,268,Arduino FTDI Header using ATmega8 microcontroller,P2003,2005,Introduction to the Atmel ATmega16 Microcontroller,0.7191,0.125,microcontroller,CANDIDATE_ONLY_MANUAL_REVIEW_REQUIRED,Similarity does not establish duplication; preserve both original entries
P0316,318,Programmer using ATMEGA8 microcontroller,P0318,320,Power usage monitor using Atmel AVR using Atmega168 microcontroller,0.7191,0.1111,microcontroller,CANDIDATE_ONLY_MANUAL_REVIEW_REQUIRED,Similarity does not establish duplication; preserve both original entries
P0400,402,Digital Stop Watch with ATmega8 using microcontroller,P0577,579,The Self-Driving Toy Car using ATmega1284 microcontroller,0.7191,0.1111,microcontroller,CANDIDATE_ONLY_MANUAL_REVIEW_REQUIRED,Similarity does not establish duplication; preserve both original entries
P0059,61,LED wind indicator Using atmega8 Microcontroller,P0577,579,The Self-Driving Toy Car using ATmega1284 microcontroller,0.7191,0.1,microcontroller,CANDIDATE_ONLY_MANUAL_REVIEW_REQUIRED,Similarity does not establish duplication; preserve both original entries
P1070,1072,How to use External (Hardware) Interrupts of AVR Microcontroller (ATmega16),P1079,1081,How to use internal ADC of AVR microcontroller using interrupts,0.7188,0.5,avr; how; interrupts; microcontroller; use,CANDIDATE_ONLY_MANUAL_REVIEW_REQUIRED,Similarity does not establish duplication; preserve both original entries
P0311,313,Oscilloscope using AVR microcontroller,P1198,1200,0-99 Counter using AVR Microcontroller,0.7188,0.5,avr; microcontroller,CANDIDATE_ONLY_MANUAL_REVIEW_REQUIRED,Similarity does not establish duplication; preserve both original entries
P0427,429,Packet Radio using AVR microcontroller,P1198,1200,0-99 Counter using AVR Microcontroller,0.7188,0.4,avr; microcontroller,CANDIDATE_ONLY_MANUAL_REVIEW_REQUIRED,Similarity does not establish duplication; preserve both original entries
P0309,311,Power Supply using AVR microcontroller,P1198,1200,0-99 Counter using AVR Microcontroller,0.7188,0.4,avr; microcontroller,CANDIDATE_ONLY_MANUAL_REVIEW_REQUIRED,Similarity does not establish duplication; preserve both original entries
P1187,1189,Fire Alarm System using AVR Microcontroller,P1322,1324,Volt-Amp meter using AVR microcontroller,0.7188,0.2857,avr; microcontroller,CANDIDATE_ONLY_MANUAL_REVIEW_REQUIRED,Similarity does not establish duplication; preserve both original entries
P0743,745,The Contender video game using Atmel Mega32,P0776,778,Nova Strike video game Using Atmega32,0.7188,0.25,game; video,CANDIDATE_ONLY_MANUAL_REVIEW_REQUIRED,Similarity does not establish duplication; preserve both original entries
P0709,711,Memory Video Game Using Atmel Mega32,P0853,855,3D Maze in a Box video game Using Atmega32,0.7188,0.25,game; video,CANDIDATE_ONLY_MANUAL_REVIEW_REQUIRED,Similarity does not establish duplication; preserve both original entries
P0709,711,Memory Video Game Using Atmel Mega32,P0731,733,Missle Command video game using Atmega32,0.7188,0.25,game; video,CANDIDATE_ONLY_MANUAL_REVIEW_REQUIRED,Similarity does not establish duplication; preserve both original entries
P0310,312,LC Meter using AVR microcontroller,P0546,548,LED Menorah using ATtiny13 microcontroller,0.7188,0.1667,microcontroller,CANDIDATE_ONLY_MANUAL_REVIEW_REQUIRED,Similarity does not establish duplication; preserve both original entries
P1566,1568,AT89S52 DS1620 THERMOMETER CIRCUIT (LCD DISPLAY),P1575,1577,AT89C51 DS1621 THERMOMETER CIRCUIT,0.7188,0.1429,thermometer,CANDIDATE_ONLY_MANUAL_REVIEW_REQUIRED,Similarity does not establish duplication; preserve both original entries
P0586,588,Air-Mouse using ATmega32 microcontroller,P1187,1189,Fire Alarm System using AVR Microcontroller,0.7188,0.1429,microcontroller,CANDIDATE_ONLY_MANUAL_REVIEW_REQUIRED,Similarity does not establish duplication; preserve both original entries
P0422,424,"Atmel Bascom avr 8051 project, the circuit archive using AT89S8252 microcontroller",P0432,434,Atmel Avr Project Circuit Archive 360 MB using ATmega8 microcontroller,0.7184,0.4444,archive; atmel; avr; microcontroller,CANDIDATE_ONLY_MANUAL_REVIEW_REQUIRED,Similarity does not establish duplication; preserve both original entries
P1062,1064,How to interface GPS with AVR microcontroller (ATmega16),P1076,1078,How to interface LCD in 4 bit mode with AVR microcontroller,0.7184,0.4444,avr; how; interface; microcontroller,CANDIDATE_ONLY_MANUAL_REVIEW_REQUIRED,Similarity does not establish duplication; preserve both original entries
P1085,1087,How to use inbuilt ADC of AVR microcontroller (ATmega16),P1857,1859,Interfacing DC Motor with AVR Microcontroller Atmega16,0.7184,0.3333,atmega16; avr; microcontroller,CANDIDATE_ONLY_MANUAL_REVIEW_REQUIRED,Similarity does not establish duplication; preserve both original entries
P1295,1297,Interfacing GSM Module with Atmega32 AVR microcontroller,P1866,1868,Interfacing Servo Motor with AVR Microcontroller Atmega16,0.7184,0.3333,avr; interfacing; microcontroller,CANDIDATE_ONLY_MANUAL_REVIEW_REQUIRED,Similarity does not establish duplication; preserve both original entries
P1858,1860,How to Use Hall Sensor with AVR Microcontroller ATmega16,P1866,1868,Interfacing Servo Motor with AVR Microcontroller Atmega16,0.7184,0.3,atmega16; avr; microcontroller,CANDIDATE_ONLY_MANUAL_REVIEW_REQUIRED,Similarity does not establish duplication; preserve both original entries
P0482,484,A Little More Serious Frequency Meter using ATtiny2313 microcontroller,P0483,485,Preamp and 330 + MHz Prescaler for A Little More Serious Frequency Meter using microcontroller,0.7183,0.5455,frequency; little; meter; microcontroller; more; serious,CANDIDATE_ONLY_MANUAL_REVIEW_REQUIRED,Similarity does not establish duplication; preserve both original entries
P0317,319,Programmer UsbAsp using AVR microcontroller,P0572,574,AVR Programmer using ATTINY2313 microcontroller,0.7179,0.6,avr; microcontroller; programmer,CANDIDATE_ONLY_MANUAL_REVIEW_REQUIRED,Similarity does not establish duplication; preserve both original entries
P0543,545,How to drive 595 shift registers with AVR hardware SPI using ATmega168 microcontroller,P0651,653,How to drive 595 shift registers with ATmega168,0.7179,0.6,595; atmega168; drive; how; registers; shift,CANDIDATE_ONLY_MANUAL_REVIEW_REQUIRED,Similarity does not establish duplication; preserve both original entries
P0070,72,8 MHz frequency meter using AVR microcontroller,P0433,435,Capacitance Meter using AVR microcontroller,0.7179,0.5,avr; meter; microcontroller,CANDIDATE_ONLY_MANUAL_REVIEW_REQUIRED,Similarity does not establish duplication; preserve both original entries
P0882,884,Autonomous Self-parking car Using Atmega644,P0947,949,Autonomous visually steered car Using Atmega644,0.7179,0.4286,atmega644; autonomous; car,CANDIDATE_ONLY_MANUAL_REVIEW_REQUIRED,Similarity does not establish duplication; preserve both original entries
P0082,84,Bluetooth Based Smart Home using atmega8 microcontroller,P0316,318,Programmer using ATMEGA8 microcontroller,0.7179,0.4,atmega8; microcontroller,CANDIDATE_ONLY_MANUAL_REVIEW_REQUIRED,Similarity does not establish duplication; preserve both original entries
P1362,1364,Cellular Data Logger,P1795,1797,GPS Cap Data Logger,0.7179,0.4,data; logger,CANDIDATE_ONLY_MANUAL_REVIEW_REQUIRED,Similarity does not establish duplication; preserve both original entries
P0439,441,1 KHz Synchronous Detector using AVR microcontroller,P1198,1200,0-99 Counter using AVR Microcontroller,0.7179,0.3333,avr; microcontroller,CANDIDATE_ONLY_MANUAL_REVIEW_REQUIRED,Similarity does not establish duplication; preserve both original entries
P0041,43,Scientific Calculator using AVR Microcontroller,P0429,431,Frequency counter using AVR microcontroller,0.7179,0.3333,avr; microcontroller,CANDIDATE_ONLY_MANUAL_REVIEW_REQUIRED,Similarity does not establish duplication; preserve both original entries
P0066,68,Digital Melody player using atmega16 microcontroller,P0324,326,AVR Based CRO using Atmega16 microcontroller,0.7179,0.3333,atmega16; microcontroller,CANDIDATE_ONLY_MANUAL_REVIEW_REQUIRED,Similarity does not establish duplication; preserve both original entries
P0023,25,CNC Update 2 Using atmega32 microcontroller,P1202,1204,Power LED Dimmer using ATmega32 Microcontroller,0.7179,0.2857,atmega32; microcontroller,CANDIDATE_ONLY_MANUAL_REVIEW_REQUIRED,Similarity does not establish duplication; preserve both original entries
P0074,76,AVR GPS Locator using avr microcontroller,P0238,240,Arduino XMAS hitcounter using AVR microcontroller,0.7179,0.2857,avr; microcontroller,CANDIDATE_ONLY_MANUAL_REVIEW_REQUIRED,Similarity does not establish duplication; preserve both original entries
P0077,79,LCD Thermometer TCN77 Using AVR Microcontroller,P0417,419,LCD Car Accelerometer using microcontroller,0.7179,0.2857,lcd; microcontroller,CANDIDATE_ONLY_MANUAL_REVIEW_REQUIRED,Similarity does not establish duplication; preserve both original entries
P0541,543,LED Matrix Display using TD62783 microcontroller,P1311,1313,Token number display system using microcontroller,0.7179,0.2857,display; microcontroller,CANDIDATE_ONLY_MANUAL_REVIEW_REQUIRED,Similarity does not establish duplication; preserve both original entries
P1081,1083,How to interface RFID with AVR microcontroller (ATmega16),P1855,1857,GPS module (uBlox Neo 6M) Interfacing with AVR Microcontroller Atmega16/32,0.7179,0.2727,atmega16; avr; microcontroller,CANDIDATE_ONLY_MANUAL_REVIEW_REQUIRED,Similarity does not establish duplication; preserve both original entries
P0077,79,LCD Thermometer TCN77 Using AVR Microcontroller,P0333,335,93C66 EEPROM chip with an AVR microcontroller,0.7179,0.25,avr; microcontroller,CANDIDATE_ONLY_MANUAL_REVIEW_REQUIRED,Similarity does not establish duplication; preserve both original entries
P0569,571,AVR LCD menu routine using ATmega8 microcontroller,P0647,649,RSS Reader using ATmega8 microcontroller,0.7179,0.25,atmega8; microcontroller,CANDIDATE_ONLY_MANUAL_REVIEW_REQUIRED,Similarity does not establish duplication; preserve both original entries
P0929,931,3D Paint Using Atmega644,P0943,945,Ear Trainer Using Atmega644,0.7179,0.25,atmega644,CANDIDATE_ONLY_MANUAL_REVIEW_REQUIRED,Similarity does not establish duplication; preserve both original entries
P0363,365,"AvrX, Real Time Kernel using AVR microcontroller",P0377,379,AVR Code Debugger using AVR microcontroller,0.7179,0.25,avr; microcontroller,CANDIDATE_ONLY_MANUAL_REVIEW_REQUIRED,Similarity does not establish duplication; preserve both original entries
P0846,848,ROBOT ARM Using Atmega32,P1473,1475,RTTTL Player for the ATmega32,0.7179,0.2,atmega32,CANDIDATE_ONLY_MANUAL_REVIEW_REQUIRED,Similarity does not establish duplication; preserve both original entries
P0313,315,Dimmer using ATTiny2313 microcontroller,P0431,433,PC Temperature Meter using ATtiny15 microcontroller,0.7179,0.1667,microcontroller,CANDIDATE_ONLY_MANUAL_REVIEW_REQUIRED,Similarity does not establish duplication; preserve both original entries
P0200,202,The Household Informer using atmega168 microcontroller,P0539,541,AvrPhone using ATmega128 microcontroller,0.7179,0.1667,microcontroller,CANDIDATE_ONLY_MANUAL_REVIEW_REQUIRED,Similarity does not establish duplication; preserve both original entries
P0141,143,Stripboard Arduino using ATMega168 microcontroller,P0316,318,Programmer using ATMEGA8 microcontroller,0.7179,0.1667,microcontroller,CANDIDATE_ONLY_MANUAL_REVIEW_REQUIRED,Similarity does not establish duplication; preserve both original entries
P0616,618,The WhereAVR using ATmega8 microcontroller,P2057,2059,An In-Depth Review of the ATmega168PB Microcontroller Project,0.7179,0.1667,microcontroller,CANDIDATE_ONLY_MANUAL_REVIEW_REQUIRED,Similarity does not establish duplication; preserve both original entries
P0324,326,AVR Based CRO using Atmega16 microcontroller,P0576,578,RFID Checkout System Design using ATmega644 microcontroller,0.7179,0.1429,microcontroller,CANDIDATE_ONLY_MANUAL_REVIEW_REQUIRED,Similarity does not establish duplication; preserve both original entries
P0400,402,Digital Stop Watch with ATmega8 using microcontroller,P1186,1188,Alarm Clock using ATmega32 Microcontroller,0.7179,0.1429,microcontroller,CANDIDATE_ONLY_MANUAL_REVIEW_REQUIRED,Similarity does not establish duplication; preserve both original entries
P0322,324,Easy Breadboarding using ATMega microcontroller,P0581,583,Wall of Pong using ATmega32 microcontroller,0.7179,0.1429,microcontroller,CANDIDATE_ONLY_MANUAL_REVIEW_REQUIRED,Similarity does not establish duplication; preserve both original entries
P0493,495,HF AC Millivoltmeter Adapter using microcontroller,P1322,1324,Volt-Amp meter using AVR microcontroller,0.7179,0.1429,microcontroller,CANDIDATE_ONLY_MANUAL_REVIEW_REQUIRED,Similarity does not establish duplication; preserve both original entries
P0544,546,MP3 Player using ATMega128 microcontroller,P1323,1325,Digital Clock using AVR Atmega16 Microcontroller,0.7179,0.1429,microcontroller,CANDIDATE_ONLY_MANUAL_REVIEW_REQUIRED,Similarity does not establish duplication; preserve both original entries
P0323,325,Dotmatrix using ATtiny2313 microcontroller,P0541,543,LED Matrix Display using TD62783 microcontroller,0.7179,0.1429,microcontroller,CANDIDATE_ONLY_MANUAL_REVIEW_REQUIRED,Similarity does not establish duplication; preserve both original entries
P0141,143,Stripboard Arduino using ATMega168 microcontroller,P0647,649,RSS Reader using ATmega8 microcontroller,0.7179,0.1429,microcontroller,CANDIDATE_ONLY_MANUAL_REVIEW_REQUIRED,Similarity does not establish duplication; preserve both original entries
P0324,326,AVR Based CRO using Atmega16 microcontroller,P2057,2059,An In-Depth Review of the ATmega168PB Microcontroller Project,0.7179,0.1429,microcontroller,CANDIDATE_ONLY_MANUAL_REVIEW_REQUIRED,Similarity does not establish duplication; preserve both original entries
P0266,268,Arduino FTDI Header using ATmega8 microcontroller,P0613,615,etherrape using ATmega644 microcontroller,0.7179,0.1429,microcontroller,CANDIDATE_ONLY_MANUAL_REVIEW_REQUIRED,Similarity does not establish duplication; preserve both original entries
P0586,588,Air-Mouse using ATmega32 microcontroller,P1981,1983,Simple Standalone ATMega328p Microcontroller,0.7179,0.1429,microcontroller,CANDIDATE_ONLY_MANUAL_REVIEW_REQUIRED,Similarity does not establish duplication; preserve both original entries
P0344,346,AVR Based Operating System using ATMega32 microcontroller,P1190,1192,Anti-Theft Alert System using ATmega8 Microcontroller,0.7179,0.125,microcontroller,CANDIDATE_ONLY_MANUAL_REVIEW_REQUIRED,Similarity does not establish duplication; preserve both original entries
P0269,271,3 Easy Holiday Gifts using ATTiny microcontroller,P0642,644,USB Sensors with ATtiny Microcontrollers,0.7179,0.125,attiny,CANDIDATE_ONLY_MANUAL_REVIEW_REQUIRED,Similarity does not establish duplication; preserve both original entries
P0072,74,LCD Message Display Using AT Mega8 microcontroller,P0647,649,RSS Reader using ATmega8 microcontroller,0.7179,0.125,microcontroller,CANDIDATE_ONLY_MANUAL_REVIEW_REQUIRED,Similarity does not establish duplication; preserve both original entries
P1183,1185,8×8 LED Matrix Interfacing with AVR Microcontroller,P1310,1312,16×2 LCD interface with microcontroller,0.7179,0.125,microcontroller,CANDIDATE_ONLY_MANUAL_REVIEW_REQUIRED,Similarity does not establish duplication; preserve both original entries
P0354,356,AVR Switch Timer using ATmega8 Microcontroller,P0584,586,RFID security system using ATmega32 microcontroller,0.7179,0.125,microcontroller,CANDIDATE_ONLY_MANUAL_REVIEW_REQUIRED,Similarity does not establish duplication; preserve both original entries
P0647,649,RSS Reader using ATmega8 microcontroller,P0690,692,Sheet Music Generator using Mega32 Microcontroller,0.7179,0.125,microcontroller,CANDIDATE_ONLY_MANUAL_REVIEW_REQUIRED,Similarity does not establish duplication; preserve both original entries
P0046,48,Box with a Music Lock using ATMega328P Microcontroller,P1204,1206,LED Blinking with ATmega32 Microcontroller,0.7179,0.125,microcontroller,CANDIDATE_ONLY_MANUAL_REVIEW_REQUIRED,Similarity does not establish duplication; preserve both original entries
P0046,48,Box with a Music Lock using ATMega328P Microcontroller,P0581,583,Wall of Pong using ATmega32 microcontroller,0.7179,0.125,microcontroller,CANDIDATE_ONLY_MANUAL_REVIEW_REQUIRED,Similarity does not establish duplication; preserve both original entries
P0271,273,Color Sensor using Atmega16 microcontroller,P1202,1204,Power LED Dimmer using ATmega32 Microcontroller,0.7179,0.125,microcontroller,CANDIDATE_ONLY_MANUAL_REVIEW_REQUIRED,Similarity does not establish duplication; preserve both original entries
P1214,1216,How to interface RFID with AVR ATmega32 microcontroller,P2025,2027,RFID based security system using AVR ATmega32 microcontroller,0.7174,0.5714,atmega32; avr; microcontroller; rfid,CANDIDATE_ONLY_MANUAL_REVIEW_REQUIRED,Similarity does not establish duplication; preserve both original entries
P1214,1216,How to interface RFID with AVR ATmega32 microcontroller,P1237,1239,RFID based security system using AVR ATmega32 microcontroller,0.7174,0.5714,atmega32; avr; microcontroller; rfid,CANDIDATE_ONLY_MANUAL_REVIEW_REQUIRED,Similarity does not establish duplication; preserve both original entries
P1214,1216,How to interface RFID with AVR ATmega32 microcontroller,P2047,2049,RFID-Based Security System with AVR ATmega32 Microcontroller,0.7174,0.5714,atmega32; avr; microcontroller; rfid,CANDIDATE_ONLY_MANUAL_REVIEW_REQUIRED,Similarity does not establish duplication; preserve both original entries
P0373,375,AVR Security Keypad Lock using ATtiny2313 microcontroller,P0572,574,AVR Programmer using ATTINY2313 microcontroller,0.7174,0.4286,attiny2313; avr; microcontroller,CANDIDATE_ONLY_MANUAL_REVIEW_REQUIRED,Similarity does not establish duplication; preserve both original entries
P0063,65,Simple calculator using avr microcontroller Atmega16,P1863,1865,How to use ADC in AVR Microcontroller ATmega16,0.7174,0.375,atmega16; avr; microcontroller,CANDIDATE_ONLY_MANUAL_REVIEW_REQUIRED,Similarity does not establish duplication; preserve both original entries
P0418,420,Atmel avr usb programmer using ATMEGA8 microcontroller,P0569,571,AVR LCD menu routine using ATmega8 microcontroller,0.7174,0.3333,atmega8; avr; microcontroller,CANDIDATE_ONLY_MANUAL_REVIEW_REQUIRED,Similarity does not establish duplication; preserve both original entries
P0081,83,Multipattern Running light using ATtiny2313 microcontroller,P0602,604,The Game of Life using ATtiny2313 microcontroller,0.7174,0.2857,attiny2313; microcontroller,CANDIDATE_ONLY_MANUAL_REVIEW_REQUIRED,Similarity does not establish duplication; preserve both original entries
P0008,10,Generating AUDIO ECHO using Atmega32 microcontroller,P1991,1993,4×4 Keypad Interfacing with ATmega32 Microcontroller,0.7174,0.2857,atmega32; microcontroller,CANDIDATE_ONLY_MANUAL_REVIEW_REQUIRED,Similarity does not establish duplication; preserve both original entries
P2020,2022,Building a Basic Calculator using ATmega32 Microcontroller,P2047,2049,RFID-Based Security System with AVR ATmega32 Microcontroller,0.7174,0.25,atmega32; microcontroller,CANDIDATE_ONLY_MANUAL_REVIEW_REQUIRED,Similarity does not establish duplication; preserve both original entries
P2020,2022,Building a Basic Calculator using ATmega32 Microcontroller,P2025,2027,RFID based security system using AVR ATmega32 microcontroller,0.7174,0.25,atmega32; microcontroller,CANDIDATE_ONLY_MANUAL_REVIEW_REQUIRED,Similarity does not establish duplication; preserve both original entries
P0200,202,The Household Informer using atmega168 microcontroller,P0385,387,AVR Power Usage Logger using ATmega168 microcontroller,0.7174,0.25,atmega168; microcontroller,CANDIDATE_ONLY_MANUAL_REVIEW_REQUIRED,Similarity does not establish duplication; preserve both original entries
P1237,1239,RFID based security system using AVR ATmega32 microcontroller,P2020,2022,Building a Basic Calculator using ATmega32 Microcontroller,0.7174,0.25,atmega32; microcontroller,CANDIDATE_ONLY_MANUAL_REVIEW_REQUIRED,Similarity does not establish duplication; preserve both original entries
P0271,273,Color Sensor using Atmega16 microcontroller,P0556,558,Multichannel USB Analog Sensor using ATMega48 Microcontroller,0.7174,0.25,microcontroller; sensor,CANDIDATE_ONLY_MANUAL_REVIEW_REQUIRED,Similarity does not establish duplication; preserve both original entries
P0408,410,RCEN fuse programmer using AT90S1200A microcontroller,P0412,414,USB AVR programmer using ATtiny2313 microcontroller,0.7174,0.25,microcontroller; programmer,CANDIDATE_ONLY_MANUAL_REVIEW_REQUIRED,Similarity does not establish duplication; preserve both original entries
P0369,371,Mini Logic Analyzer using ATmega8 microcontroller,P0550,552,Making a USB based AVR Programmer using ATMEGA8 Microcontroller,0.7174,0.2222,atmega8; microcontroller,CANDIDATE_ONLY_MANUAL_REVIEW_REQUIRED,Similarity does not establish duplication; preserve both original entries
P0288,290,Tetris and Snake with one AVR using Atmega168 microcontroller,P1237,1239,RFID based security system using AVR ATmega32 microcontroller,0.7174,0.2222,avr; microcontroller,CANDIDATE_ONLY_MANUAL_REVIEW_REQUIRED,Similarity does not establish duplication; preserve both original entries
P0288,290,Tetris and Snake with one AVR using Atmega168 microcontroller,P2025,2027,RFID based security system using AVR ATmega32 microcontroller,0.7174,0.2222,avr; microcontroller,CANDIDATE_ONLY_MANUAL_REVIEW_REQUIRED,Similarity does not establish duplication; preserve both original entries
P0208,210,The Word Clock – Arduino version using ATMega168 microcontroller,P0426,428,Nixie Clock with AVR using ATmega48 microcontroller,0.7174,0.2222,clock; microcontroller,CANDIDATE_ONLY_MANUAL_REVIEW_REQUIRED,Similarity does not establish duplication; preserve both original entries
P0288,290,Tetris and Snake with one AVR using Atmega168 microcontroller,P2047,2049,RFID-Based Security System with AVR ATmega32 Microcontroller,0.7174,0.2222,avr; microcontroller,CANDIDATE_ONLY_MANUAL_REVIEW_REQUIRED,Similarity does not establish duplication; preserve both original entries
P0190,192,Fun Hackable Speaker Timer using ATMega328 microcontroller,P0354,356,AVR Switch Timer using ATmega8 Microcontroller,0.7174,0.2222,microcontroller; timer,CANDIDATE_ONLY_MANUAL_REVIEW_REQUIRED,Similarity does not establish duplication; preserve both original entries
P0046,48,Box with a Music Lock using ATMega328P Microcontroller,P0258,260,Music Playing Alarm Clock using ATmega644 microcontroller,0.7174,0.2222,microcontroller; music,CANDIDATE_ONLY_MANUAL_REVIEW_REQUIRED,Similarity does not establish duplication; preserve both original entries
P0088,90,Temperature Indicator Using attiny2313 micrcontroller,P0295,297,Experimental board using ATTiny2313 microcontroller,0.7174,0.1429,attiny2313,CANDIDATE_ONLY_MANUAL_REVIEW_REQUIRED,Similarity does not establish duplication; preserve both original entries
P0163,165,Development system for PIC and AVR microcontrollers,P1194,1196,Distance Measurement using HC-SR04 and AVR Microcontroller,0.7174,0.1429,avr,CANDIDATE_ONLY_MANUAL_REVIEW_REQUIRED,Similarity does not establish duplication; preserve both original entries
P0330,332,Helianthus: The Solar Tracking System using ATmega16 microcontroller,P0605,607,Sensor Interfacing using ATmega8 microcontroller,0.7174,0.125,microcontroller,CANDIDATE_ONLY_MANUAL_REVIEW_REQUIRED,Similarity does not establish duplication; preserve both original entries
P1323,1325,Digital Clock using AVR Atmega16 Microcontroller,P2020,2022,Building a Basic Calculator using ATmega32 Microcontroller,0.7174,0.125,microcontroller,CANDIDATE_ONLY_MANUAL_REVIEW_REQUIRED,Similarity does not establish duplication; preserve both original entries
P0577,579,The Self-Driving Toy Car using ATmega1284 microcontroller,P1287,1289,Interfacing DC Motor with Atmega32 Microcontroller,0.7174,0.1111,microcontroller,CANDIDATE_ONLY_MANUAL_REVIEW_REQUIRED,Similarity does not establish duplication; preserve both original entries
P0270,272,Ambient Light Gift Badge using ATTiny13 microcontroller,P0327,329,6 LED Knight Rider using ATtiny22 microcontroller,0.7174,0.1,microcontroller,CANDIDATE_ONLY_MANUAL_REVIEW_REQUIRED,Similarity does not establish duplication; preserve both original entries
P0059,61,LED wind indicator Using atmega8 Microcontroller,P0288,290,Tetris and Snake with one AVR using Atmega168 microcontroller,0.7174,0.1,microcontroller,CANDIDATE_ONLY_MANUAL_REVIEW_REQUIRED,Similarity does not establish duplication; preserve both original entries
P0134,136,Led dimmer 2 channels using Attiny13 microcontroller,P0442,444,EEPROM Driver for AVR with RAM using ATtiny15 microcontroller,0.7174,0.1,microcontroller,CANDIDATE_ONLY_MANUAL_REVIEW_REQUIRED,Similarity does not establish duplication; preserve both original entries
P0360,362,"TinyRealTime, Small Real Time Kernel for AVR using atmega644 microcontroller",P0363,365,"AvrX, Real Time Kernel using AVR microcontroller",0.717,0.5556,avr; kernel; microcontroller; real; time,CANDIDATE_ONLY_MANUAL_REVIEW_REQUIRED,Similarity does not establish duplication; preserve both original entries
P0208,210,The Word Clock – Arduino version using ATMega168 microcontroller,P0224,226,Arduino Powered Binary Clock using ATmega168 microcontroller,0.717,0.5,arduino; atmega168; clock; microcontroller,CANDIDATE_ONLY_MANUAL_REVIEW_REQUIRED,Similarity does not establish duplication; preserve both original entries
P1915,1917,ECE 4760 Final Project: Rapid Circuit Prototyping,P1942,1944,ECE 4760 Final Project Report,0.717,0.5,4760; ece; final,CANDIDATE_ONLY_MANUAL_REVIEW_REQUIRED,Similarity does not establish duplication; preserve both original entries
P1764,1766,Linkit ONE: Flame Sensor,P1768,1770,Linkit One Motion Sensor Prank,0.717,0.5,linkit; one; sensor,CANDIDATE_ONLY_MANUAL_REVIEW_REQUIRED,Similarity does not establish duplication; preserve both original entries
P0392,394,PC Controlled Robot using ATmega32,P0843,845,TriWheeler robot Using Atmega32,0.717,0.5,atmega32; robot,CANDIDATE_ONLY_MANUAL_REVIEW_REQUIRED,Similarity does not establish duplication; preserve both original entries
P1068,1070,How to interface keypad with AVR microcontroller (ATmega16),P1076,1078,How to interface LCD in 4 bit mode with AVR microcontroller,0.717,0.4444,avr; how; interface; microcontroller,CANDIDATE_ONLY_MANUAL_REVIEW_REQUIRED,Similarity does not establish duplication; preserve both original entries
P0892,894,Digital Receipts System Using Atmega644,P0979,981,Digital Saxophone Using Atmega644,0.717,0.3333,atmega644,CANDIDATE_ONLY_MANUAL_REVIEW_REQUIRED,Similarity does not establish duplication; preserve both original entries
P0065,67,Stepper motor Control with Atmega16,P1211,1213,Servo motor control using AVR,0.717,0.2,motor,CANDIDATE_ONLY_MANUAL_REVIEW_REQUIRED,Similarity does not establish duplication; preserve both original entries
P0318,320,Power usage monitor using Atmel AVR using Atmega168 microcontroller,P1398,1400,Servo Motor Control by Using AVR ATmega32 Microcontroller,0.717,0.2,avr; microcontroller,CANDIDATE_ONLY_MANUAL_REVIEW_REQUIRED,Similarity does not establish duplication; preserve both original entries
P1393,1395,Minimal Arduino with ATmega8,P1962,1964,Stand Alone Arduino ATmega328p,0.717,0.1667,arduino,CANDIDATE_ONLY_MANUAL_REVIEW_REQUIRED,Similarity does not establish duplication; preserve both original entries
P0384,386,Energy Monitoring Transmitter using Atmega328 microcontroller,P1398,1400,Servo Motor Control by Using AVR ATmega32 Microcontroller,0.717,0.1111,microcontroller,CANDIDATE_ONLY_MANUAL_REVIEW_REQUIRED,Similarity does not establish duplication; preserve both original entries
P0398,400,Remote Controlled Fan Regulator using ATmega8 microcontroller,P1398,1400,Servo Motor Control by Using AVR ATmega32 Microcontroller,0.717,0.1,microcontroller,CANDIDATE_ONLY_MANUAL_REVIEW_REQUIRED,Similarity does not establish duplication; preserve both original entries
P0208,210,The Word Clock – Arduino version using ATMega168 microcontroller,P0250,252,How to program a AVR (arduino) with another arduino using atmega168 microcontroller,0.7167,0.3,arduino; atmega168; microcontroller,CANDIDATE_ONLY_MANUAL_REVIEW_REQUIRED,Similarity does not establish duplication; preserve both original entries
P0705,707,Space Fighter Video Game Using ATMega32,P0853,855,3D Maze in a Box video game Using Atmega32,0.7164,0.4286,atmega32; game; video,CANDIDATE_ONLY_MANUAL_REVIEW_REQUIRED,Similarity does not establish duplication; preserve both original entries
P0074,76,AVR GPS Locator using avr microcontroller,P0324,326,AVR Based CRO using Atmega16 microcontroller,0.7164,0.3333,avr; microcontroller,CANDIDATE_ONLY_MANUAL_REVIEW_REQUIRED,Similarity does not establish duplication; preserve both original entries
P0918,920,Gesture Based Touchpad Security System Using Atmega644,P1020,1022,Gesture Based Security Lock Using Atmega1284,0.7164,0.3333,gesture; security,CANDIDATE_ONLY_MANUAL_REVIEW_REQUIRED,Similarity does not establish duplication; preserve both original entries
P0377,379,AVR Code Debugger using AVR microcontroller,P1187,1189,Fire Alarm System using AVR Microcontroller,0.7164,0.3333,avr; microcontroller,CANDIDATE_ONLY_MANUAL_REVIEW_REQUIRED,Similarity does not establish duplication; preserve both original entries
P0310,312,LC Meter using AVR microcontroller,P0415,417,VGA Monitor adaptor using AVR microcontroller,0.7164,0.3333,avr; microcontroller,CANDIDATE_ONLY_MANUAL_REVIEW_REQUIRED,Similarity does not establish duplication; preserve both original entries
P0074,76,AVR GPS Locator using avr microcontroller,P0309,311,Power Supply using AVR microcontroller,0.7164,0.3333,avr; microcontroller,CANDIDATE_ONLY_MANUAL_REVIEW_REQUIRED,Similarity does not establish duplication; preserve both original entries
P0433,435,Capacitance Meter using AVR microcontroller,P1187,1189,Fire Alarm System using AVR Microcontroller,0.7164,0.3333,avr; microcontroller,CANDIDATE_ONLY_MANUAL_REVIEW_REQUIRED,Similarity does not establish duplication; preserve both original entries
P0309,311,Power Supply using AVR microcontroller,P0465,467,Ponyprog Circuit for ATMEL’S AVR using microcontroller,0.7164,0.3333,avr; microcontroller,CANDIDATE_ONLY_MANUAL_REVIEW_REQUIRED,Similarity does not establish duplication; preserve both original entries
P0324,326,AVR Based CRO using Atmega16 microcontroller,P0465,467,Ponyprog Circuit for ATMEL’S AVR using microcontroller,0.7164,0.3333,avr; microcontroller,CANDIDATE_ONLY_MANUAL_REVIEW_REQUIRED,Similarity does not establish duplication; preserve both original entries
P1637,1639,Getting Started With Atmel AVR and BASCOM,P1908,1910,Getting Started with TinyOS and nesC,0.7164,0.2857,getting; started,CANDIDATE_ONLY_MANUAL_REVIEW_REQUIRED,Similarity does not establish duplication; preserve both original entries
P0731,733,Missle Command video game using Atmega32,P0743,745,The Contender video game using Atmel Mega32,0.7164,0.25,game; video,CANDIDATE_ONLY_MANUAL_REVIEW_REQUIRED,Similarity does not establish duplication; preserve both original entries
P1380,1382,An AVR microcontroller based Ethernet device,P1998,2000,Microcontroller Based Interface Design,0.7164,0.2,microcontroller,CANDIDATE_ONLY_MANUAL_REVIEW_REQUIRED,Similarity does not establish duplication; preserve both original entries
P1869,1871,ATMEGA328P Microcontroller,P2063,2065,The ATmega1280: An Advanced 8-Bit Microcontroller,0.7164,0.2,microcontroller,CANDIDATE_ONLY_MANUAL_REVIEW_REQUIRED,Similarity does not establish duplication; preserve both original entries
P0480,482,RF Inductance Meter using microcontroller,P0779,781,Flat Bed Scanner Using Microcontroller,0.7164,0.1667,microcontroller,CANDIDATE_ONLY_MANUAL_REVIEW_REQUIRED,Similarity does not establish duplication; preserve both original entries
P1202,1204,Power LED Dimmer using ATmega32 Microcontroller,P1869,1871,ATMEGA328P Microcontroller,0.7164,0.1667,microcontroller,CANDIDATE_ONLY_MANUAL_REVIEW_REQUIRED,Similarity does not establish duplication; preserve both original entries
P0458,460,LC Resonant Frequency Meter using AVR microcontroller,P1322,1324,Volt-Amp meter using AVR microcontroller,0.716,0.4286,avr; meter; microcontroller,CANDIDATE_ONLY_MANUAL_REVIEW_REQUIRED,Similarity does not establish duplication; preserve both original entries
P0576,578,RFID Checkout System Design using ATmega644 microcontroller,P0613,615,etherrape using ATmega644 microcontroller,0.716,0.4,atmega644; microcontroller,CANDIDATE_ONLY_MANUAL_REVIEW_REQUIRED,Similarity does not establish duplication; preserve both original entries
P0295,297,Experimental board using ATTiny2313 microcontroller,P0323,325,Dotmatrix using ATtiny2313 microcontroller,0.716,0.4,attiny2313; microcontroller,CANDIDATE_ONLY_MANUAL_REVIEW_REQUIRED,Similarity does not establish duplication; preserve both original entries
P1636,1638,Cheap STK500 AVR Programmer for Atmel Studio,P1984,1986,Setup External programmer in Atmel Studio,0.716,0.375,atmel; programmer; studio,CANDIDATE_ONLY_MANUAL_REVIEW_REQUIRED,Similarity does not establish duplication; preserve both original entries
P1636,1638,Cheap STK500 AVR Programmer for Atmel Studio,P1987,1989,Setup External programmer in Atmel Studio,0.716,0.375,atmel; programmer; studio,CANDIDATE_ONLY_MANUAL_REVIEW_REQUIRED,Similarity does not establish duplication; preserve both original entries
P0040,42,Traffic light controller using avr microcontroller,P0429,431,Frequency counter using AVR microcontroller,0.716,0.3333,avr; microcontroller,CANDIDATE_ONLY_MANUAL_REVIEW_REQUIRED,Similarity does not establish duplication; preserve both original entries
P0300,302,VGA monitor tester using ATTiny2313 microcontroller,P0323,325,Dotmatrix using ATtiny2313 microcontroller,0.716,0.3333,attiny2313; microcontroller,CANDIDATE_ONLY_MANUAL_REVIEW_REQUIRED,Similarity does not establish duplication; preserve both original entries
P0459,461,Digital Telemetry using ATMega8 microcontroller,P1190,1192,Anti-Theft Alert System using ATmega8 Microcontroller,0.716,0.3333,atmega8; microcontroller,CANDIDATE_ONLY_MANUAL_REVIEW_REQUIRED,Similarity does not establish duplication; preserve both original entries
P0077,79,LCD Thermometer TCN77 Using AVR Microcontroller,P0499,501,Simple LM335 Thermometer using microcontroller,0.716,0.2857,microcontroller; thermometer,CANDIDATE_ONLY_MANUAL_REVIEW_REQUIRED,Similarity does not establish duplication; preserve both original entries
P0319,321,Kitchen Timer using ATTiny2313 microcontroller,P0551,553,LED Dog Collar using ATTINY2313 Microcontroller,0.716,0.2857,attiny2313; microcontroller,CANDIDATE_ONLY_MANUAL_REVIEW_REQUIRED,Similarity does not establish duplication; preserve both original entries
P1204,1206,LED Blinking with ATmega32 Microcontroller,P1951,1953,The LED Chasing Effect Project using Atmel AVR Microcontroller,0.716,0.25,led; microcontroller,CANDIDATE_ONLY_MANUAL_REVIEW_REQUIRED,Similarity does not establish duplication; preserve both original entries
P0324,326,AVR Based CRO using Atmega16 microcontroller,P0550,552,Making a USB based AVR Programmer using ATMEGA8 Microcontroller,0.716,0.25,avr; microcontroller,CANDIDATE_ONLY_MANUAL_REVIEW_REQUIRED,Similarity does not establish duplication; preserve both original entries
P0325,327,PCM Audio Based Door Bell using Atmega32 microcontroller,P1204,1206,LED Blinking with ATmega32 Microcontroller,0.716,0.25,atmega32; microcontroller,CANDIDATE_ONLY_MANUAL_REVIEW_REQUIRED,Similarity does not establish duplication; preserve both original entries
P0613,615,etherrape using ATmega644 microcontroller,P2057,2059,An In-Depth Review of the ATmega168PB Microcontroller Project,0.716,0.1667,microcontroller,CANDIDATE_ONLY_MANUAL_REVIEW_REQUIRED,Similarity does not establish duplication; preserve both original entries
P0323,325,Dotmatrix using ATtiny2313 microcontroller,P0431,433,PC Temperature Meter using ATtiny15 microcontroller,0.716,0.1667,microcontroller,CANDIDATE_ONLY_MANUAL_REVIEW_REQUIRED,Similarity does not establish duplication; preserve both original entries
P0082,84,Bluetooth Based Smart Home using atmega8 microcontroller,P0604,606,The Prototino™ using ATmega168 microcontroller,0.716,0.1667,microcontroller,CANDIDATE_ONLY_MANUAL_REVIEW_REQUIRED,Similarity does not establish duplication; preserve both original entries
P0319,321,Kitchen Timer using ATTiny2313 microcontroller,P0588,590,AVR Thermometer using AT90S2313 microcontroller,0.716,0.1429,microcontroller,CANDIDATE_ONLY_MANUAL_REVIEW_REQUIRED,Similarity does not establish duplication; preserve both original entries
P0484,486,Analog audio panel for PC using ATMega328 microcontroller,P0539,541,AvrPhone using ATmega128 microcontroller,0.716,0.1429,microcontroller,CANDIDATE_ONLY_MANUAL_REVIEW_REQUIRED,Similarity does not establish duplication; preserve both original entries
P0544,546,MP3 Player using ATMega128 microcontroller,P0593,595,Minimalist Arduino using ATMega328P microcontroller,0.716,0.1429,microcontroller,CANDIDATE_ONLY_MANUAL_REVIEW_REQUIRED,Similarity does not establish duplication; preserve both original entries
P0581,583,Wall of Pong using ATmega32 microcontroller,P1981,1983,Simple Standalone ATMega328p Microcontroller,0.716,0.1429,microcontroller,CANDIDATE_ONLY_MANUAL_REVIEW_REQUIRED,Similarity does not establish duplication; preserve both original entries
P0023,25,CNC Update 2 Using atmega32 microcontroller,P1981,1983,Simple Standalone ATMega328p Microcontroller,0.716,0.1429,microcontroller,CANDIDATE_ONLY_MANUAL_REVIEW_REQUIRED,Similarity does not establish duplication; preserve both original entries
P0141,143,Stripboard Arduino using ATMega168 microcontroller,P0379,381,Ear Trainer using ATMega644 microcontroller,0.716,0.1429,microcontroller,CANDIDATE_ONLY_MANUAL_REVIEW_REQUIRED,Similarity does not establish duplication; preserve both original entries
P0431,433,PC Temperature Meter using ATtiny15 microcontroller,P0546,548,LED Menorah using ATtiny13 microcontroller,0.716,0.1429,microcontroller,CANDIDATE_ONLY_MANUAL_REVIEW_REQUIRED,Similarity does not establish duplication; preserve both original entries
P0459,461,Digital Telemetry using ATMega8 microcontroller,P2052,2054,DIY 3D LED Cube Using ATmega32 Microcontroller,0.716,0.1429,microcontroller,CANDIDATE_ONLY_MANUAL_REVIEW_REQUIRED,Similarity does not establish duplication; preserve both original entries
P0426,428,Nixie Clock with AVR using ATmega48 microcontroller,P0459,461,Digital Telemetry using ATMega8 microcontroller,0.716,0.1429,microcontroller,CANDIDATE_ONLY_MANUAL_REVIEW_REQUIRED,Similarity does not establish duplication; preserve both original entries
P0418,420,Atmel avr usb programmer using ATMEGA8 microcontroller,P0617,619,HVProg using ATmega8535 microcontroller,0.716,0.125,microcontroller,CANDIDATE_ONLY_MANUAL_REVIEW_REQUIRED,Similarity does not establish duplication; preserve both original entries
P0385,387,AVR Power Usage Logger using ATmega168 microcontroller,P0609,611,Evertool using ATmega16 microcontroller,0.716,0.125,microcontroller,CANDIDATE_ONLY_MANUAL_REVIEW_REQUIRED,Similarity does not establish duplication; preserve both original entries
P0569,571,AVR LCD menu routine using ATmega8 microcontroller,P0604,606,The Prototino™ using ATmega168 microcontroller,0.716,0.125,microcontroller,CANDIDATE_ONLY_MANUAL_REVIEW_REQUIRED,Similarity does not establish duplication; preserve both original entries
P0484,486,Analog audio panel for PC using ATMega328 microcontroller,P0586,588,Air-Mouse using ATmega32 microcontroller,0.716,0.125,microcontroller,CANDIDATE_ONLY_MANUAL_REVIEW_REQUIRED,Similarity does not establish duplication; preserve both original entries
P0322,324,Easy Breadboarding using ATMega microcontroller,P0446,448,Atmel Test Card using ATmega32 microcontroller,0.716,0.125,microcontroller,CANDIDATE_ONLY_MANUAL_REVIEW_REQUIRED,Similarity does not establish duplication; preserve both original entries
P0087,89,Stepper motor Driver Using AT2313 microcontroller,P0314,316,Door Opener using ATTiny2313 microcontroller,0.716,0.125,microcontroller,CANDIDATE_ONLY_MANUAL_REVIEW_REQUIRED,Similarity does not establish duplication; preserve both original entries
P0412,414,USB AVR programmer using ATtiny2313 microcontroller,P0546,548,LED Menorah using ATtiny13 microcontroller,0.716,0.125,microcontroller,CANDIDATE_ONLY_MANUAL_REVIEW_REQUIRED,Similarity does not establish duplication; preserve both original entries
P0354,356,AVR Switch Timer using ATmega8 Microcontroller,P1202,1204,Power LED Dimmer using ATmega32 Microcontroller,0.716,0.1111,microcontroller,CANDIDATE_ONLY_MANUAL_REVIEW_REQUIRED,Similarity does not establish duplication; preserve both original entries
P0046,48,Box with a Music Lock using ATMega328P Microcontroller,P2052,2054,DIY 3D LED Cube Using ATmega32 Microcontroller,0.716,0.1111,microcontroller,CANDIDATE_ONLY_MANUAL_REVIEW_REQUIRED,Similarity does not establish duplication; preserve both original entries
P0325,327,PCM Audio Based Door Bell using Atmega32 microcontroller,P0615,617,Video Overlay using ATmega8 microcontroller,0.716,0.1111,microcontroller,CANDIDATE_ONLY_MANUAL_REVIEW_REQUIRED,Similarity does not establish duplication; preserve both original entries
P0046,48,Box with a Music Lock using ATMega328P Microcontroller,P0534,536,AVR mod player using ATmega325 microcontroller,0.716,0.1111,microcontroller,CANDIDATE_ONLY_MANUAL_REVIEW_REQUIRED,Similarity does not establish duplication; preserve both original entries
P0271,273,Color Sensor using Atmega16 microcontroller,P0325,327,PCM Audio Based Door Bell using Atmega32 microcontroller,0.716,0.1111,microcontroller,CANDIDATE_ONLY_MANUAL_REVIEW_REQUIRED,Similarity does not establish duplication; preserve both original entries
P0415,417,VGA Monitor adaptor using AVR microcontroller,P0488,490,TRUE RMS-TO-DC Adapter For DVM using microcontroller,0.716,0.1111,microcontroller,CANDIDATE_ONLY_MANUAL_REVIEW_REQUIRED,Similarity does not establish duplication; preserve both original entries
P0023,25,CNC Update 2 Using atmega32 microcontroller,P0569,571,AVR LCD menu routine using ATmega8 microcontroller,0.716,0.1111,microcontroller,CANDIDATE_ONLY_MANUAL_REVIEW_REQUIRED,Similarity does not establish duplication; preserve both original entries
P0317,319,Programmer UsbAsp using AVR microcontroller,P0337,339,Programming AVR ATxMega using USBasp and ATxmega microcontroller,0.7158,0.5,avr; microcontroller; usbasp,CANDIDATE_ONLY_MANUAL_REVIEW_REQUIRED,Similarity does not establish duplication; preserve both original entries
P0063,65,Simple calculator using avr microcontroller Atmega16,P1857,1859,Interfacing DC Motor with AVR Microcontroller Atmega16,0.7158,0.4286,atmega16; avr; microcontroller,CANDIDATE_ONLY_MANUAL_REVIEW_REQUIRED,Similarity does not establish duplication; preserve both original entries
P0343,345,3D Color LED Graphics Display using ATmega32 microcontroller,P1202,1204,Power LED Dimmer using ATmega32 Microcontroller,0.7158,0.375,atmega32; led; microcontroller,CANDIDATE_ONLY_MANUAL_REVIEW_REQUIRED,Similarity does not establish duplication; preserve both original entries
P1287,1289,Interfacing DC Motor with Atmega32 Microcontroller,P1868,1870,Rotary Encoder Interfacing with ATmega8 Microcontroller,0.7158,0.2857,interfacing; microcontroller,CANDIDATE_ONLY_MANUAL_REVIEW_REQUIRED,Similarity does not establish duplication; preserve both original entries
P1183,1185,8×8 LED Matrix Interfacing with AVR Microcontroller,P1868,1870,Rotary Encoder Interfacing with ATmega8 Microcontroller,0.7158,0.25,interfacing; microcontroller,CANDIDATE_ONLY_MANUAL_REVIEW_REQUIRED,Similarity does not establish duplication; preserve both original entries
P0605,607,Sensor Interfacing using ATmega8 microcontroller,P1286,1288,Interfacing LCD with Atmega32 Microcontroller using Atmel Studio,0.7158,0.25,interfacing; microcontroller,CANDIDATE_ONLY_MANUAL_REVIEW_REQUIRED,Similarity does not establish duplication; preserve both original entries
P0368,370,Clever Clapper using ATtiny2313 microcontroller,P0470,472,A Pretty Good LC Meter Based on the AVR using ATTINY2313 Microcontroller,0.7158,0.25,attiny2313; microcontroller,CANDIDATE_ONLY_MANUAL_REVIEW_REQUIRED,Similarity does not establish duplication; preserve both original entries
P0366,368,AVR Based Mobile Phone using AVR ATmega128A microcontroller,P0418,420,Atmel avr usb programmer using ATMEGA8 microcontroller,0.7158,0.2222,avr; microcontroller,CANDIDATE_ONLY_MANUAL_REVIEW_REQUIRED,Similarity does not establish duplication; preserve both original entries
P0208,210,The Word Clock – Arduino version using ATMega168 microcontroller,P0266,268,Arduino FTDI Header using ATmega8 microcontroller,0.7158,0.2222,arduino; microcontroller,CANDIDATE_ONLY_MANUAL_REVIEW_REQUIRED,Similarity does not establish duplication; preserve both original entries
P0234,236,Arduino and Touchpad Tic Tac Toe using microcontroller,P0239,241,Arduino magnetic stripe decoder using microcontroller,0.7158,0.2222,arduino; microcontroller,CANDIDATE_ONLY_MANUAL_REVIEW_REQUIRED,Similarity does not establish duplication; preserve both original entries
P0318,320,Power usage monitor using Atmel AVR using Atmega168 microcontroller,P0354,356,AVR Switch Timer using ATmega8 Microcontroller,0.7158,0.2,avr; microcontroller,CANDIDATE_ONLY_MANUAL_REVIEW_REQUIRED,Similarity does not establish duplication; preserve both original entries
P0245,247,Build Your Own BARBOT using AVR microcontroller,P0287,289,Build an AVR Xmega Prototyping Board using AVR microcontrollers,0.7158,0.2,avr; build,CANDIDATE_ONLY_MANUAL_REVIEW_REQUIRED,Similarity does not establish duplication; preserve both original entries
P0727,729,MIDI DRUM CONTROLLER USING MEGA 32 MICROCONTROLLER,P1398,1400,Servo Motor Control by Using AVR ATmega32 Microcontroller,0.7158,0.125,microcontroller,CANDIDATE_ONLY_MANUAL_REVIEW_REQUIRED,Similarity does not establish duplication; preserve both original entries
P0487,489,MMC/SD/SDHC AVR Interface using ATMega8 microcontroller,P1991,1993,4×4 Keypad Interfacing with ATmega32 Microcontroller,0.7158,0.1111,microcontroller,CANDIDATE_ONLY_MANUAL_REVIEW_REQUIRED,Similarity does not establish duplication; preserve both original entries
P0298,300,AM radio transmission using AVR using Atmega324 microcontroller,P0325,327,PCM Audio Based Door Bell using Atmega32 microcontroller,0.7158,0.1,microcontroller,CANDIDATE_ONLY_MANUAL_REVIEW_REQUIRED,Similarity does not establish duplication; preserve both original entries
P1069,1071,How to interface LED with AVR Microcontroller (ATmega16),P1083,1085,How to interface AVR microcontroller with PC using USART (RS232 protocol),0.7156,0.4444,avr; how; interface; microcontroller,CANDIDATE_ONLY_MANUAL_REVIEW_REQUIRED,Similarity does not establish duplication; preserve both original entries
P1062,1064,How to interface GPS with AVR microcontroller (ATmega16),P1083,1085,How to interface AVR microcontroller with PC using USART (RS232 protocol),0.7156,0.4444,avr; how; interface; microcontroller,CANDIDATE_ONLY_MANUAL_REVIEW_REQUIRED,Similarity does not establish duplication; preserve both original entries
P1068,1070,How to interface keypad with AVR microcontroller (ATmega16),P1079,1081,How to use internal ADC of AVR microcontroller using interrupts,0.7156,0.3,avr; how; microcontroller,CANDIDATE_ONLY_MANUAL_REVIEW_REQUIRED,Similarity does not establish duplication; preserve both original entries
P0139,141,Using Arduino to communicate with embedded project using AVR ATMEGA microcontroller,P1398,1400,Servo Motor Control by Using AVR ATmega32 Microcontroller,0.7156,0.2222,avr; microcontroller,CANDIDATE_ONLY_MANUAL_REVIEW_REQUIRED,Similarity does not establish duplication; preserve both original entries
P0274,276,Wireless Accelerometer Controlled rgb-LED’s using atmega168 microcontroller,P0398,400,Remote Controlled Fan Regulator using ATmega8 microcontroller,0.7154,0.2,controlled; microcontroller,CANDIDATE_ONLY_MANUAL_REVIEW_REQUIRED,Similarity does not establish duplication; preserve both original entries
P0303,305,A multifunction digital meter using Atmega128 microcontroller,P0305,307,Turn your TV into a Digital Voltmeter using Atmel’s AVR 90S1200 microcontroller,0.7154,0.0909,microcontroller,CANDIDATE_ONLY_MANUAL_REVIEW_REQUIRED,Similarity does not establish duplication; preserve both original entries
P0704,706,Frogger Video Game Using Atmel Mega32,P0774,776,MiniGolf video game with putter Using Atmel Mega32,0.7143,0.5714,atmel; game; mega32; video,CANDIDATE_ONLY_MANUAL_REVIEW_REQUIRED,Similarity does not establish duplication; preserve both original entries
P0065,67,Stepper motor Control with Atmega16,P1864,1866,Interfacing Stepper Motor with AVR Microcontroller Atmega16,0.7143,0.5,atmega16; motor; stepper,CANDIDATE_ONLY_MANUAL_REVIEW_REQUIRED,Similarity does not establish duplication; preserve both original entries
P0433,435,Capacitance Meter using AVR microcontroller,P0458,460,LC Resonant Frequency Meter using AVR microcontroller,0.7143,0.5,avr; meter; microcontroller,CANDIDATE_ONLY_MANUAL_REVIEW_REQUIRED,Similarity does not establish duplication; preserve both original entries
P0767,769,Keypaw Using Atmel Mega32,P0810,812,CalcParser Using Atmel Mega32,0.7143,0.5,atmel; mega32,CANDIDATE_ONLY_MANUAL_REVIEW_REQUIRED,Similarity does not establish duplication; preserve both original entries
P1050,1052,MultiFunction LED Game Using An ATmega32 Microcontroller,P1204,1206,LED Blinking with ATmega32 Microcontroller,0.7143,0.5,atmega32; led; microcontroller,CANDIDATE_ONLY_MANUAL_REVIEW_REQUIRED,Similarity does not establish duplication; preserve both original entries
P1313,1315,Bluetooth based home automation,P1420,1422,Bluetooth Home Automation using AVR and Android App,0.7143,0.5,automation; bluetooth; home,CANDIDATE_ONLY_MANUAL_REVIEW_REQUIRED,Similarity does not establish duplication; preserve both original entries
P1068,1070,How to interface keypad with AVR microcontroller (ATmega16),P1075,1077,SPI (serial peripheral interface) using AVR microcontroller (ATmega16),0.7143,0.4444,atmega16; avr; interface; microcontroller,CANDIDATE_ONLY_MANUAL_REVIEW_REQUIRED,Similarity does not establish duplication; preserve both original entries
P0715,717,Voting Machine Using Atmel Mega32,P0792,794,Lighting control system Using ATMEL Mega32,0.7143,0.4,atmel; mega32,CANDIDATE_ONLY_MANUAL_REVIEW_REQUIRED,Similarity does not establish duplication; preserve both original entries
P0326,328,Temperature Sensor Using ATmega8 and display using LCD(16×2),P0561,563,Temperature sensor with time and date display on graphical LCD using Atmega32,0.7143,0.4,display; lcd; sensor; temperature,CANDIDATE_ONLY_MANUAL_REVIEW_REQUIRED,Similarity does not establish duplication; preserve both original entries
P0702,704,Radio Control Car using Mega32,P0719,721,Dual control RC car using Atmel Mega32,0.7143,0.4,car; mega32,CANDIDATE_ONLY_MANUAL_REVIEW_REQUIRED,Similarity does not establish duplication; preserve both original entries
P0141,143,Stripboard Arduino using ATMega168 microcontroller,P0250,252,How to program a AVR (arduino) with another arduino using atmega168 microcontroller,0.7143,0.375,arduino; atmega168; microcontroller,CANDIDATE_ONLY_MANUAL_REVIEW_REQUIRED,Similarity does not establish duplication; preserve both original entries
P0299,301,Digital oscilloscope GLCD using Atmega32 microcontroller,P0586,588,Air-Mouse using ATmega32 microcontroller,0.7143,0.3333,atmega32; microcontroller,CANDIDATE_ONLY_MANUAL_REVIEW_REQUIRED,Similarity does not establish duplication; preserve both original entries
P0804,806,AppleII emulator Using Atmel Mega32,P0815,817,Braille reader using Atmel mega32,0.7143,0.3333,atmel; mega32,CANDIDATE_ONLY_MANUAL_REVIEW_REQUIRED,Similarity does not establish duplication; preserve both original entries
P0295,297,Experimental board using ATTiny2313 microcontroller,P0602,604,The Game of Life using ATtiny2313 microcontroller,0.7143,0.3333,attiny2313; microcontroller,CANDIDATE_ONLY_MANUAL_REVIEW_REQUIRED,Similarity does not establish duplication; preserve both original entries
P1211,1213,Servo motor control using AVR,P1755,1757,DC Motor Controller,0.7143,0.3333,motor,CANDIDATE_ONLY_MANUAL_REVIEW_REQUIRED,Similarity does not establish duplication; preserve both original entries
P1081,1083,How to interface RFID with AVR microcontroller (ATmega16),P1862,1864,Line Follower Robot using AVR Microcontroller ATmega16,0.7143,0.3333,atmega16; avr; microcontroller,CANDIDATE_ONLY_MANUAL_REVIEW_REQUIRED,Similarity does not establish duplication; preserve both original entries
P0288,290,Tetris and Snake with one AVR using Atmega168 microcontroller,P0385,387,AVR Power Usage Logger using ATmega168 microcontroller,0.7143,0.3333,atmega168; avr; microcontroller,CANDIDATE_ONLY_MANUAL_REVIEW_REQUIRED,Similarity does not establish duplication; preserve both original entries
P0931,933,Heat Control System Using Atmega644,P0961,963,Quadcopter Using Atmega644,0.7143,0.3333,atmega644,CANDIDATE_ONLY_MANUAL_REVIEW_REQUIRED,Similarity does not establish duplication; preserve both original entries
P0310,312,LC Meter using AVR microcontroller,P1309,1311,DS1307 RTC Interfacing with AVR microcontroller,0.7143,0.3333,avr; microcontroller,CANDIDATE_ONLY_MANUAL_REVIEW_REQUIRED,Similarity does not establish duplication; preserve both original entries
P0317,319,Programmer UsbAsp using AVR microcontroller,P1189,1191,100mA Ammeter using AVR Microcontroller,0.7143,0.3333,avr; microcontroller,CANDIDATE_ONLY_MANUAL_REVIEW_REQUIRED,Similarity does not establish duplication; preserve both original entries
P0200,202,The Household Informer using atmega168 microcontroller,P0532,534,AttoBasic HOME using Atmega168 microcontroller,0.7143,0.3333,atmega168; microcontroller,CANDIDATE_ONLY_MANUAL_REVIEW_REQUIRED,Similarity does not establish duplication; preserve both original entries
P0377,379,AVR Code Debugger using AVR microcontroller,P1189,1191,100mA Ammeter using AVR Microcontroller,0.7143,0.3333,avr; microcontroller,CANDIDATE_ONLY_MANUAL_REVIEW_REQUIRED,Similarity does not establish duplication; preserve both original entries
P0266,268,Arduino FTDI Header using ATmega8 microcontroller,P0459,461,Digital Telemetry using ATMega8 microcontroller,0.7143,0.3333,atmega8; microcontroller,CANDIDATE_ONLY_MANUAL_REVIEW_REQUIRED,Similarity does not establish duplication; preserve both original entries
P0369,371,Mini Logic Analyzer using ATmega8 microcontroller,P0459,461,Digital Telemetry using ATMega8 microcontroller,0.7143,0.3333,atmega8; microcontroller,CANDIDATE_ONLY_MANUAL_REVIEW_REQUIRED,Similarity does not establish duplication; preserve both original entries
P0310,312,LC Meter using AVR microcontroller,P1092,1094,DIY – Waveform Generator using AVR Microcontroller,0.7143,0.3333,avr; microcontroller,CANDIDATE_ONLY_MANUAL_REVIEW_REQUIRED,Similarity does not establish duplication; preserve both original entries
P0647,649,RSS Reader using ATmega8 microcontroller,P1868,1870,Rotary Encoder Interfacing with ATmega8 Microcontroller,0.7143,0.2857,atmega8; microcontroller,CANDIDATE_ONLY_MANUAL_REVIEW_REQUIRED,Similarity does not establish duplication; preserve both original entries
P0581,583,Wall of Pong using ATmega32 microcontroller,P1050,1052,MultiFunction LED Game Using An ATmega32 Microcontroller,0.7143,0.2857,atmega32; microcontroller,CANDIDATE_ONLY_MANUAL_REVIEW_REQUIRED,Similarity does not establish duplication; preserve both original entries
P1638,1640,Introduction to ADC in AVR Microcontroller | for Beginners,P2003,2005,Introduction to the Atmel ATmega16 Microcontroller,0.7143,0.2857,introduction; microcontroller,CANDIDATE_ONLY_MANUAL_REVIEW_REQUIRED,Similarity does not establish duplication; preserve both original entries
P1323,1325,Digital Clock using AVR Atmega16 Microcontroller,P2047,2049,RFID-Based Security System with AVR ATmega32 Microcontroller,0.7143,0.2857,avr; microcontroller,CANDIDATE_ONLY_MANUAL_REVIEW_REQUIRED,Similarity does not establish duplication; preserve both original entries
P1323,1325,Digital Clock using AVR Atmega16 Microcontroller,P2025,2027,RFID based security system using AVR ATmega32 microcontroller,0.7143,0.2857,avr; microcontroller,CANDIDATE_ONLY_MANUAL_REVIEW_REQUIRED,Similarity does not establish duplication; preserve both original entries
P0059,61,LED wind indicator Using atmega8 Microcontroller,P0605,607,Sensor Interfacing using ATmega8 microcontroller,0.7143,0.2857,atmega8; microcontroller,CANDIDATE_ONLY_MANUAL_REVIEW_REQUIRED,Similarity does not establish duplication; preserve both original entries
P1237,1239,RFID based security system using AVR ATmega32 microcontroller,P1323,1325,Digital Clock using AVR Atmega16 Microcontroller,0.7143,0.2857,avr; microcontroller,CANDIDATE_ONLY_MANUAL_REVIEW_REQUIRED,Similarity does not establish duplication; preserve both original entries
P1044,1046,Atmega16/32 Development Board With LCD,P1401,1403,AVR ATmega32 Mini Development Board – Interfacing LCD,0.7143,0.2857,board; lcd,CANDIDATE_ONLY_MANUAL_REVIEW_REQUIRED,Similarity does not establish duplication; preserve both original entries
P0082,84,Bluetooth Based Smart Home using atmega8 microcontroller,P0354,356,AVR Switch Timer using ATmega8 Microcontroller,0.7143,0.2857,atmega8; microcontroller,CANDIDATE_ONLY_MANUAL_REVIEW_REQUIRED,Similarity does not establish duplication; preserve both original entries
P0008,10,Generating AUDIO ECHO using Atmega32 microcontroller,P0584,586,RFID security system using ATmega32 microcontroller,0.7143,0.2857,atmega32; microcontroller,CANDIDATE_ONLY_MANUAL_REVIEW_REQUIRED,Similarity does not establish duplication; preserve both original entries
P0328,330,8 LED Knight Rider using AVR microcontroller,P0427,429,Packet Radio using AVR microcontroller,0.7143,0.2857,avr; microcontroller,CANDIDATE_ONLY_MANUAL_REVIEW_REQUIRED,Similarity does not establish duplication; preserve both original entries
P1373,1375,ATMega328 Board,P1975,1977,ATmega328P Standalone Board,0.7143,0.25,board,CANDIDATE_ONLY_MANUAL_REVIEW_REQUIRED,Similarity does not establish duplication; preserve both original entries
P0279,281,A complete starter guide to AVRs using attiny2313 microcontroller,P0368,370,Clever Clapper using ATtiny2313 microcontroller,0.7143,0.25,attiny2313; microcontroller,CANDIDATE_ONLY_MANUAL_REVIEW_REQUIRED,Similarity does not establish duplication; preserve both original entries
P0179,181,Build the Penguin game system using ATMega32/644 microcontroller,P1204,1206,LED Blinking with ATmega32 Microcontroller,0.7143,0.25,atmega32; microcontroller,CANDIDATE_ONLY_MANUAL_REVIEW_REQUIRED,Similarity does not establish duplication; preserve both original entries
P0699,701,Wireless Keyboard Using Atmega32,P0870,872,Wireless Music Player Using Atmega32,0.7143,0.25,atmega32,CANDIDATE_ONLY_MANUAL_REVIEW_REQUIRED,Similarity does not establish duplication; preserve both original entries
P0179,181,Build the Penguin game system using ATMega32/644 microcontroller,P0581,583,Wall of Pong using ATmega32 microcontroller,0.7143,0.25,atmega32; microcontroller,CANDIDATE_ONLY_MANUAL_REVIEW_REQUIRED,Similarity does not establish duplication; preserve both original entries
P0077,79,LCD Thermometer TCN77 Using AVR Microcontroller,P0460,462,RF Field Strength meter using AVR microcontroller,0.7143,0.25,avr; microcontroller,CANDIDATE_ONLY_MANUAL_REVIEW_REQUIRED,Similarity does not establish duplication; preserve both original entries
P1996,1998,Interfacing Servo Motor with Atmega32 Microcontroller,P2020,2022,Building a Basic Calculator using ATmega32 Microcontroller,0.7143,0.25,atmega32; microcontroller,CANDIDATE_ONLY_MANUAL_REVIEW_REQUIRED,Similarity does not establish duplication; preserve both original entries
P0461,463,Wireless Coupler Terminal Interface using AVR microcontroller,P1192,1194,Flex Sensor Interfacing with AVR Microcontroller,0.7143,0.25,avr; microcontroller,CANDIDATE_ONLY_MANUAL_REVIEW_REQUIRED,Similarity does not establish duplication; preserve both original entries
P0319,321,Kitchen Timer using ATTiny2313 microcontroller,P0380,382,Low Picofarad Capacitance Meter ATtiny2313 microcontroller,0.7143,0.25,attiny2313; microcontroller,CANDIDATE_ONLY_MANUAL_REVIEW_REQUIRED,Similarity does not establish duplication; preserve both original entries
P0366,368,AVR Based Mobile Phone using AVR ATmega128A microcontroller,P1398,1400,Servo Motor Control by Using AVR ATmega32 Microcontroller,0.7143,0.25,avr; microcontroller,CANDIDATE_ONLY_MANUAL_REVIEW_REQUIRED,Similarity does not establish duplication; preserve both original entries
P0164,166,Augmenting a Microcontroller using AVR,P1869,1871,ATMEGA328P Microcontroller,0.7143,0.25,microcontroller,CANDIDATE_ONLY_MANUAL_REVIEW_REQUIRED,Similarity does not establish duplication; preserve both original entries
P0363,365,"AvrX, Real Time Kernel using AVR microcontroller",P1195,1197,0-25V Digital Voltmeter using AVR Microcontroller,0.7143,0.25,avr; microcontroller,CANDIDATE_ONLY_MANUAL_REVIEW_REQUIRED,Similarity does not establish duplication; preserve both original entries
P0741,743,Color Tetris video game using ATMega32,P0759,761,Scorched Earth video game using Atmel Mega32,0.7143,0.2222,game; video,CANDIDATE_ONLY_MANUAL_REVIEW_REQUIRED,Similarity does not establish duplication; preserve both original entries
P0111,113,LED Cube 4x4x4 using Microcontroller Atmega16,P1419,1421,Keypad Door Lock using AVR Microcontroller – Atmega16,0.7143,0.2222,atmega16; microcontroller,CANDIDATE_ONLY_MANUAL_REVIEW_REQUIRED,Similarity does not establish duplication; preserve both original entries
P0072,74,LCD Message Display Using AT Mega8 microcontroller,P0343,345,3D Color LED Graphics Display using ATmega32 microcontroller,0.7143,0.2222,display; microcontroller,CANDIDATE_ONLY_MANUAL_REVIEW_REQUIRED,Similarity does not establish duplication; preserve both original entries
P0404,406,Wireless Lan for AVR microcontrollers,P0429,431,Frequency counter using AVR microcontroller,0.7143,0.1667,avr,CANDIDATE_ONLY_MANUAL_REVIEW_REQUIRED,Similarity does not establish duplication; preserve both original entries
P0617,619,HVProg using ATmega8535 microcontroller,P1204,1206,LED Blinking with ATmega32 Microcontroller,0.7143,0.1667,microcontroller,CANDIDATE_ONLY_MANUAL_REVIEW_REQUIRED,Similarity does not establish duplication; preserve both original entries
P0316,318,Programmer using ATMEGA8 microcontroller,P1186,1188,Alarm Clock using ATmega32 Microcontroller,0.7143,0.1667,microcontroller,CANDIDATE_ONLY_MANUAL_REVIEW_REQUIRED,Similarity does not establish duplication; preserve both original entries
P0023,25,CNC Update 2 Using atmega32 microcontroller,P0617,619,HVProg using ATmega8535 microcontroller,0.7143,0.1667,microcontroller,CANDIDATE_ONLY_MANUAL_REVIEW_REQUIRED,Similarity does not establish duplication; preserve both original entries
P0609,611,Evertool using ATmega16 microcontroller,P1204,1206,LED Blinking with ATmega32 Microcontroller,0.7143,0.1667,microcontroller,CANDIDATE_ONLY_MANUAL_REVIEW_REQUIRED,Similarity does not establish duplication; preserve both original entries
P0015,17,DIY AVR Programmers,P0352,354,Low-cost AVR programmer,0.7143,0.1667,avr,CANDIDATE_ONLY_MANUAL_REVIEW_REQUIRED,Similarity does not establish duplication; preserve both original entries
P0039,41,ATTiny Board For AVR ATTiny microcontrollers,P0575,577,Project Development Board using ATTiny2313 microcontroller,0.7143,0.1667,board,CANDIDATE_ONLY_MANUAL_REVIEW_REQUIRED,Similarity does not establish duplication; preserve both original entries
P0315,317,Beamer Control using attiny2313 microcontroller,P0570,572,Servo motor control using Atmega8 microcontroller,0.7143,0.1667,microcontroller,CANDIDATE_ONLY_MANUAL_REVIEW_REQUIRED,Similarity does not establish duplication; preserve both original entries
P0391,393,AVR ATmega8 Project LED Moving Message Display using ATmega8 microcontroller,P0423,425,Atmel atmega projects l35 heat time display keypad using ATMega microcontroller,0.7143,0.1538,display; microcontroller,CANDIDATE_ONLY_MANUAL_REVIEW_REQUIRED,Similarity does not establish duplication; preserve both original entries
P0721,723,MOS 6502 Emulation on an Atmel Mega32,P0873,875,NES EMULATION USING ATMEGA32,0.7143,0.1429,emulation,CANDIDATE_ONLY_MANUAL_REVIEW_REQUIRED,Similarity does not establish duplication; preserve both original entries
P0087,89,Stepper motor Driver Using AT2313 microcontroller,P0315,317,Beamer Control using attiny2313 microcontroller,0.7143,0.1429,microcontroller,CANDIDATE_ONLY_MANUAL_REVIEW_REQUIRED,Similarity does not establish duplication; preserve both original entries
P0647,649,RSS Reader using ATmega8 microcontroller,P1186,1188,Alarm Clock using ATmega32 Microcontroller,0.7143,0.1429,microcontroller,CANDIDATE_ONLY_MANUAL_REVIEW_REQUIRED,Similarity does not establish duplication; preserve both original entries
P1981,1983,Simple Standalone ATMega328p Microcontroller,P2052,2054,DIY 3D LED Cube Using ATmega32 Microcontroller,0.7143,0.125,microcontroller,CANDIDATE_ONLY_MANUAL_REVIEW_REQUIRED,Similarity does not establish duplication; preserve both original entries
P0534,536,AVR mod player using ATmega325 microcontroller,P1981,1983,Simple Standalone ATMega328p Microcontroller,0.7143,0.125,microcontroller,CANDIDATE_ONLY_MANUAL_REVIEW_REQUIRED,Similarity does not establish duplication; preserve both original entries
P0200,202,The Household Informer using atmega168 microcontroller,P0354,356,AVR Switch Timer using ATmega8 Microcontroller,0.7143,0.125,microcontroller,CANDIDATE_ONLY_MANUAL_REVIEW_REQUIRED,Similarity does not establish duplication; preserve both original entries
P0030,32,Ultrasonic range finder using ATMega8515,P1143,1145,Ultrasonic Rangefinder HC-SR04 Interfacing with ATmega8,0.7143,0.125,ultrasonic,CANDIDATE_ONLY_MANUAL_REVIEW_REQUIRED,Similarity does not establish duplication; preserve both original entries
P0157,159,Programmable LED using Atmel ATtiny13v Microcontroller,P0320,322,Tea Timer using ATTiny2313 microcontroller,0.7143,0.125,microcontroller,CANDIDATE_ONLY_MANUAL_REVIEW_REQUIRED,Similarity does not establish duplication; preserve both original entries
P0384,386,Energy Monitoring Transmitter using Atmega328 microcontroller,P0570,572,Servo motor control using Atmega8 microcontroller,0.7143,0.125,microcontroller,CANDIDATE_ONLY_MANUAL_REVIEW_REQUIRED,Similarity does not establish duplication; preserve both original entries
P0596,598,"FabISP, a fab-able in-system programmer using ATtiny44",P0620,622,USB AVR in-system Programmer using ATtiny2313,0.7143,0.125,programmer,CANDIDATE_ONLY_MANUAL_REVIEW_REQUIRED,Similarity does not establish duplication; preserve both original entries
P0366,368,AVR Based Mobile Phone using AVR ATmega128A microcontroller,P0379,381,Ear Trainer using ATMega644 microcontroller,0.7143,0.125,microcontroller,CANDIDATE_ONLY_MANUAL_REVIEW_REQUIRED,Similarity does not establish duplication; preserve both original entries
P0298,300,AM radio transmission using AVR using Atmega324 microcontroller,P0484,486,Analog audio panel for PC using ATMega328 microcontroller,0.7143,0.1111,microcontroller,CANDIDATE_ONLY_MANUAL_REVIEW_REQUIRED,Similarity does not establish duplication; preserve both original entries
P0577,579,The Self-Driving Toy Car using ATmega1284 microcontroller,P1204,1206,LED Blinking with ATmega32 Microcontroller,0.7143,0.1111,microcontroller,CANDIDATE_ONLY_MANUAL_REVIEW_REQUIRED,Similarity does not establish duplication; preserve both original entries
P0266,268,Arduino FTDI Header using ATmega8 microcontroller,P1202,1204,Power LED Dimmer using ATmega32 Microcontroller,0.7143,0.1111,microcontroller,CANDIDATE_ONLY_MANUAL_REVIEW_REQUIRED,Similarity does not establish duplication; preserve both original entries
P0418,420,Atmel avr usb programmer using ATMEGA8 microcontroller,P0544,546,MP3 Player using ATMega128 microcontroller,0.7143,0.1111,microcontroller,CANDIDATE_ONLY_MANUAL_REVIEW_REQUIRED,Similarity does not establish duplication; preserve both original entries
P0385,387,AVR Power Usage Logger using ATmega168 microcontroller,P0544,546,MP3 Player using ATMega128 microcontroller,0.7143,0.1111,microcontroller,CANDIDATE_ONLY_MANUAL_REVIEW_REQUIRED,Similarity does not establish duplication; preserve both original entries
P0379,381,Ear Trainer using ATMega644 microcontroller,P0577,579,The Self-Driving Toy Car using ATmega1284 microcontroller,0.7143,0.1111,microcontroller,CANDIDATE_ONLY_MANUAL_REVIEW_REQUIRED,Similarity does not establish duplication; preserve both original entries
P0179,181,Build the Penguin game system using ATMega32/644 microcontroller,P0379,381,Ear Trainer using ATMega644 microcontroller,0.7143,0.1111,microcontroller,CANDIDATE_ONLY_MANUAL_REVIEW_REQUIRED,Similarity does not establish duplication; preserve both original entries
P0407,409,80×32 LED matrix display using ATmega32 microcontroller,P0544,546,MP3 Player using ATMega128 microcontroller,0.7143,0.1111,microcontroller,CANDIDATE_ONLY_MANUAL_REVIEW_REQUIRED,Similarity does not establish duplication; preserve both original entries
P0318,320,Power usage monitor using Atmel AVR using Atmega168 microcontroller,P0570,572,Servo motor control using Atmega8 microcontroller,0.7143,0.1,microcontroller,CANDIDATE_ONLY_MANUAL_REVIEW_REQUIRED,Similarity does not establish duplication; preserve both original entries
P0487,489,MMC/SD/SDHC AVR Interface using ATMega8 microcontroller,P1193,1195,Touch Keypad Interfacing with ATmega32 Microcontroller,0.7143,0.1,microcontroller,CANDIDATE_ONLY_MANUAL_REVIEW_REQUIRED,Similarity does not establish duplication; preserve both original entries
P0384,386,Energy Monitoring Transmitter using Atmega328 microcontroller,P0388,390,SMS Based Voting System – AVR GSM Project using ATmega32 microcontroller,0.7143,0.1,microcontroller,CANDIDATE_ONLY_MANUAL_REVIEW_REQUIRED,Similarity does not establish duplication; preserve both original entries
P0369,371,Mini Logic Analyzer using ATmega8 microcontroller,P0556,558,Multichannel USB Analog Sensor using ATMega48 Microcontroller,0.7143,0.1,microcontroller,CANDIDATE_ONLY_MANUAL_REVIEW_REQUIRED,Similarity does not establish duplication; preserve both original entries
P0306,308,Multi-channel temperature logger using Atmega48 microcontroller,P0445,447,Computer connected Flower Water Circuit using ATmega8 microcontroller,0.7143,0.0909,microcontroller,CANDIDATE_ONLY_MANUAL_REVIEW_REQUIRED,Similarity does not establish duplication; preserve both original entries
P0179,181,Build the Penguin game system using ATMega32/644 microcontroller,P0258,260,Music Playing Alarm Clock using ATmega644 microcontroller,0.7143,0.0909,microcontroller,CANDIDATE_ONLY_MANUAL_REVIEW_REQUIRED,Similarity does not establish duplication; preserve both original entries
P0381,383,DC Servomotor Controller System Meter using ATtiny2313 microcontroller,P0491,493,A Microcontroller Based Digital Lock-In Milliohmmeter using ATtiny2313 microcontroller,0.7132,0.3333,attiny2313; microcontroller,CANDIDATE_ONLY_MANUAL_REVIEW_REQUIRED,Similarity does not establish duplication; preserve both original entries
P0207,209,Arduino R/C Lawnmower (painted) using Atmega168 microcontroller,P0226,228,The Arduino Weather Station / Thermostat using ATmega328 microcontroller,0.713,0.2222,arduino; microcontroller,CANDIDATE_ONLY_MANUAL_REVIEW_REQUIRED,Similarity does not establish duplication; preserve both original entries
P1085,1087,How to use inbuilt ADC of AVR microcontroller (ATmega16),P1296,1298,How to use I2C-bus on the Atmel AVR Microcontroller,0.7129,0.4,avr; how; microcontroller; use,CANDIDATE_ONLY_MANUAL_REVIEW_REQUIRED,Similarity does not establish duplication; preserve both original entries
P0301,303,Portable 2.4 GHz Spectrum Analyzer using Atmega8 microcontroller,P0369,371,Mini Logic Analyzer using ATmega8 microcontroller,0.7129,0.375,analyzer; atmega8; microcontroller,CANDIDATE_ONLY_MANUAL_REVIEW_REQUIRED,Similarity does not establish duplication; preserve both original entries
P1077,1079,How to disable JTAG of AVR microcontroller,P1078,1080,How to use inbuilt analog comparator of AVR microcontroller,0.7129,0.3333,avr; how; microcontroller,CANDIDATE_ONLY_MANUAL_REVIEW_REQUIRED,Similarity does not establish duplication; preserve both original entries
P0470,472,A Pretty Good LC Meter Based on the AVR using ATTINY2313 Microcontroller,P0486,488,A Pretty Good Wattmeter For Bench Use using microcontroller,0.7129,0.3333,good; microcontroller; pretty,CANDIDATE_ONLY_MANUAL_REVIEW_REQUIRED,Similarity does not establish duplication; preserve both original entries
P0289,291,Easy Data Logger with Virtual USB using ATtiny45 microcontroller,P0378,380,AVR Data Logger with MicroSD using ATmega32 microcontroller,0.7129,0.3,data; logger; microcontroller,CANDIDATE_ONLY_MANUAL_REVIEW_REQUIRED,Similarity does not establish duplication; preserve both original entries
P1076,1078,How to interface LCD in 4 bit mode with AVR microcontroller,P1296,1298,How to use I2C-bus on the Atmel AVR Microcontroller,0.7129,0.2727,avr; how; microcontroller,CANDIDATE_ONLY_MANUAL_REVIEW_REQUIRED,Similarity does not establish duplication; preserve both original entries
P0275,277,AVR acoustic spectrum analyzer using Atmega8 microcontroller,P0366,368,AVR Based Mobile Phone using AVR ATmega128A microcontroller,0.7129,0.2222,avr; microcontroller,CANDIDATE_ONLY_MANUAL_REVIEW_REQUIRED,Similarity does not establish duplication; preserve both original entries
P0254,256,Make a breadboard adapter for your AVR microcontroller using attiny2313,P0281,283,ISP Breadboard Header using AVR microcontrollers,0.7129,0.2,avr; breadboard,CANDIDATE_ONLY_MANUAL_REVIEW_REQUIRED,Similarity does not establish duplication; preserve both original entries
P0381,383,DC Servomotor Controller System Meter using ATtiny2313 microcontroller,P0727,729,MIDI DRUM CONTROLLER USING MEGA 32 MICROCONTROLLER,0.7129,0.1429,microcontroller,CANDIDATE_ONLY_MANUAL_REVIEW_REQUIRED,Similarity does not establish duplication; preserve both original entries
P0082,84,Bluetooth Based Smart Home using atmega8 microcontroller,P0570,572,Servo motor control using Atmega8 microcontroller,0.7126,0.3333,atmega8; microcontroller,CANDIDATE_ONLY_MANUAL_REVIEW_REQUIRED,Similarity does not establish duplication; preserve both original entries
P0299,301,Digital oscilloscope GLCD using Atmega32 microcontroller,P0581,583,Wall of Pong using ATmega32 microcontroller,0.7126,0.3333,atmega32; microcontroller,CANDIDATE_ONLY_MANUAL_REVIEW_REQUIRED,Similarity does not establish duplication; preserve both original entries
P1147,1149,PWM Based DC Motor Speed Control using Microcontroller,P1288,1290,Stepper motor control with an ATmega8 microcontroller,0.7126,0.3333,microcontroller; motor,CANDIDATE_ONLY_MANUAL_REVIEW_REQUIRED,Similarity does not establish duplication; preserve both original entries
P0288,290,Tetris and Snake with one AVR using Atmega168 microcontroller,P0604,606,The Prototino™ using ATmega168 microcontroller,0.7126,0.2857,atmega168; microcontroller,CANDIDATE_ONLY_MANUAL_REVIEW_REQUIRED,Similarity does not establish duplication; preserve both original entries
P1050,1052,MultiFunction LED Game Using An ATmega32 Microcontroller,P1203,1205,Interfacing LCD with ATmega32 Microcontroller,0.7126,0.2857,atmega32; microcontroller,CANDIDATE_ONLY_MANUAL_REVIEW_REQUIRED,Similarity does not establish duplication; preserve both original entries
P0023,25,CNC Update 2 Using atmega32 microcontroller,P2020,2022,Building a Basic Calculator using ATmega32 Microcontroller,0.7126,0.2857,atmega32; microcontroller,CANDIDATE_ONLY_MANUAL_REVIEW_REQUIRED,Similarity does not establish duplication; preserve both original entries
P0313,315,Dimmer using ATTiny2313 microcontroller,P0470,472,A Pretty Good LC Meter Based on the AVR using ATTINY2313 Microcontroller,0.7126,0.2857,attiny2313; microcontroller,CANDIDATE_ONLY_MANUAL_REVIEW_REQUIRED,Similarity does not establish duplication; preserve both original entries
P0141,143,Stripboard Arduino using ATMega168 microcontroller,P0266,268,Arduino FTDI Header using ATmega8 microcontroller,0.7126,0.2857,arduino; microcontroller,CANDIDATE_ONLY_MANUAL_REVIEW_REQUIRED,Similarity does not establish duplication; preserve both original entries
P0403,405,AVR Compiler toolchain for MAC using ATmega8 microcontroller,P0615,617,Video Overlay using ATmega8 microcontroller,0.7126,0.25,atmega8; microcontroller,CANDIDATE_ONLY_MANUAL_REVIEW_REQUIRED,Similarity does not establish duplication; preserve both original entries
P0008,10,Generating AUDIO ECHO using Atmega32 microcontroller,P1202,1204,Power LED Dimmer using ATmega32 Microcontroller,0.7126,0.25,atmega32; microcontroller,CANDIDATE_ONLY_MANUAL_REVIEW_REQUIRED,Similarity does not establish duplication; preserve both original entries
P0442,444,EEPROM Driver for AVR with RAM using ATtiny15 microcontroller,P0572,574,AVR Programmer using ATTINY2313 microcontroller,0.7126,0.25,avr; microcontroller,CANDIDATE_ONLY_MANUAL_REVIEW_REQUIRED,Similarity does not establish duplication; preserve both original entries
P0157,159,Programmable LED using Atmel ATtiny13v Microcontroller,P0370,372,AVR LED Candle using ATtiny85 microcontroller,0.7126,0.25,led; microcontroller,CANDIDATE_ONLY_MANUAL_REVIEW_REQUIRED,Similarity does not establish duplication; preserve both original entries
P0070,72,8 MHz frequency meter using AVR microcontroller,P0439,441,1 KHz Synchronous Detector using AVR microcontroller,0.7126,0.25,avr; microcontroller,CANDIDATE_ONLY_MANUAL_REVIEW_REQUIRED,Similarity does not establish duplication; preserve both original entries
P0142,144,LoveBox – The box of love using ATtiny2313 Microcontroller,P0551,553,LED Dog Collar using ATTINY2313 Microcontroller,0.7126,0.25,attiny2313; microcontroller,CANDIDATE_ONLY_MANUAL_REVIEW_REQUIRED,Similarity does not establish duplication; preserve both original entries
P0320,322,Tea Timer using ATTiny2313 microcontroller,P0373,375,AVR Security Keypad Lock using ATtiny2313 microcontroller,0.7126,0.25,attiny2313; microcontroller,CANDIDATE_ONLY_MANUAL_REVIEW_REQUIRED,Similarity does not establish duplication; preserve both original entries
P0072,74,LCD Message Display Using AT Mega8 microcontroller,P0533,535,Longboard Wheel Display using AVR microcontroller,0.7126,0.25,display; microcontroller,CANDIDATE_ONLY_MANUAL_REVIEW_REQUIRED,Similarity does not establish duplication; preserve both original entries
P0414,416,Midi Generator using ATtiny26-8PI microcontroller,P0690,692,Sheet Music Generator using Mega32 Microcontroller,0.7126,0.25,generator; microcontroller,CANDIDATE_ONLY_MANUAL_REVIEW_REQUIRED,Similarity does not establish duplication; preserve both original entries
P0569,571,AVR LCD menu routine using ATmega8 microcontroller,P0570,572,Servo motor control using Atmega8 microcontroller,0.7126,0.25,atmega8; microcontroller,CANDIDATE_ONLY_MANUAL_REVIEW_REQUIRED,Similarity does not establish duplication; preserve both original entries
P0266,268,Arduino FTDI Header using ATmega8 microcontroller,P0569,571,AVR LCD menu routine using ATmega8 microcontroller,0.7126,0.2222,atmega8; microcontroller,CANDIDATE_ONLY_MANUAL_REVIEW_REQUIRED,Similarity does not establish duplication; preserve both original entries
P0179,181,Build the Penguin game system using ATMega32/644 microcontroller,P2052,2054,DIY 3D LED Cube Using ATmega32 Microcontroller,0.7126,0.2222,atmega32; microcontroller,CANDIDATE_ONLY_MANUAL_REVIEW_REQUIRED,Similarity does not establish duplication; preserve both original entries
P0163,165,Development system for PIC and AVR microcontrollers,P0168,170,Ghetto Development Environment Using Microcontrollers,0.7126,0.2,microcontrollers,CANDIDATE_ONLY_MANUAL_REVIEW_REQUIRED,Similarity does not establish duplication; preserve both original entries
P0493,495,HF AC Millivoltmeter Adapter using microcontroller,P1195,1197,0-25V Digital Voltmeter using AVR Microcontroller,0.7126,0.1667,microcontroller,CANDIDATE_ONLY_MANUAL_REVIEW_REQUIRED,Similarity does not establish duplication; preserve both original entries
P0068,70,Temperature controlled fan using PWM microcontroller,P0315,317,Beamer Control using attiny2313 microcontroller,0.7126,0.1429,microcontroller,CANDIDATE_ONLY_MANUAL_REVIEW_REQUIRED,Similarity does not establish duplication; preserve both original entries
P0570,572,Servo motor control using Atmega8 microcontroller,P0727,729,MIDI DRUM CONTROLLER USING MEGA 32 MICROCONTROLLER,0.7126,0.1429,microcontroller,CANDIDATE_ONLY_MANUAL_REVIEW_REQUIRED,Similarity does not establish duplication; preserve both original entries
P0604,606,The Prototino™ using ATmega168 microcontroller,P1868,1870,Rotary Encoder Interfacing with ATmega8 Microcontroller,0.7126,0.1429,microcontroller,CANDIDATE_ONLY_MANUAL_REVIEW_REQUIRED,Similarity does not establish duplication; preserve both original entries
P0400,402,Digital Stop Watch with ATmega8 using microcontroller,P0593,595,Minimalist Arduino using ATMega328P microcontroller,0.7126,0.1429,microcontroller,CANDIDATE_ONLY_MANUAL_REVIEW_REQUIRED,Similarity does not establish duplication; preserve both original entries
P0322,324,Easy Breadboarding using ATMega microcontroller,P1991,1993,4×4 Keypad Interfacing with ATmega32 Microcontroller,0.7126,0.1429,microcontroller,CANDIDATE_ONLY_MANUAL_REVIEW_REQUIRED,Similarity does not establish duplication; preserve both original entries
P0327,329,6 LED Knight Rider using ATtiny22 microcontroller,P0575,577,Project Development Board using ATTiny2313 microcontroller,0.7126,0.1429,microcontroller,CANDIDATE_ONLY_MANUAL_REVIEW_REQUIRED,Similarity does not establish duplication; preserve both original entries
P0088,90,Temperature Indicator Using attiny2313 micrcontroller,P0319,321,Kitchen Timer using ATTiny2313 microcontroller,0.7126,0.1429,attiny2313,CANDIDATE_ONLY_MANUAL_REVIEW_REQUIRED,Similarity does not establish duplication; preserve both original entries
P0593,595,Minimalist Arduino using ATMega328P microcontroller,P2025,2027,RFID based security system using AVR ATmega32 microcontroller,0.7126,0.125,microcontroller,CANDIDATE_ONLY_MANUAL_REVIEW_REQUIRED,Similarity does not establish duplication; preserve both original entries
P1204,1206,LED Blinking with ATmega32 Microcontroller,P1868,1870,Rotary Encoder Interfacing with ATmega8 Microcontroller,0.7126,0.125,microcontroller,CANDIDATE_ONLY_MANUAL_REVIEW_REQUIRED,Similarity does not establish duplication; preserve both original entries
P0593,595,Minimalist Arduino using ATMega328P microcontroller,P2047,2049,RFID-Based Security System with AVR ATmega32 Microcontroller,0.7126,0.125,microcontroller,CANDIDATE_ONLY_MANUAL_REVIEW_REQUIRED,Similarity does not establish duplication; preserve both original entries
P0403,405,AVR Compiler toolchain for MAC using ATmega8 microcontroller,P0604,606,The Prototino™ using ATmega168 microcontroller,0.7126,0.125,microcontroller,CANDIDATE_ONLY_MANUAL_REVIEW_REQUIRED,Similarity does not establish duplication; preserve both original entries
P0330,332,Helianthus: The Solar Tracking System using ATmega16 microcontroller,P1204,1206,LED Blinking with ATmega32 Microcontroller,0.7126,0.125,microcontroller,CANDIDATE_ONLY_MANUAL_REVIEW_REQUIRED,Similarity does not establish duplication; preserve both original entries
P0346,348,Modular User Interface System using ATMega88 microcontroller,P1203,1205,Interfacing LCD with ATmega32 Microcontroller,0.7126,0.125,microcontroller,CANDIDATE_ONLY_MANUAL_REVIEW_REQUIRED,Similarity does not establish duplication; preserve both original entries
P0379,381,Ear Trainer using ATMega644 microcontroller,P1868,1870,Rotary Encoder Interfacing with ATmega8 Microcontroller,0.7126,0.125,microcontroller,CANDIDATE_ONLY_MANUAL_REVIEW_REQUIRED,Similarity does not establish duplication; preserve both original entries
P0593,595,Minimalist Arduino using ATMega328P microcontroller,P1237,1239,RFID based security system using AVR ATmega32 microcontroller,0.7126,0.125,microcontroller,CANDIDATE_ONLY_MANUAL_REVIEW_REQUIRED,Similarity does not establish duplication; preserve both original entries
P0548,550,LED DOT Matrix Pong using ATMega16 Microcontroller,P0570,572,Servo motor control using Atmega8 microcontroller,0.7126,0.1111,microcontroller,CANDIDATE_ONLY_MANUAL_REVIEW_REQUIRED,Similarity does not establish duplication; preserve both original entries
P0271,273,Color Sensor using Atmega16 microcontroller,P0288,290,Tetris and Snake with one AVR using Atmega168 microcontroller,0.7126,0.1111,microcontroller,CANDIDATE_ONLY_MANUAL_REVIEW_REQUIRED,Similarity does not establish duplication; preserve both original entries
P0484,486,Analog audio panel for PC using ATMega328 microcontroller,P2052,2054,DIY 3D LED Cube Using ATmega32 Microcontroller,0.7126,0.1111,microcontroller,CANDIDATE_ONLY_MANUAL_REVIEW_REQUIRED,Similarity does not establish duplication; preserve both original entries
P0318,320,Power usage monitor using Atmel AVR using Atmega168 microcontroller,P0616,618,The WhereAVR using ATmega8 microcontroller,0.7126,0.1111,microcontroller,CANDIDATE_ONLY_MANUAL_REVIEW_REQUIRED,Similarity does not establish duplication; preserve both original entries
P0288,290,Tetris and Snake with one AVR using Atmega168 microcontroller,P0379,381,Ear Trainer using ATMega644 microcontroller,0.7126,0.1111,microcontroller,CANDIDATE_ONLY_MANUAL_REVIEW_REQUIRED,Similarity does not establish duplication; preserve both original entries
P0314,316,Door Opener using ATTiny2313 microcontroller,P0554,556,DIY USB password generator using ATtiny Microcontroller,0.7126,0.1111,microcontroller,CANDIDATE_ONLY_MANUAL_REVIEW_REQUIRED,Similarity does not establish duplication; preserve both original entries
P0447,449,100 MHz RF oscillator using ATtiny12 microcontroller,P0551,553,LED Dog Collar using ATTINY2313 Microcontroller,0.7126,0.1111,microcontroller,CANDIDATE_ONLY_MANUAL_REVIEW_REQUIRED,Similarity does not establish duplication; preserve both original entries
P0368,370,Clever Clapper using ATtiny2313 microcontroller,P0442,444,EEPROM Driver for AVR with RAM using ATtiny15 microcontroller,0.7126,0.1111,microcontroller,CANDIDATE_ONLY_MANUAL_REVIEW_REQUIRED,Similarity does not establish duplication; preserve both original entries
P0577,579,The Self-Driving Toy Car using ATmega1284 microcontroller,P1203,1205,Interfacing LCD with ATmega32 Microcontroller,0.7126,0.1111,microcontroller,CANDIDATE_ONLY_MANUAL_REVIEW_REQUIRED,Similarity does not establish duplication; preserve both original entries
P0266,268,Arduino FTDI Header using ATmega8 microcontroller,P0325,327,PCM Audio Based Door Bell using Atmega32 microcontroller,0.7126,0.1,microcontroller,CANDIDATE_ONLY_MANUAL_REVIEW_REQUIRED,Similarity does not establish duplication; preserve both original entries
P0459,461,Digital Telemetry using ATMega8 microcontroller,P0616,618,The WhereAVR using ATmega8 microcontroller,0.7123,0.5,atmega8; microcontroller,CANDIDATE_ONLY_MANUAL_REVIEW_REQUIRED,Similarity does not establish duplication; preserve both original entries
P0310,312,LC Meter using AVR microcontroller,P1183,1185,8×8 LED Matrix Interfacing with AVR Microcontroller,0.7123,0.3333,avr; microcontroller,CANDIDATE_ONLY_MANUAL_REVIEW_REQUIRED,Similarity does not establish duplication; preserve both original entries
P0324,326,AVR Based CRO using Atmega16 microcontroller,P0572,574,AVR Programmer using ATTINY2313 microcontroller,0.7123,0.3333,avr; microcontroller,CANDIDATE_ONLY_MANUAL_REVIEW_REQUIRED,Similarity does not establish duplication; preserve both original entries
P0344,346,AVR Based Operating System using ATMega32 microcontroller,P1950,1952,GETTING STARTED WITH AVR MICROCONTROLLER,0.7123,0.3333,avr; microcontroller,CANDIDATE_ONLY_MANUAL_REVIEW_REQUIRED,Similarity does not establish duplication; preserve both original entries
P0324,326,AVR Based CRO using Atmega16 microcontroller,P0588,590,AVR Thermometer using AT90S2313 microcontroller,0.7123,0.3333,avr; microcontroller,CANDIDATE_ONLY_MANUAL_REVIEW_REQUIRED,Similarity does not establish duplication; preserve both original entries
P0441,443,Analog Multiplexer using AVR microcontroller,P0465,467,Ponyprog Circuit for ATMEL’S AVR using microcontroller,0.7123,0.3333,avr; microcontroller,CANDIDATE_ONLY_MANUAL_REVIEW_REQUIRED,Similarity does not establish duplication; preserve both original entries
P0361,363,STK500 Compatible ISP using AVR microcontroller,P1198,1200,0-99 Counter using AVR Microcontroller,0.7123,0.3333,avr; microcontroller,CANDIDATE_ONLY_MANUAL_REVIEW_REQUIRED,Similarity does not establish duplication; preserve both original entries
P0460,462,RF Field Strength meter using AVR microcontroller,P1187,1189,Fire Alarm System using AVR Microcontroller,0.7123,0.2857,avr; microcontroller,CANDIDATE_ONLY_MANUAL_REVIEW_REQUIRED,Similarity does not establish duplication; preserve both original entries
P0415,417,VGA Monitor adaptor using AVR microcontroller,P1322,1324,Volt-Amp meter using AVR microcontroller,0.7123,0.25,avr; microcontroller,CANDIDATE_ONLY_MANUAL_REVIEW_REQUIRED,Similarity does not establish duplication; preserve both original entries
P0609,611,Evertool using ATmega16 microcontroller,P1203,1205,Interfacing LCD with ATmega32 Microcontroller,0.7123,0.1667,microcontroller,CANDIDATE_ONLY_MANUAL_REVIEW_REQUIRED,Similarity does not establish duplication; preserve both original entries
P0617,619,HVProg using ATmega8535 microcontroller,P1203,1205,Interfacing LCD with ATmega32 Microcontroller,0.7123,0.1667,microcontroller,CANDIDATE_ONLY_MANUAL_REVIEW_REQUIRED,Similarity does not establish duplication; preserve both original entries
P0344,346,AVR Based Operating System using ATMega32 microcontroller,P0613,615,etherrape using ATmega644 microcontroller,0.7123,0.1667,microcontroller,CANDIDATE_ONLY_MANUAL_REVIEW_REQUIRED,Similarity does not establish duplication; preserve both original entries
P0315,317,Beamer Control using attiny2313 microcontroller,P0324,326,AVR Based CRO using Atmega16 microcontroller,0.7123,0.1667,microcontroller,CANDIDATE_ONLY_MANUAL_REVIEW_REQUIRED,Similarity does not establish duplication; preserve both original entries
P0617,619,HVProg using ATmega8535 microcontroller,P1427,1429,Avr Atmega8 Microcontroller – An Introduction,0.7123,0.1667,microcontroller,CANDIDATE_ONLY_MANUAL_REVIEW_REQUIRED,Similarity does not establish duplication; preserve both original entries
P0544,546,MP3 Player using ATMega128 microcontroller,P0604,606,The Prototino™ using ATmega168 microcontroller,0.7123,0.1667,microcontroller,CANDIDATE_ONLY_MANUAL_REVIEW_REQUIRED,Similarity does not establish duplication; preserve both original entries
P1044,1046,Atmega16/32 Development Board With LCD,P1982,1984,Program Artou ATmega32 Development Board,0.7123,0.1667,board,CANDIDATE_ONLY_MANUAL_REVIEW_REQUIRED,Similarity does not establish duplication; preserve both original entries
P0594,596,Batwatch using ATtiny13V microcontroller,P0602,604,The Game of Life using ATtiny2313 microcontroller,0.7123,0.1667,microcontroller,CANDIDATE_ONLY_MANUAL_REVIEW_REQUIRED,Similarity does not establish duplication; preserve both original entries
P0379,381,Ear Trainer using ATMega644 microcontroller,P0544,546,MP3 Player using ATMega128 microcontroller,0.7123,0.1429,microcontroller,CANDIDATE_ONLY_MANUAL_REVIEW_REQUIRED,Similarity does not establish duplication; preserve both original entries
P1191,1193,Joystick Interfacing with AVR Microcontroller,P1310,1312,16×2 LCD interface with microcontroller,0.7123,0.1429,microcontroller,CANDIDATE_ONLY_MANUAL_REVIEW_REQUIRED,Similarity does not establish duplication; preserve both original entries
P0354,356,AVR Switch Timer using ATmega8 Microcontroller,P0617,619,HVProg using ATmega8535 microcontroller,0.7123,0.1429,microcontroller,CANDIDATE_ONLY_MANUAL_REVIEW_REQUIRED,Similarity does not establish duplication; preserve both original entries
P0617,619,HVProg using ATmega8535 microcontroller,P1190,1192,Anti-Theft Alert System using ATmega8 Microcontroller,0.7123,0.1429,microcontroller,CANDIDATE_ONLY_MANUAL_REVIEW_REQUIRED,Similarity does not establish duplication; preserve both original entries
P0354,356,AVR Switch Timer using ATmega8 Microcontroller,P0609,611,Evertool using ATmega16 microcontroller,0.7123,0.1429,microcontroller,CANDIDATE_ONLY_MANUAL_REVIEW_REQUIRED,Similarity does not establish duplication; preserve both original entries
P1602,1604,AT89C51 L293D DC MOTOR WITH DOOR CONTROL CIRCUIT,P1606,1608,AT89S52 8051 RF DC MOTOR SPEED CONTROL,0.7123,0.1429,motor,CANDIDATE_ONLY_MANUAL_REVIEW_REQUIRED,Similarity does not establish duplication; preserve both original entries
P0544,546,MP3 Player using ATMega128 microcontroller,P1204,1206,LED Blinking with ATmega32 Microcontroller,0.7123,0.1429,microcontroller,CANDIDATE_ONLY_MANUAL_REVIEW_REQUIRED,Similarity does not establish duplication; preserve both original entries
P0542,544,ATtiny12 fuse restorer using microcontroller,P1950,1952,GETTING STARTED WITH AVR MICROCONTROLLER,0.7123,0.1429,microcontroller,CANDIDATE_ONLY_MANUAL_REVIEW_REQUIRED,Similarity does not establish duplication; preserve both original entries
P0544,546,MP3 Player using ATMega128 microcontroller,P0581,583,Wall of Pong using ATmega32 microcontroller,0.7123,0.1429,microcontroller,CANDIDATE_ONLY_MANUAL_REVIEW_REQUIRED,Similarity does not establish duplication; preserve both original entries
P0379,381,Ear Trainer using ATMega644 microcontroller,P1186,1188,Alarm Clock using ATmega32 Microcontroller,0.7123,0.1429,microcontroller,CANDIDATE_ONLY_MANUAL_REVIEW_REQUIRED,Similarity does not establish duplication; preserve both original entries
P0271,273,Color Sensor using Atmega16 microcontroller,P1186,1188,Alarm Clock using ATmega32 Microcontroller,0.7123,0.1429,microcontroller,CANDIDATE_ONLY_MANUAL_REVIEW_REQUIRED,Similarity does not establish duplication; preserve both original entries
P0022,24,Delta Robot using atmega32 micrcontroller,P0344,346,AVR Based Operating System using ATMega32 microcontroller,0.7123,0.1429,atmega32,CANDIDATE_ONLY_MANUAL_REVIEW_REQUIRED,Similarity does not establish duplication; preserve both original entries
P0320,322,Tea Timer using ATTiny2313 microcontroller,P0379,381,Ear Trainer using ATMega644 microcontroller,0.7123,0.1429,microcontroller,CANDIDATE_ONLY_MANUAL_REVIEW_REQUIRED,Similarity does not establish duplication; preserve both original entries
P0534,536,AVR mod player using ATmega325 microcontroller,P0609,611,Evertool using ATmega16 microcontroller,0.7123,0.1429,microcontroller,CANDIDATE_ONLY_MANUAL_REVIEW_REQUIRED,Similarity does not establish duplication; preserve both original entries
P0324,326,AVR Based CRO using Atmega16 microcontroller,P1202,1204,Power LED Dimmer using ATmega32 Microcontroller,0.7123,0.125,microcontroller,CANDIDATE_ONLY_MANUAL_REVIEW_REQUIRED,Similarity does not establish duplication; preserve both original entries
P0794,796,Dual Control R/C Car Using Atmega32,P0805,807,Touch Screen Controlled R/C Car Using Atmel Mega32,0.7123,0.125,car,CANDIDATE_ONLY_MANUAL_REVIEW_REQUIRED,Similarity does not establish duplication; preserve both original entries
P0320,322,Tea Timer using ATTiny2313 microcontroller,P0489,491,I2C Tiny USB using ATtiny45 microcontroller,0.7123,0.125,microcontroller,CANDIDATE_ONLY_MANUAL_REVIEW_REQUIRED,Similarity does not establish duplication; preserve both original entries
P0259,261,Programming Arduino Bootloader without Programmer using ATmega168 microcontroller,P0563,565,Programming AVR ADC module with WinAVR using Atmega8 microcontroller,0.7121,0.1667,microcontroller; programming,CANDIDATE_ONLY_MANUAL_REVIEW_REQUIRED,Similarity does not establish duplication; preserve both original entries
P0706,708,SpaceInvaders Video Game Using Mega32,P0751,753,Arkanoid Video Game using Atmega32,0.7119,0.3333,game; video,CANDIDATE_ONLY_MANUAL_REVIEW_REQUIRED,Similarity does not establish duplication; preserve both original entries
P0706,708,SpaceInvaders Video Game Using Mega32,P0828,830,TouchPad video game Using Atmega32,0.7119,0.3333,game; video,CANDIDATE_ONLY_MANUAL_REVIEW_REQUIRED,Similarity does not establish duplication; preserve both original entries
P0915,917,Adaptive Alarm Clock Using Atmega644,P1011,1013,A Moving Alarm Clock Using Atmega1284,0.7119,0.3333,alarm; clock,CANDIDATE_ONLY_MANUAL_REVIEW_REQUIRED,Similarity does not establish duplication; preserve both original entries
P0751,753,Arkanoid Video Game using Atmega32,P0950,952,Ahhhh…BIU! video game Using Atmega1284,0.7119,0.2857,game; video,CANDIDATE_ONLY_MANUAL_REVIEW_REQUIRED,Similarity does not establish duplication; preserve both original entries
P0704,706,Frogger Video Game Using Atmel Mega32,P0828,830,TouchPad video game Using Atmega32,0.7119,0.2857,game; video,CANDIDATE_ONLY_MANUAL_REVIEW_REQUIRED,Similarity does not establish duplication; preserve both original entries
P0741,743,Color Tetris video game using ATMega32,P0757,759,Star Duel video game Using Mega32,0.7119,0.25,game; video,CANDIDATE_ONLY_MANUAL_REVIEW_REQUIRED,Similarity does not establish duplication; preserve both original entries
P0157,159,Programmable LED using Atmel ATtiny13v Microcontroller,P0197,199,GuGaplexed Valentine LED Heart using ATTiny13V Microcontroller,0.7115,0.375,attiny13v; led; microcontroller,CANDIDATE_ONLY_MANUAL_REVIEW_REQUIRED,Similarity does not establish duplication; preserve both original entries
P0342,344,A GLCD connected to an AVR microcontroller using ATmega8 microcontroller,P0570,572,Servo motor control using Atmega8 microcontroller,0.7115,0.2857,atmega8; microcontroller,CANDIDATE_ONLY_MANUAL_REVIEW_REQUIRED,Similarity does not establish duplication; preserve both original entries
P0060,62,Make an automatic plant light using ATTiny26 Microcontroller,P0081,83,Multipattern Running light using ATtiny2313 microcontroller,0.7115,0.25,light; microcontroller,CANDIDATE_ONLY_MANUAL_REVIEW_REQUIRED,Similarity does not establish duplication; preserve both original entries
P0366,368,AVR Based Mobile Phone using AVR ATmega128A microcontroller,P0563,565,Programming AVR ADC module with WinAVR using Atmega8 microcontroller,0.7115,0.2,avr; microcontroller,CANDIDATE_ONLY_MANUAL_REVIEW_REQUIRED,Similarity does not establish duplication; preserve both original entries
P0390,392,PS2 Keyboard Interface with AVR MCU using ATmega8 microcontroller,P1868,1870,Rotary Encoder Interfacing with ATmega8 Microcontroller,0.7115,0.2,atmega8; microcontroller,CANDIDATE_ONLY_MANUAL_REVIEW_REQUIRED,Similarity does not establish duplication; preserve both original entries
P0550,552,Making a USB based AVR Programmer using ATMEGA8 Microcontroller,P0556,558,Multichannel USB Analog Sensor using ATMega48 Microcontroller,0.7115,0.2,microcontroller; usb,CANDIDATE_ONLY_MANUAL_REVIEW_REQUIRED,Similarity does not establish duplication; preserve both original entries
P0258,260,Music Playing Alarm Clock using ATmega644 microcontroller,P1320,1322,Automatic plant watering system using AVR(Atmega16) Microcontroller,0.7115,0.1,microcontroller,CANDIDATE_ONLY_MANUAL_REVIEW_REQUIRED,Similarity does not establish duplication; preserve both original entries
P0800,802,SearchBot Using Atmel Mega32,P0810,812,CalcParser Using Atmel Mega32,0.7111,0.5,atmel; mega32,CANDIDATE_ONLY_MANUAL_REVIEW_REQUIRED,Similarity does not establish duplication; preserve both original entries
P0458,460,LC Resonant Frequency Meter using AVR microcontroller,P0460,462,RF Field Strength meter using AVR microcontroller,0.7111,0.4286,avr; meter; microcontroller,CANDIDATE_ONLY_MANUAL_REVIEW_REQUIRED,Similarity does not establish duplication; preserve both original entries
P0715,717,Voting Machine Using Atmel Mega32,P0772,774,Pong2 Using Atmel Mega32,0.7111,0.4,atmel; mega32,CANDIDATE_ONLY_MANUAL_REVIEW_REQUIRED,Similarity does not establish duplication; preserve both original entries
P0313,315,Dimmer using ATTiny2313 microcontroller,P0381,383,DC Servomotor Controller System Meter using ATtiny2313 microcontroller,0.7111,0.4,attiny2313; microcontroller,CANDIDATE_ONLY_MANUAL_REVIEW_REQUIRED,Similarity does not establish duplication; preserve both original entries
P0431,433,PC Temperature Meter using ATtiny15 microcontroller,P1145,1147,Temperature Controlled DC Fan using Microcontroller,0.7111,0.3333,microcontroller; temperature,CANDIDATE_ONLY_MANUAL_REVIEW_REQUIRED,Similarity does not establish duplication; preserve both original entries
P1287,1289,Interfacing DC Motor with Atmega32 Microcontroller,P1288,1290,Stepper motor control with an ATmega8 microcontroller,0.7111,0.3333,microcontroller; motor,CANDIDATE_ONLY_MANUAL_REVIEW_REQUIRED,Similarity does not establish duplication; preserve both original entries
P0044,46,DC Motor Speed Control using PWM,P1755,1757,DC Motor Controller,0.7111,0.3333,motor,CANDIDATE_ONLY_MANUAL_REVIEW_REQUIRED,Similarity does not establish duplication; preserve both original entries
P0372,374,Speaking Calculator using AVR ATmega88 microcontroller,P1323,1325,Digital Clock using AVR Atmega16 Microcontroller,0.7111,0.2857,avr; microcontroller,CANDIDATE_ONLY_MANUAL_REVIEW_REQUIRED,Similarity does not establish duplication; preserve both original entries
P1203,1205,Interfacing LCD with ATmega32 Microcontroller,P2020,2022,Building a Basic Calculator using ATmega32 Microcontroller,0.7111,0.2857,atmega32; microcontroller,CANDIDATE_ONLY_MANUAL_REVIEW_REQUIRED,Similarity does not establish duplication; preserve both original entries
P0372,374,Speaking Calculator using AVR ATmega88 microcontroller,P2025,2027,RFID based security system using AVR ATmega32 microcontroller,0.7111,0.25,avr; microcontroller,CANDIDATE_ONLY_MANUAL_REVIEW_REQUIRED,Similarity does not establish duplication; preserve both original entries
P1191,1193,Joystick Interfacing with AVR Microcontroller,P1214,1216,How to interface RFID with AVR ATmega32 microcontroller,0.7111,0.25,avr; microcontroller,CANDIDATE_ONLY_MANUAL_REVIEW_REQUIRED,Similarity does not establish duplication; preserve both original entries
P0537,539,DS interface test tool using ATtiny2313 microcontroller,P0551,553,LED Dog Collar using ATTINY2313 Microcontroller,0.7111,0.25,attiny2313; microcontroller,CANDIDATE_ONLY_MANUAL_REVIEW_REQUIRED,Similarity does not establish duplication; preserve both original entries
P0372,374,Speaking Calculator using AVR ATmega88 microcontroller,P1237,1239,RFID based security system using AVR ATmega32 microcontroller,0.7111,0.25,avr; microcontroller,CANDIDATE_ONLY_MANUAL_REVIEW_REQUIRED,Similarity does not establish duplication; preserve both original entries
P1081,1083,How to interface RFID with AVR microcontroller (ATmega16),P1191,1193,Joystick Interfacing with AVR Microcontroller,0.7111,0.25,avr; microcontroller,CANDIDATE_ONLY_MANUAL_REVIEW_REQUIRED,Similarity does not establish duplication; preserve both original entries
P0238,240,Arduino XMAS hitcounter using AVR microcontroller,P0239,241,Arduino magnetic stripe decoder using microcontroller,0.7111,0.25,arduino; microcontroller,CANDIDATE_ONLY_MANUAL_REVIEW_REQUIRED,Similarity does not establish duplication; preserve both original entries
P0372,374,Speaking Calculator using AVR ATmega88 microcontroller,P2047,2049,RFID-Based Security System with AVR ATmega32 Microcontroller,0.7111,0.25,avr; microcontroller,CANDIDATE_ONLY_MANUAL_REVIEW_REQUIRED,Similarity does not establish duplication; preserve both original entries
P0300,302,VGA monitor tester using ATTiny2313 microcontroller,P0412,414,USB AVR programmer using ATtiny2313 microcontroller,0.7111,0.25,attiny2313; microcontroller,CANDIDATE_ONLY_MANUAL_REVIEW_REQUIRED,Similarity does not establish duplication; preserve both original entries
P2076,2078,AVR Based 8-bit DAC using ATmega16 with Proteus Simulation,P2078,2080,ATmega128 LCD Driver using ATmega128 with Proteus Simulation,0.7111,0.2222,proteus; simulation,CANDIDATE_ONLY_MANUAL_REVIEW_REQUIRED,Similarity does not establish duplication; preserve both original entries
P0288,290,Tetris and Snake with one AVR using Atmega168 microcontroller,P0426,428,Nixie Clock with AVR using ATmega48 microcontroller,0.7111,0.2222,avr; microcontroller,CANDIDATE_ONLY_MANUAL_REVIEW_REQUIRED,Similarity does not establish duplication; preserve both original entries
P0059,61,LED wind indicator Using atmega8 Microcontroller,P0407,409,80×32 LED matrix display using ATmega32 microcontroller,0.7111,0.2222,led; microcontroller,CANDIDATE_ONLY_MANUAL_REVIEW_REQUIRED,Similarity does not establish duplication; preserve both original entries
P0403,405,AVR Compiler toolchain for MAC using ATmega8 microcontroller,P0534,536,AVR mod player using ATmega325 microcontroller,0.7111,0.2222,avr; microcontroller,CANDIDATE_ONLY_MANUAL_REVIEW_REQUIRED,Similarity does not establish duplication; preserve both original entries
P0295,297,Experimental board using ATTiny2313 microcontroller,P0431,433,PC Temperature Meter using ATtiny15 microcontroller,0.7111,0.1429,microcontroller,CANDIDATE_ONLY_MANUAL_REVIEW_REQUIRED,Similarity does not establish duplication; preserve both original entries
P0330,332,Helianthus: The Solar Tracking System using ATmega16 microcontroller,P1203,1205,Interfacing LCD with ATmega32 Microcontroller,0.7111,0.125,microcontroller,CANDIDATE_ONLY_MANUAL_REVIEW_REQUIRED,Similarity does not establish duplication; preserve both original entries
P0068,70,Temperature controlled fan using PWM microcontroller,P0727,729,MIDI DRUM CONTROLLER USING MEGA 32 MICROCONTROLLER,0.7111,0.125,microcontroller,CANDIDATE_ONLY_MANUAL_REVIEW_REQUIRED,Similarity does not establish duplication; preserve both original entries
P0066,68,Digital Melody player using atmega16 microcontroller,P0072,74,LCD Message Display Using AT Mega8 microcontroller,0.7111,0.125,microcontroller,CANDIDATE_ONLY_MANUAL_REVIEW_REQUIRED,Similarity does not establish duplication; preserve both original entries
P0040,42,Traffic light controller using avr microcontroller,P0068,70,Temperature controlled fan using PWM microcontroller,0.7111,0.125,microcontroller,CANDIDATE_ONLY_MANUAL_REVIEW_REQUIRED,Similarity does not establish duplication; preserve both original entries
P0366,368,AVR Based Mobile Phone using AVR ATmega128A microcontroller,P0570,572,Servo motor control using Atmega8 microcontroller,0.7111,0.125,microcontroller,CANDIDATE_ONLY_MANUAL_REVIEW_REQUIRED,Similarity does not establish duplication; preserve both original entries
P0369,371,Mini Logic Analyzer using ATmega8 microcontroller,P1050,1052,MultiFunction LED Game Using An ATmega32 Microcontroller,0.7111,0.1111,microcontroller,CANDIDATE_ONLY_MANUAL_REVIEW_REQUIRED,Similarity does not establish duplication; preserve both original entries
P0266,268,Arduino FTDI Header using ATmega8 microcontroller,P0346,348,Modular User Interface System using ATMega88 microcontroller,0.7111,0.1111,microcontroller,CANDIDATE_ONLY_MANUAL_REVIEW_REQUIRED,Similarity does not establish duplication; preserve both original entries
P0470,472,A Pretty Good LC Meter Based on the AVR using ATTINY2313 Microcontroller,P0546,548,LED Menorah using ATtiny13 microcontroller,0.7111,0.1111,microcontroller,CANDIDATE_ONLY_MANUAL_REVIEW_REQUIRED,Similarity does not establish duplication; preserve both original entries
P0569,571,AVR LCD menu routine using ATmega8 microcontroller,P0576,578,RFID Checkout System Design using ATmega644 microcontroller,0.7111,0.1111,microcontroller,CANDIDATE_ONLY_MANUAL_REVIEW_REQUIRED,Similarity does not establish duplication; preserve both original entries
P0346,348,Modular User Interface System using ATMega88 microcontroller,P1192,1194,Flex Sensor Interfacing with AVR Microcontroller,0.7111,0.1111,microcontroller,CANDIDATE_ONLY_MANUAL_REVIEW_REQUIRED,Similarity does not establish duplication; preserve both original entries
P1063,1065,How to configure Watchdog Timers of AVR Microcontroller (ATmega16),P1067,1069,How to interface Servo Motor with AVR Microcontroller (ATmega16),0.7107,0.4,atmega16; avr; how; microcontroller,CANDIDATE_ONLY_MANUAL_REVIEW_REQUIRED,Similarity does not establish duplication; preserve both original entries
P1070,1072,How to use External (Hardware) Interrupts of AVR Microcontroller (ATmega16),P1081,1083,How to interface RFID with AVR microcontroller (ATmega16),0.7107,0.4,atmega16; avr; how; microcontroller,CANDIDATE_ONLY_MANUAL_REVIEW_REQUIRED,Similarity does not establish duplication; preserve both original entries
P0083,85,8×8 Dotmatrix Scrolling LED display using atmega8515 microcontroller,P0451,453,Serial interface with 2X16 LCD display using ATMega8515 microcontroller,0.7107,0.3,atmega8515; display; microcontroller,CANDIDATE_ONLY_MANUAL_REVIEW_REQUIRED,Similarity does not establish duplication; preserve both original entries
P0272,274,Control Anything with one AVR pin using Attiny2313 microcontroller,P0410,412,SMS control 4 way remote control relays using ATtiny2313 microcontroller,0.7107,0.2,attiny2313; microcontroller,CANDIDATE_ONLY_MANUAL_REVIEW_REQUIRED,Similarity does not establish duplication; preserve both original entries
P0374,376,Simple Automatic Battery Discharge Analyzer using ATmega48 microcontroller,P1320,1322,Automatic plant watering system using AVR(Atmega16) Microcontroller,0.7107,0.1,microcontroller,CANDIDATE_ONLY_MANUAL_REVIEW_REQUIRED,Similarity does not establish duplication; preserve both original entries
P0316,318,Programmer using ATMEGA8 microcontroller,P0605,607,Sensor Interfacing using ATmega8 microcontroller,0.7105,0.4,atmega8; microcontroller,CANDIDATE_ONLY_MANUAL_REVIEW_REQUIRED,Similarity does not establish duplication; preserve both original entries
P0082,84,Bluetooth Based Smart Home using atmega8 microcontroller,P0616,618,The WhereAVR using ATmega8 microcontroller,0.7105,0.4,atmega8; microcontroller,CANDIDATE_ONLY_MANUAL_REVIEW_REQUIRED,Similarity does not establish duplication; preserve both original entries
P0176,178,Getting started with LCD's and Microprocessors,P1950,1952,GETTING STARTED WITH AVR MICROCONTROLLER,0.7105,0.3333,getting; started,CANDIDATE_ONLY_MANUAL_REVIEW_REQUIRED,Similarity does not establish duplication; preserve both original entries
P0063,65,Simple calculator using avr microcontroller Atmega16,P1187,1189,Fire Alarm System using AVR Microcontroller,0.7105,0.2857,avr; microcontroller,CANDIDATE_ONLY_MANUAL_REVIEW_REQUIRED,Similarity does not establish duplication; preserve both original entries
P0569,571,AVR LCD menu routine using ATmega8 microcontroller,P0616,618,The WhereAVR using ATmega8 microcontroller,0.7105,0.2857,atmega8; microcontroller,CANDIDATE_ONLY_MANUAL_REVIEW_REQUIRED,Similarity does not establish duplication; preserve both original entries
P0059,61,LED wind indicator Using atmega8 Microcontroller,P0647,649,RSS Reader using ATmega8 microcontroller,0.7105,0.2857,atmega8; microcontroller,CANDIDATE_ONLY_MANUAL_REVIEW_REQUIRED,Similarity does not establish duplication; preserve both original entries
P0539,541,AvrPhone using ATmega128 microcontroller,P1323,1325,Digital Clock using AVR Atmega16 Microcontroller,0.7105,0.1667,microcontroller,CANDIDATE_ONLY_MANUAL_REVIEW_REQUIRED,Similarity does not establish duplication; preserve both original entries
P0141,143,Stripboard Arduino using ATMega168 microcontroller,P0616,618,The WhereAVR using ATmega8 microcontroller,0.7105,0.1667,microcontroller,CANDIDATE_ONLY_MANUAL_REVIEW_REQUIRED,Similarity does not establish duplication; preserve both original entries
P1979,1981,Another ATMEGA4808 Development Board,P1982,1984,Program Artou ATmega32 Development Board,0.7105,0.1667,board,CANDIDATE_ONLY_MANUAL_REVIEW_REQUIRED,Similarity does not establish duplication; preserve both original entries
P0570,572,Servo motor control using Atmega8 microcontroller,P0617,619,HVProg using ATmega8535 microcontroller,0.7105,0.1667,microcontroller,CANDIDATE_ONLY_MANUAL_REVIEW_REQUIRED,Similarity does not establish duplication; preserve both original entries
P0404,406,Wireless Lan for AVR microcontrollers,P1192,1194,Flex Sensor Interfacing with AVR Microcontroller,0.7105,0.1429,avr,CANDIDATE_ONLY_MANUAL_REVIEW_REQUIRED,Similarity does not establish duplication; preserve both original entries
P1630,1632,Microcontroller Projects: Sonar Water-Level Meter,P1750,1752,Microcontroller Based Smart Battery Charger,0.7105,0.1429,microcontroller,CANDIDATE_ONLY_MANUAL_REVIEW_REQUIRED,Similarity does not establish duplication; preserve both original entries
P0539,541,AvrPhone using ATmega128 microcontroller,P1237,1239,RFID based security system using AVR ATmega32 microcontroller,0.7105,0.1429,microcontroller,CANDIDATE_ONLY_MANUAL_REVIEW_REQUIRED,Similarity does not establish duplication; preserve both original entries
P0316,318,Programmer using ATMEGA8 microcontroller,P1237,1239,RFID based security system using AVR ATmega32 microcontroller,0.7105,0.1429,microcontroller,CANDIDATE_ONLY_MANUAL_REVIEW_REQUIRED,Similarity does not establish duplication; preserve both original entries
P0532,534,AttoBasic HOME using Atmega168 microcontroller,P0544,546,MP3 Player using ATMega128 microcontroller,0.7105,0.1429,microcontroller,CANDIDATE_ONLY_MANUAL_REVIEW_REQUIRED,Similarity does not establish duplication; preserve both original entries
P0539,541,AvrPhone using ATmega128 microcontroller,P2025,2027,RFID based security system using AVR ATmega32 microcontroller,0.7105,0.1429,microcontroller,CANDIDATE_ONLY_MANUAL_REVIEW_REQUIRED,Similarity does not establish duplication; preserve both original entries
P0539,541,AvrPhone using ATmega128 microcontroller,P2047,2049,RFID-Based Security System with AVR ATmega32 Microcontroller,0.7105,0.1429,microcontroller,CANDIDATE_ONLY_MANUAL_REVIEW_REQUIRED,Similarity does not establish duplication; preserve both original entries
P0316,318,Programmer using ATMEGA8 microcontroller,P2047,2049,RFID-Based Security System with AVR ATmega32 Microcontroller,0.7105,0.1429,microcontroller,CANDIDATE_ONLY_MANUAL_REVIEW_REQUIRED,Similarity does not establish duplication; preserve both original entries
P0316,318,Programmer using ATMEGA8 microcontroller,P2025,2027,RFID based security system using AVR ATmega32 microcontroller,0.7105,0.1429,microcontroller,CANDIDATE_ONLY_MANUAL_REVIEW_REQUIRED,Similarity does not establish duplication; preserve both original entries
P0354,356,AVR Switch Timer using ATmega8 Microcontroller,P0544,546,MP3 Player using ATMega128 microcontroller,0.7105,0.125,microcontroller,CANDIDATE_ONLY_MANUAL_REVIEW_REQUIRED,Similarity does not establish duplication; preserve both original entries
P0446,448,Atmel Test Card using ATmega32 microcontroller,P0544,546,MP3 Player using ATMega128 microcontroller,0.7105,0.125,microcontroller,CANDIDATE_ONLY_MANUAL_REVIEW_REQUIRED,Similarity does not establish duplication; preserve both original entries
P0244,246,Ard-e: The robot with an Arduino as a brain using microcontroller,P0427,429,Packet Radio using AVR microcontroller,0.7105,0.125,microcontroller,CANDIDATE_ONLY_MANUAL_REVIEW_REQUIRED,Similarity does not establish duplication; preserve both original entries
P0319,321,Kitchen Timer using ATTiny2313 microcontroller,P0503,505,White LED Drive Circuit using Tiny microcontroller,0.7105,0.125,microcontroller,CANDIDATE_ONLY_MANUAL_REVIEW_REQUIRED,Similarity does not establish duplication; preserve both original entries
P0388,390,SMS Based Voting System – AVR GSM Project using ATmega32 microcontroller,P0617,619,HVProg using ATmega8535 microcontroller,0.7105,0.125,microcontroller,CANDIDATE_ONLY_MANUAL_REVIEW_REQUIRED,Similarity does not establish duplication; preserve both original entries
P0022,24,Delta Robot using atmega32 micrcontroller,P1202,1204,Power LED Dimmer using ATmega32 Microcontroller,0.7105,0.125,atmega32,CANDIDATE_ONLY_MANUAL_REVIEW_REQUIRED,Similarity does not establish duplication; preserve both original entries
P0354,356,AVR Switch Timer using ATmega8 Microcontroller,P1186,1188,Alarm Clock using ATmega32 Microcontroller,0.7105,0.125,microcontroller,CANDIDATE_ONLY_MANUAL_REVIEW_REQUIRED,Similarity does not establish duplication; preserve both original entries
P1067,1069,How to interface Servo Motor with AVR Microcontroller (ATmega16),P1214,1216,How to interface RFID with AVR ATmega32 microcontroller,0.7103,0.4444,avr; how; interface; microcontroller,CANDIDATE_ONLY_MANUAL_REVIEW_REQUIRED,Similarity does not establish duplication; preserve both original entries
P0207,209,Arduino R/C Lawnmower (painted) using Atmega168 microcontroller,P0208,210,The Word Clock – Arduino version using ATMega168 microcontroller,0.7103,0.375,arduino; atmega168; microcontroller,CANDIDATE_ONLY_MANUAL_REVIEW_REQUIRED,Similarity does not establish duplication; preserve both original entries
P1079,1081,How to use internal ADC of AVR microcontroller using interrupts,P1081,1083,How to interface RFID with AVR microcontroller (ATmega16),0.7103,0.3,avr; how; microcontroller,CANDIDATE_ONLY_MANUAL_REVIEW_REQUIRED,Similarity does not establish duplication; preserve both original entries
P1080,1082,RFID interfacing with AVR microcontroller (ATmega16) using interrupts,P1324,1326,LCD Interface with Atmega32 AVR microcontoller for beginners,0.7103,0.0909,avr,CANDIDATE_ONLY_MANUAL_REVIEW_REQUIRED,Similarity does not establish duplication; preserve both original entries
P1061,1063,Interfacing SD Card with AVR Microcontroller,P1415,1417,Interfacing HC-05 Bluetooth module with AVR Microcontroller,0.7097,0.5,avr; interfacing; microcontroller,CANDIDATE_ONLY_MANUAL_REVIEW_REQUIRED,Similarity does not establish duplication; preserve both original entries
P0311,313,Oscilloscope using AVR microcontroller,P1187,1189,Fire Alarm System using AVR Microcontroller,0.7097,0.4,avr; microcontroller,CANDIDATE_ONLY_MANUAL_REVIEW_REQUIRED,Similarity does not establish duplication; preserve both original entries
P0407,409,80×32 LED matrix display using ATmega32 microcontroller,P1183,1185,8×8 LED Matrix Interfacing with AVR Microcontroller,0.7097,0.375,led; matrix; microcontroller,CANDIDATE_ONLY_MANUAL_REVIEW_REQUIRED,Similarity does not establish duplication; preserve both original entries
P1077,1079,How to disable JTAG of AVR microcontroller,P1995,1997,How to use Push Button with ATMEGA32 AVR Microcontroller,0.7097,0.3333,avr; how; microcontroller,CANDIDATE_ONLY_MANUAL_REVIEW_REQUIRED,Similarity does not establish duplication; preserve both original entries
P0309,311,Power Supply using AVR microcontroller,P1187,1189,Fire Alarm System using AVR Microcontroller,0.7097,0.3333,avr; microcontroller,CANDIDATE_ONLY_MANUAL_REVIEW_REQUIRED,Similarity does not establish duplication; preserve both original entries
P1077,1079,How to disable JTAG of AVR microcontroller,P1858,1860,How to Use Hall Sensor with AVR Microcontroller ATmega16,0.7097,0.3333,avr; how; microcontroller,CANDIDATE_ONLY_MANUAL_REVIEW_REQUIRED,Similarity does not establish duplication; preserve both original entries
P0427,429,Packet Radio using AVR microcontroller,P1187,1189,Fire Alarm System using AVR Microcontroller,0.7097,0.3333,avr; microcontroller,CANDIDATE_ONLY_MANUAL_REVIEW_REQUIRED,Similarity does not establish duplication; preserve both original entries
P0320,322,Tea Timer using ATTiny2313 microcontroller,P0381,383,DC Servomotor Controller System Meter using ATtiny2313 microcontroller,0.7097,0.3333,attiny2313; microcontroller,CANDIDATE_ONLY_MANUAL_REVIEW_REQUIRED,Similarity does not establish duplication; preserve both original entries
P0388,390,SMS Based Voting System – AVR GSM Project using ATmega32 microcontroller,P1214,1216,How to interface RFID with AVR ATmega32 microcontroller,0.7097,0.3333,atmega32; avr; microcontroller,CANDIDATE_ONLY_MANUAL_REVIEW_REQUIRED,Similarity does not establish duplication; preserve both original entries
P1288,1290,Stepper motor control with an ATmega8 microcontroller,P1996,1998,Interfacing Servo Motor with Atmega32 Microcontroller,0.7097,0.2857,microcontroller; motor,CANDIDATE_ONLY_MANUAL_REVIEW_REQUIRED,Similarity does not establish duplication; preserve both original entries
P0706,708,SpaceInvaders Video Game Using Mega32,P0776,778,Nova Strike video game Using Atmega32,0.7097,0.2857,game; video,CANDIDATE_ONLY_MANUAL_REVIEW_REQUIRED,Similarity does not establish duplication; preserve both original entries
P1131,1133,Running LED’s,P1139,1141,Running LED bicolor,0.7097,0.25,running,CANDIDATE_ONLY_MANUAL_REVIEW_REQUIRED,Similarity does not establish duplication; preserve both original entries
P2075,2077,Temperature Meter using ATmega16 with Proteus Simulation,P2079,2081,Digital Melody Player using ATmega8 with Proteus Simulation,0.7097,0.25,proteus; simulation,CANDIDATE_ONLY_MANUAL_REVIEW_REQUIRED,Similarity does not establish duplication; preserve both original entries
P0470,472,A Pretty Good LC Meter Based on the AVR using ATTINY2313 Microcontroller,P0602,604,The Game of Life using ATtiny2313 microcontroller,0.7097,0.25,attiny2313; microcontroller,CANDIDATE_ONLY_MANUAL_REVIEW_REQUIRED,Similarity does not establish duplication; preserve both original entries
P0709,711,Memory Video Game Using Atmel Mega32,P0741,743,Color Tetris video game using ATMega32,0.7097,0.25,game; video,CANDIDATE_ONLY_MANUAL_REVIEW_REQUIRED,Similarity does not establish duplication; preserve both original entries
P0298,300,AM radio transmission using AVR using Atmega324 microcontroller,P2047,2049,RFID-Based Security System with AVR ATmega32 Microcontroller,0.7097,0.25,avr; microcontroller,CANDIDATE_ONLY_MANUAL_REVIEW_REQUIRED,Similarity does not establish duplication; preserve both original entries
P0704,706,Frogger Video Game Using Atmel Mega32,P0776,778,Nova Strike video game Using Atmega32,0.7097,0.25,game; video,CANDIDATE_ONLY_MANUAL_REVIEW_REQUIRED,Similarity does not establish duplication; preserve both original entries
P0776,778,Nova Strike video game Using Atmega32,P0950,952,Ahhhh…BIU! video game Using Atmega1284,0.7097,0.25,game; video,CANDIDATE_ONLY_MANUAL_REVIEW_REQUIRED,Similarity does not establish duplication; preserve both original entries
P0279,281,A complete starter guide to AVRs using attiny2313 microcontroller,P0320,322,Tea Timer using ATTiny2313 microcontroller,0.7097,0.25,attiny2313; microcontroller,CANDIDATE_ONLY_MANUAL_REVIEW_REQUIRED,Similarity does not establish duplication; preserve both original entries
P0298,300,AM radio transmission using AVR using Atmega324 microcontroller,P1237,1239,RFID based security system using AVR ATmega32 microcontroller,0.7097,0.25,avr; microcontroller,CANDIDATE_ONLY_MANUAL_REVIEW_REQUIRED,Similarity does not establish duplication; preserve both original entries
P0298,300,AM radio transmission using AVR using Atmega324 microcontroller,P2025,2027,RFID based security system using AVR ATmega32 microcontroller,0.7097,0.25,avr; microcontroller,CANDIDATE_ONLY_MANUAL_REVIEW_REQUIRED,Similarity does not establish duplication; preserve both original entries
P0271,273,Color Sensor using Atmega16 microcontroller,P0355,357,5 Channel USB Analog Sensor with AVR using ATmega48 Microcontroller,0.7097,0.2222,microcontroller; sensor,CANDIDATE_ONLY_MANUAL_REVIEW_REQUIRED,Similarity does not establish duplication; preserve both original entries
P0055,57,DIY TiX Clock using ATMEGA16 AVR microcontroller,P0258,260,Music Playing Alarm Clock using ATmega644 microcontroller,0.7097,0.2,clock; microcontroller,CANDIDATE_ONLY_MANUAL_REVIEW_REQUIRED,Similarity does not establish duplication; preserve both original entries
P0310,312,LC Meter using AVR microcontroller,P0647,649,RSS Reader using ATmega8 microcontroller,0.7097,0.1667,microcontroller,CANDIDATE_ONLY_MANUAL_REVIEW_REQUIRED,Similarity does not establish duplication; preserve both original entries
P0779,781,Flat Bed Scanner Using Microcontroller,P1187,1189,Fire Alarm System using AVR Microcontroller,0.7097,0.1429,microcontroller,CANDIDATE_ONLY_MANUAL_REVIEW_REQUIRED,Similarity does not establish duplication; preserve both original entries
P0369,371,Mini Logic Analyzer using ATmega8 microcontroller,P1988,1990,Programming in the C language for the ATmega16 microcontroller,0.7097,0.125,microcontroller,CANDIDATE_ONLY_MANUAL_REVIEW_REQUIRED,Similarity does not establish duplication; preserve both original entries
P0680,682,Spring 2002 Gmouse Using Atmel ATMEGA163,P0681,683,The Rotating Globe Using Atmel Mega163,0.7097,0.125,atmel,CANDIDATE_ONLY_MANUAL_REVIEW_REQUIRED,Similarity does not establish duplication; preserve both original entries
P0717,719,Digital voice recorder using Atmel Mega32 microcontroller,P1323,1325,Digital Clock using AVR Atmega16 Microcontroller,0.7097,0.125,microcontroller,CANDIDATE_ONLY_MANUAL_REVIEW_REQUIRED,Similarity does not establish duplication; preserve both original entries
P0372,374,Speaking Calculator using AVR ATmega88 microcontroller,P1287,1289,Interfacing DC Motor with Atmega32 Microcontroller,0.7097,0.125,microcontroller,CANDIDATE_ONLY_MANUAL_REVIEW_REQUIRED,Similarity does not establish duplication; preserve both original entries
P0372,374,Speaking Calculator using AVR ATmega88 microcontroller,P1288,1290,Stepper motor control with an ATmega8 microcontroller,0.7097,0.125,microcontroller,CANDIDATE_ONLY_MANUAL_REVIEW_REQUIRED,Similarity does not establish duplication; preserve both original entries
P0346,348,Modular User Interface System using ATMega88 microcontroller,P1991,1993,4×4 Keypad Interfacing with ATmega32 Microcontroller,0.7097,0.125,microcontroller,CANDIDATE_ONLY_MANUAL_REVIEW_REQUIRED,Similarity does not establish duplication; preserve both original entries
P0270,272,Ambient Light Gift Badge using ATTiny13 microcontroller,P0575,577,Project Development Board using ATTiny2313 microcontroller,0.7097,0.125,microcontroller,CANDIDATE_ONLY_MANUAL_REVIEW_REQUIRED,Similarity does not establish duplication; preserve both original entries
P0303,305,A multifunction digital meter using Atmega128 microcontroller,P1190,1192,Anti-Theft Alert System using ATmega8 Microcontroller,0.7097,0.125,microcontroller,CANDIDATE_ONLY_MANUAL_REVIEW_REQUIRED,Similarity does not establish duplication; preserve both original entries
P0068,70,Temperature controlled fan using PWM microcontroller,P1096,1098,Stepper Motor Angle Control using AVR Microcontroller,0.7097,0.1111,microcontroller,CANDIDATE_ONLY_MANUAL_REVIEW_REQUIRED,Similarity does not establish duplication; preserve both original entries
P0190,192,Fun Hackable Speaker Timer using ATMega328 microcontroller,P1202,1204,Power LED Dimmer using ATmega32 Microcontroller,0.7097,0.1,microcontroller,CANDIDATE_ONLY_MANUAL_REVIEW_REQUIRED,Similarity does not establish duplication; preserve both original entries
P0549,551,BUILD A SIMPLE SERIAL PROGRAMMER FOR AVR DEVICES using ATtiny2313 Microcontroller,P0572,574,AVR Programmer using ATTINY2313 microcontroller,0.7091,0.5,attiny2313; avr; microcontroller; programmer,CANDIDATE_ONLY_MANUAL_REVIEW_REQUIRED,Similarity does not establish duplication; preserve both original entries
P1081,1083,How to interface RFID with AVR microcontroller (ATmega16),P1083,1085,How to interface AVR microcontroller with PC using USART (RS232 protocol),0.7091,0.4444,avr; how; interface; microcontroller,CANDIDATE_ONLY_MANUAL_REVIEW_REQUIRED,Similarity does not establish duplication; preserve both original entries
P1069,1071,How to interface LED with AVR Microcontroller (ATmega16),P1086,1088,Display custom characters on LCD using AVR Microcontroller (ATmega16),0.7091,0.3,atmega16; avr; microcontroller,CANDIDATE_ONLY_MANUAL_REVIEW_REQUIRED,Similarity does not establish duplication; preserve both original entries
P0391,393,AVR ATmega8 Project LED Moving Message Display using ATmega8 microcontroller,P0407,409,80×32 LED matrix display using ATmega32 microcontroller,0.7091,0.3,display; led; microcontroller,CANDIDATE_ONLY_MANUAL_REVIEW_REQUIRED,Similarity does not establish duplication; preserve both original entries
P1119,1121,Interfacing 4-wire Resistive Touchscreen with ATMega16 Microcontroller,P1287,1289,Interfacing DC Motor with Atmega32 Microcontroller,0.7091,0.25,interfacing; microcontroller,CANDIDATE_ONLY_MANUAL_REVIEW_REQUIRED,Similarity does not establish duplication; preserve both original entries
P0066,68,Digital Melody player using atmega16 microcontroller,P0609,611,Evertool using ATmega16 microcontroller,0.7089,0.4,atmega16; microcontroller,CANDIDATE_ONLY_MANUAL_REVIEW_REQUIRED,Similarity does not establish duplication; preserve both original entries
P0647,649,RSS Reader using ATmega8 microcontroller,P1288,1290,Stepper motor control with an ATmega8 microcontroller,0.7089,0.3333,atmega8; microcontroller,CANDIDATE_ONLY_MANUAL_REVIEW_REQUIRED,Similarity does not establish duplication; preserve both original entries
P0316,318,Programmer using ATMEGA8 microcontroller,P0444,446,Multimeter with Atmel using Atmega8-16pu microcontroller,0.7089,0.3333,atmega8; microcontroller,CANDIDATE_ONLY_MANUAL_REVIEW_REQUIRED,Similarity does not establish duplication; preserve both original entries
P0376,378,Electric Spinning Wheel using ATmega8 microcontroller,P0616,618,The WhereAVR using ATmega8 microcontroller,0.7089,0.3333,atmega8; microcontroller,CANDIDATE_ONLY_MANUAL_REVIEW_REQUIRED,Similarity does not establish duplication; preserve both original entries
P0344,346,AVR Based Operating System using ATMega32 microcontroller,P0572,574,AVR Programmer using ATTINY2313 microcontroller,0.7089,0.3333,avr; microcontroller,CANDIDATE_ONLY_MANUAL_REVIEW_REQUIRED,Similarity does not establish duplication; preserve both original entries
P0142,144,LoveBox – The box of love using ATtiny2313 Microcontroller,P0313,315,Dimmer using ATTiny2313 microcontroller,0.7089,0.3333,attiny2313; microcontroller,CANDIDATE_ONLY_MANUAL_REVIEW_REQUIRED,Similarity does not establish duplication; preserve both original entries
P0533,535,Longboard Wheel Display using AVR microcontroller,P1311,1313,Token number display system using microcontroller,0.7089,0.2857,display; microcontroller,CANDIDATE_ONLY_MANUAL_REVIEW_REQUIRED,Similarity does not establish duplication; preserve both original entries
P1204,1206,LED Blinking with ATmega32 Microcontroller,P1237,1239,RFID based security system using AVR ATmega32 microcontroller,0.7089,0.2857,atmega32; microcontroller,CANDIDATE_ONLY_MANUAL_REVIEW_REQUIRED,Similarity does not establish duplication; preserve both original entries
P0023,25,CNC Update 2 Using atmega32 microcontroller,P2047,2049,RFID-Based Security System with AVR ATmega32 Microcontroller,0.7089,0.2857,atmega32; microcontroller,CANDIDATE_ONLY_MANUAL_REVIEW_REQUIRED,Similarity does not establish duplication; preserve both original entries
P0023,25,CNC Update 2 Using atmega32 microcontroller,P2025,2027,RFID based security system using AVR ATmega32 microcontroller,0.7089,0.2857,atmega32; microcontroller,CANDIDATE_ONLY_MANUAL_REVIEW_REQUIRED,Similarity does not establish duplication; preserve both original entries
P0131,133,The Arduino LED Cube using LED microcontroller,P0266,268,Arduino FTDI Header using ATmega8 microcontroller,0.7089,0.2857,arduino; microcontroller,CANDIDATE_ONLY_MANUAL_REVIEW_REQUIRED,Similarity does not establish duplication; preserve both original entries
P1204,1206,LED Blinking with ATmega32 Microcontroller,P2047,2049,RFID-Based Security System with AVR ATmega32 Microcontroller,0.7089,0.2857,atmega32; microcontroller,CANDIDATE_ONLY_MANUAL_REVIEW_REQUIRED,Similarity does not establish duplication; preserve both original entries
P1204,1206,LED Blinking with ATmega32 Microcontroller,P2025,2027,RFID based security system using AVR ATmega32 microcontroller,0.7089,0.2857,atmega32; microcontroller,CANDIDATE_ONLY_MANUAL_REVIEW_REQUIRED,Similarity does not establish duplication; preserve both original entries
P0429,431,Frequency counter using AVR microcontroller,P0639,641,Watch controlled robot using AVR microcontroller,0.7089,0.2857,avr; microcontroller,CANDIDATE_ONLY_MANUAL_REVIEW_REQUIRED,Similarity does not establish duplication; preserve both original entries
P0023,25,CNC Update 2 Using atmega32 microcontroller,P1237,1239,RFID based security system using AVR ATmega32 microcontroller,0.7089,0.2857,atmega32; microcontroller,CANDIDATE_ONLY_MANUAL_REVIEW_REQUIRED,Similarity does not establish duplication; preserve both original entries
P0370,372,AVR LED Candle using ATtiny85 microcontroller,P0534,536,AVR mod player using ATmega325 microcontroller,0.7089,0.25,avr; microcontroller,CANDIDATE_ONLY_MANUAL_REVIEW_REQUIRED,Similarity does not establish duplication; preserve both original entries
P0415,417,VGA Monitor adaptor using AVR microcontroller,P0440,442,PWM Waveform Capture using AVR microcontroller,0.7089,0.25,avr; microcontroller,CANDIDATE_ONLY_MANUAL_REVIEW_REQUIRED,Similarity does not establish duplication; preserve both original entries
P0388,390,SMS Based Voting System – AVR GSM Project using ATmega32 microcontroller,P1186,1188,Alarm Clock using ATmega32 Microcontroller,0.7089,0.25,atmega32; microcontroller,CANDIDATE_ONLY_MANUAL_REVIEW_REQUIRED,Similarity does not establish duplication; preserve both original entries
P0465,467,Ponyprog Circuit for ATMEL’S AVR using microcontroller,P1951,1953,The LED Chasing Effect Project using Atmel AVR Microcontroller,0.7089,0.25,avr; microcontroller,CANDIDATE_ONLY_MANUAL_REVIEW_REQUIRED,Similarity does not establish duplication; preserve both original entries
P0055,57,DIY TiX Clock using ATMEGA16 AVR microcontroller,P0271,273,Color Sensor using Atmega16 microcontroller,0.7089,0.25,atmega16; microcontroller,CANDIDATE_ONLY_MANUAL_REVIEW_REQUIRED,Similarity does not establish duplication; preserve both original entries
P0604,606,The Prototino™ using ATmega168 microcontroller,P0605,607,Sensor Interfacing using ATmega8 microcontroller,0.7089,0.1667,microcontroller,CANDIDATE_ONLY_MANUAL_REVIEW_REQUIRED,Similarity does not establish duplication; preserve both original entries
P0082,84,Bluetooth Based Smart Home using atmega8 microcontroller,P0613,615,etherrape using ATmega644 microcontroller,0.7089,0.1667,microcontroller,CANDIDATE_ONLY_MANUAL_REVIEW_REQUIRED,Similarity does not establish duplication; preserve both original entries
P0539,541,AvrPhone using ATmega128 microcontroller,P0593,595,Minimalist Arduino using ATMega328P microcontroller,0.7089,0.1667,microcontroller,CANDIDATE_ONLY_MANUAL_REVIEW_REQUIRED,Similarity does not establish duplication; preserve both original entries
P0323,325,Dotmatrix using ATtiny2313 microcontroller,P0414,416,Midi Generator using ATtiny26-8PI microcontroller,0.7089,0.1429,microcontroller,CANDIDATE_ONLY_MANUAL_REVIEW_REQUIRED,Similarity does not establish duplication; preserve both original entries
P0412,414,USB AVR programmer using ATtiny2313 microcontroller,P0594,596,Batwatch using ATtiny13V microcontroller,0.7089,0.1429,microcontroller,CANDIDATE_ONLY_MANUAL_REVIEW_REQUIRED,Similarity does not establish duplication; preserve both original entries
P0570,572,Servo motor control using Atmega8 microcontroller,P1186,1188,Alarm Clock using ATmega32 Microcontroller,0.7089,0.1429,microcontroller,CANDIDATE_ONLY_MANUAL_REVIEW_REQUIRED,Similarity does not establish duplication; preserve both original entries
P0379,381,Ear Trainer using ATMega644 microcontroller,P1323,1325,Digital Clock using AVR Atmega16 Microcontroller,0.7089,0.1429,microcontroller,CANDIDATE_ONLY_MANUAL_REVIEW_REQUIRED,Similarity does not establish duplication; preserve both original entries
P0346,348,Modular User Interface System using ATMega88 microcontroller,P0616,618,The WhereAVR using ATmega8 microcontroller,0.7089,0.1429,microcontroller,CANDIDATE_ONLY_MANUAL_REVIEW_REQUIRED,Similarity does not establish duplication; preserve both original entries
P0400,402,Digital Stop Watch with ATmega8 using microcontroller,P0581,583,Wall of Pong using ATmega32 microcontroller,0.7089,0.1429,microcontroller,CANDIDATE_ONLY_MANUAL_REVIEW_REQUIRED,Similarity does not establish duplication; preserve both original entries
P0300,302,VGA monitor tester using ATTiny2313 microcontroller,P0594,596,Batwatch using ATtiny13V microcontroller,0.7089,0.1429,microcontroller,CANDIDATE_ONLY_MANUAL_REVIEW_REQUIRED,Similarity does not establish duplication; preserve both original entries
P1310,1312,16×2 LCD interface with microcontroller,P1991,1993,4×4 Keypad Interfacing with ATmega32 Microcontroller,0.7089,0.1429,microcontroller,CANDIDATE_ONLY_MANUAL_REVIEW_REQUIRED,Similarity does not establish duplication; preserve both original entries
P0323,325,Dotmatrix using ATtiny2313 microcontroller,P0327,329,6 LED Knight Rider using ATtiny22 microcontroller,0.7089,0.1429,microcontroller,CANDIDATE_ONLY_MANUAL_REVIEW_REQUIRED,Similarity does not establish duplication; preserve both original entries
P0322,324,Easy Breadboarding using ATMega microcontroller,P0344,346,AVR Based Operating System using ATMega32 microcontroller,0.7089,0.1429,microcontroller,CANDIDATE_ONLY_MANUAL_REVIEW_REQUIRED,Similarity does not establish duplication; preserve both original entries
P0271,273,Color Sensor using Atmega16 microcontroller,P2025,2027,RFID based security system using AVR ATmega32 microcontroller,0.7089,0.125,microcontroller,CANDIDATE_ONLY_MANUAL_REVIEW_REQUIRED,Similarity does not establish duplication; preserve both original entries
P0548,550,LED DOT Matrix Pong using ATMega16 Microcontroller,P0613,615,etherrape using ATmega644 microcontroller,0.7089,0.125,microcontroller,CANDIDATE_ONLY_MANUAL_REVIEW_REQUIRED,Similarity does not establish duplication; preserve both original entries
P0059,61,LED wind indicator Using atmega8 Microcontroller,P0271,273,Color Sensor using Atmega16 microcontroller,0.7089,0.125,microcontroller,CANDIDATE_ONLY_MANUAL_REVIEW_REQUIRED,Similarity does not establish duplication; preserve both original entries
P0577,579,The Self-Driving Toy Car using ATmega1284 microcontroller,P0616,618,The WhereAVR using ATmega8 microcontroller,0.7089,0.125,microcontroller,CANDIDATE_ONLY_MANUAL_REVIEW_REQUIRED,Similarity does not establish duplication; preserve both original entries
P0271,273,Color Sensor using Atmega16 microcontroller,P2047,2049,RFID-Based Security System with AVR ATmega32 Microcontroller,0.7089,0.125,microcontroller,CANDIDATE_ONLY_MANUAL_REVIEW_REQUIRED,Similarity does not establish duplication; preserve both original entries
P0046,48,Box with a Music Lock using ATMega328P Microcontroller,P0584,586,RFID security system using ATmega32 microcontroller,0.7089,0.125,microcontroller,CANDIDATE_ONLY_MANUAL_REVIEW_REQUIRED,Similarity does not establish duplication; preserve both original entries
P0414,416,Midi Generator using ATtiny26-8PI microcontroller,P0546,548,LED Menorah using ATtiny13 microcontroller,0.7089,0.125,microcontroller,CANDIDATE_ONLY_MANUAL_REVIEW_REQUIRED,Similarity does not establish duplication; preserve both original entries
P0444,446,Multimeter with Atmel using Atmega8-16pu microcontroller,P0586,588,Air-Mouse using ATmega32 microcontroller,0.7089,0.125,microcontroller,CANDIDATE_ONLY_MANUAL_REVIEW_REQUIRED,Similarity does not establish duplication; preserve both original entries
P0369,371,Mini Logic Analyzer using ATmega8 microcontroller,P1186,1188,Alarm Clock using ATmega32 Microcontroller,0.7089,0.125,microcontroller,CANDIDATE_ONLY_MANUAL_REVIEW_REQUIRED,Similarity does not establish duplication; preserve both original entries
P0271,273,Color Sensor using Atmega16 microcontroller,P1237,1239,RFID based security system using AVR ATmega32 microcontroller,0.7089,0.125,microcontroller,CANDIDATE_ONLY_MANUAL_REVIEW_REQUIRED,Similarity does not establish duplication; preserve both original entries
P0059,61,LED wind indicator Using atmega8 Microcontroller,P0379,381,Ear Trainer using ATMega644 microcontroller,0.7089,0.125,microcontroller,CANDIDATE_ONLY_MANUAL_REVIEW_REQUIRED,Similarity does not establish duplication; preserve both original entries
P0313,315,Dimmer using ATTiny2313 microcontroller,P0442,444,EEPROM Driver for AVR with RAM using ATtiny15 microcontroller,0.7089,0.125,microcontroller,CANDIDATE_ONLY_MANUAL_REVIEW_REQUIRED,Similarity does not establish duplication; preserve both original entries
P0055,57,DIY TiX Clock using ATMEGA16 AVR microcontroller,P0604,606,The Prototino™ using ATmega168 microcontroller,0.7089,0.125,microcontroller,CANDIDATE_ONLY_MANUAL_REVIEW_REQUIRED,Similarity does not establish duplication; preserve both original entries
P0324,326,AVR Based CRO using Atmega16 microcontroller,P0577,579,The Self-Driving Toy Car using ATmega1284 microcontroller,0.7089,0.1111,microcontroller,CANDIDATE_ONLY_MANUAL_REVIEW_REQUIRED,Similarity does not establish duplication; preserve both original entries
P0388,390,SMS Based Voting System – AVR GSM Project using ATmega32 microcontroller,P0544,546,MP3 Player using ATMega128 microcontroller,0.7089,0.1111,microcontroller,CANDIDATE_ONLY_MANUAL_REVIEW_REQUIRED,Similarity does not establish duplication; preserve both original entries
P2075,2077,Temperature Meter using ATmega16 with Proteus Simulation,P2082,2084,AVR Based DC Motor Controller using ATmega16 with Proteus Simulation,0.7083,0.4286,atmega16; proteus; simulation,CANDIDATE_ONLY_MANUAL_REVIEW_REQUIRED,Similarity does not establish duplication; preserve both original entries
P0362,364,AVR High Voltage Programmer Using Arduino AVR microcontroller,P0572,574,AVR Programmer using ATTINY2313 microcontroller,0.7083,0.4286,avr; microcontroller; programmer,CANDIDATE_ONLY_MANUAL_REVIEW_REQUIRED,Similarity does not establish duplication; preserve both original entries
P0766,768,Home Security System Using Atmel Mega32,P0800,802,SearchBot Using Atmel Mega32,0.7083,0.4,atmel; mega32,CANDIDATE_ONLY_MANUAL_REVIEW_REQUIRED,Similarity does not establish duplication; preserve both original entries
P1156,1158,Interfacing 16X2 LCD to AVR Microcontroller,P1286,1288,Interfacing LCD with Atmega32 Microcontroller using Atmel Studio,0.7083,0.375,interfacing; lcd; microcontroller,CANDIDATE_ONLY_MANUAL_REVIEW_REQUIRED,Similarity does not establish duplication; preserve both original entries
P0382,384,AVR Digital Hum Nuller using ATmega168 microcontroller,P0385,387,AVR Power Usage Logger using ATmega168 microcontroller,0.7083,0.375,atmega168; avr; microcontroller,CANDIDATE_ONLY_MANUAL_REVIEW_REQUIRED,Similarity does not establish duplication; preserve both original entries
P1207,1209,Lab: DC Motor Control Using an H-Bridge,P1755,1757,DC Motor Controller,0.7083,0.3333,motor,CANDIDATE_ONLY_MANUAL_REVIEW_REQUIRED,Similarity does not establish duplication; preserve both original entries
P0418,420,Atmel avr usb programmer using ATMEGA8 microcontroller,P1435,1437,TINY USB PROGRAMMER AVR MICROCONTROLLERS AVRDUDE,0.7083,0.3333,avr; programmer; usb,CANDIDATE_ONLY_MANUAL_REVIEW_REQUIRED,Similarity does not establish duplication; preserve both original entries
P1419,1421,Keypad Door Lock using AVR Microcontroller – Atmega16,P1858,1860,How to Use Hall Sensor with AVR Microcontroller ATmega16,0.7083,0.3,atmega16; avr; microcontroller,CANDIDATE_ONLY_MANUAL_REVIEW_REQUIRED,Similarity does not establish duplication; preserve both original entries
P1950,1952,GETTING STARTED WITH AVR MICROCONTROLLER,P2033,2035,Getting Started with Assembly Programming for ATMEL­AVR­Microcontrollers,0.7083,0.2857,getting; started,CANDIDATE_ONLY_MANUAL_REVIEW_REQUIRED,Similarity does not establish duplication; preserve both original entries
P0272,274,Control Anything with one AVR pin using Attiny2313 microcontroller,P0315,317,Beamer Control using attiny2313 microcontroller,0.7083,0.2857,attiny2313; microcontroller,CANDIDATE_ONLY_MANUAL_REVIEW_REQUIRED,Similarity does not establish duplication; preserve both original entries
P0200,202,The Household Informer using atmega168 microcontroller,P0208,210,The Word Clock – Arduino version using ATMega168 microcontroller,0.7083,0.25,atmega168; microcontroller,CANDIDATE_ONLY_MANUAL_REVIEW_REQUIRED,Similarity does not establish duplication; preserve both original entries
P0272,274,Control Anything with one AVR pin using Attiny2313 microcontroller,P0368,370,Clever Clapper using ATtiny2313 microcontroller,0.7083,0.25,attiny2313; microcontroller,CANDIDATE_ONLY_MANUAL_REVIEW_REQUIRED,Similarity does not establish duplication; preserve both original entries
P0295,297,Experimental board using ATTiny2313 microcontroller,P0373,375,AVR Security Keypad Lock using ATtiny2313 microcontroller,0.7083,0.25,attiny2313; microcontroller,CANDIDATE_ONLY_MANUAL_REVIEW_REQUIRED,Similarity does not establish duplication; preserve both original entries
P0378,380,AVR Data Logger with MicroSD using ATmega32 microcontroller,P0382,384,AVR Digital Hum Nuller using ATmega168 microcontroller,0.7083,0.2222,avr; microcontroller,CANDIDATE_ONLY_MANUAL_REVIEW_REQUIRED,Similarity does not establish duplication; preserve both original entries
P0055,57,DIY TiX Clock using ATMEGA16 AVR microcontroller,P0224,226,Arduino Powered Binary Clock using ATmega168 microcontroller,0.7083,0.2,clock; microcontroller,CANDIDATE_ONLY_MANUAL_REVIEW_REQUIRED,Similarity does not establish duplication; preserve both original entries
P0894,896,Der Kapellmeister Using Atmega644,P0943,945,Ear Trainer Using Atmega644,0.7083,0.2,atmega644,CANDIDATE_ONLY_MANUAL_REVIEW_REQUIRED,Similarity does not establish duplication; preserve both original entries
P1410,1412,Power factor measurement using Atmel AVR Micro-Controllers,P1951,1953,The LED Chasing Effect Project using Atmel AVR Microcontroller,0.7083,0.1818,atmel; avr,CANDIDATE_ONLY_MANUAL_REVIEW_REQUIRED,Similarity does not establish duplication; preserve both original entries
P0066,68,Digital Melody player using atmega16 microcontroller,P0299,301,Digital oscilloscope GLCD using Atmega32 microcontroller,0.7083,0.1429,microcontroller,CANDIDATE_ONLY_MANUAL_REVIEW_REQUIRED,Similarity does not establish duplication; preserve both original entries
P0683,685,MP3 Player Using Atmel Mega103L,P0748,750,Tap the Dance using Atmel Mega163,0.7083,0.1429,atmel,CANDIDATE_ONLY_MANUAL_REVIEW_REQUIRED,Similarity does not establish duplication; preserve both original entries
P0082,84,Bluetooth Based Smart Home using atmega8 microcontroller,P0190,192,Fun Hackable Speaker Timer using ATMega328 microcontroller,0.7083,0.1111,microcontroller,CANDIDATE_ONLY_MANUAL_REVIEW_REQUIRED,Similarity does not establish duplication; preserve both original entries
P0346,348,Modular User Interface System using ATMega88 microcontroller,P1193,1195,Touch Keypad Interfacing with ATmega32 Microcontroller,0.7083,0.1111,microcontroller,CANDIDATE_ONLY_MANUAL_REVIEW_REQUIRED,Similarity does not establish duplication; preserve both original entries
P1063,1065,How to configure Watchdog Timers of AVR Microcontroller (ATmega16),P1069,1071,How to interface LED with AVR Microcontroller (ATmega16),0.708,0.4444,atmega16; avr; how; microcontroller,CANDIDATE_ONLY_MANUAL_REVIEW_REQUIRED,Similarity does not establish duplication; preserve both original entries
P0305,307,Turn your TV into a Digital Voltmeter using Atmel’s AVR 90S1200 microcontroller,P1195,1197,0-25V Digital Voltmeter using AVR Microcontroller,0.708,0.3333,avr; microcontroller; voltmeter,CANDIDATE_ONLY_MANUAL_REVIEW_REQUIRED,Similarity does not establish duplication; preserve both original entries
P0306,308,Multi-channel temperature logger using Atmega48 microcontroller,P0355,357,5 Channel USB Analog Sensor with AVR using ATmega48 Microcontroller,0.708,0.3,atmega48; channel; microcontroller,CANDIDATE_ONLY_MANUAL_REVIEW_REQUIRED,Similarity does not establish duplication; preserve both original entries
P1324,1326,LCD Interface with Atmega32 AVR microcontoller for beginners,P1994,1996,Interfacing LCD 16×2 with ATMEGA32 AVR Microcontroller in 4-bit mode,0.708,0.2727,atmega32; avr; lcd,CANDIDATE_ONLY_MANUAL_REVIEW_REQUIRED,Similarity does not establish duplication; preserve both original entries
P1067,1069,How to interface Servo Motor with AVR Microcontroller (ATmega16),P1386,1388,PIR motion sensor interface with AVR-microcontroller ATMEGA32,0.708,0.2727,avr; interface; microcontroller,CANDIDATE_ONLY_MANUAL_REVIEW_REQUIRED,Similarity does not establish duplication; preserve both original entries
P0085,87,DS1820 Temperature Controller using atmega8515 microcontroller,P0306,308,Multi-channel temperature logger using Atmega48 microcontroller,0.708,0.25,microcontroller; temperature,CANDIDATE_ONLY_MANUAL_REVIEW_REQUIRED,Similarity does not establish duplication; preserve both original entries
P0165,167,FanBus Digital Fan and LED Interface for PC using ATMega168 microcontroller,P0382,384,AVR Digital Hum Nuller using ATmega168 microcontroller,0.708,0.2222,atmega168; microcontroller,CANDIDATE_ONLY_MANUAL_REVIEW_REQUIRED,Similarity does not establish duplication; preserve both original entries
P0310,312,LC Meter using AVR microcontroller,P0317,319,Programmer UsbAsp using AVR microcontroller,0.7077,0.4,avr; microcontroller,CANDIDATE_ONLY_MANUAL_REVIEW_REQUIRED,Similarity does not establish duplication; preserve both original entries
P0311,313,Oscilloscope using AVR microcontroller,P0436,438,8 Channel PWM using AVR microcontroller,0.7077,0.4,avr; microcontroller,CANDIDATE_ONLY_MANUAL_REVIEW_REQUIRED,Similarity does not establish duplication; preserve both original entries
P0310,312,LC Meter using AVR microcontroller,P0333,335,93C66 EEPROM chip with an AVR microcontroller,0.7077,0.3333,avr; microcontroller,CANDIDATE_ONLY_MANUAL_REVIEW_REQUIRED,Similarity does not establish duplication; preserve both original entries
P0793,795,Guitar Synthesizer and Game Using Atmega32,P0822,824,MCU MIDI synthesizer using Atmega32,0.7077,0.3333,atmega32; synthesizer,CANDIDATE_ONLY_MANUAL_REVIEW_REQUIRED,Similarity does not establish duplication; preserve both original entries
P0705,707,Space Fighter Video Game Using ATMega32,P0744,746,Duckhunt video game using Atmel Mega32,0.7077,0.25,game; video,CANDIDATE_ONLY_MANUAL_REVIEW_REQUIRED,Similarity does not establish duplication; preserve both original entries
P1198,1200,0-99 Counter using AVR Microcontroller,P1310,1312,16×2 LCD interface with microcontroller,0.7077,0.1667,microcontroller,CANDIDATE_ONLY_MANUAL_REVIEW_REQUIRED,Similarity does not establish duplication; preserve both original entries
P0392,394,PC Controlled Robot using ATmega32,P1571,1573,PC CONTROLLED FLOWER WATERING CIRCUIT WITH ATMEGA8,0.7077,0.1667,controlled,CANDIDATE_ONLY_MANUAL_REVIEW_REQUIRED,Similarity does not establish duplication; preserve both original entries
P0131,133,The Arduino LED Cube using LED microcontroller,P0421,423,Heart of LEDs using microcontroller,0.7077,0.1667,microcontroller,CANDIDATE_ONLY_MANUAL_REVIEW_REQUIRED,Similarity does not establish duplication; preserve both original entries
P0436,438,8 Channel PWM using AVR microcontroller,P0779,781,Flat Bed Scanner Using Microcontroller,0.7077,0.1429,microcontroller,CANDIDATE_ONLY_MANUAL_REVIEW_REQUIRED,Similarity does not establish duplication; preserve both original entries
P1187,1189,Fire Alarm System using AVR Microcontroller,P1631,1633,Line Follower Robot using Microcontroller,0.7077,0.1429,microcontroller,CANDIDATE_ONLY_MANUAL_REVIEW_REQUIRED,Similarity does not establish duplication; preserve both original entries
P0389,391,Line Following Robot using AVR ATmega8,P0945,947,LED-Following K'NEX Car Using atmega644,0.7077,0.1111,following,CANDIDATE_ONLY_MANUAL_REVIEW_REQUIRED,Similarity does not establish duplication; preserve both original entries
P0741,743,Color Tetris video game using ATMega32,P0829,831,"A portable, color, tilt-controlled video game system Using Atmega32",0.7073,0.5,atmega32; color; game; video,CANDIDATE_ONLY_MANUAL_REVIEW_REQUIRED,Similarity does not establish duplication; preserve both original entries
P0328,330,8 LED Knight Rider using AVR microcontroller,P1951,1953,The LED Chasing Effect Project using Atmel AVR Microcontroller,0.7073,0.375,avr; led; microcontroller,CANDIDATE_ONLY_MANUAL_REVIEW_REQUIRED,Similarity does not establish duplication; preserve both original entries
P0612,614,AVR DDS signal generator V2.0 using ATmega16,P0619,621,USB controlled DDS signal generator with ATmega88,0.7073,0.375,dds; generator; signal,CANDIDATE_ONLY_MANUAL_REVIEW_REQUIRED,Similarity does not establish duplication; preserve both original entries
P0142,144,LoveBox – The box of love using ATtiny2313 Microcontroller,P0323,325,Dotmatrix using ATtiny2313 microcontroller,0.7073,0.3333,attiny2313; microcontroller,CANDIDATE_ONLY_MANUAL_REVIEW_REQUIRED,Similarity does not establish duplication; preserve both original entries
P0431,433,PC Temperature Meter using ATtiny15 microcontroller,P0433,435,Capacitance Meter using AVR microcontroller,0.7073,0.3333,meter; microcontroller,CANDIDATE_ONLY_MANUAL_REVIEW_REQUIRED,Similarity does not establish duplication; preserve both original entries
P0157,159,Programmable LED using Atmel ATtiny13v Microcontroller,P0594,596,Batwatch using ATtiny13V microcontroller,0.7073,0.3333,attiny13v; microcontroller,CANDIDATE_ONLY_MANUAL_REVIEW_REQUIRED,Similarity does not establish duplication; preserve both original entries
P0313,315,Dimmer using ATTiny2313 microcontroller,P0438,440,Morse Code Alarm Clock using ATtiny2313 microcontroller,0.7073,0.2857,attiny2313; microcontroller,CANDIDATE_ONLY_MANUAL_REVIEW_REQUIRED,Similarity does not establish duplication; preserve both original entries
P0444,446,Multimeter with Atmel using Atmega8-16pu microcontroller,P0615,617,Video Overlay using ATmega8 microcontroller,0.7073,0.2857,atmega8; microcontroller,CANDIDATE_ONLY_MANUAL_REVIEW_REQUIRED,Similarity does not establish duplication; preserve both original entries
P0400,402,Digital Stop Watch with ATmega8 using microcontroller,P1190,1192,Anti-Theft Alert System using ATmega8 Microcontroller,0.7073,0.2857,atmega8; microcontroller,CANDIDATE_ONLY_MANUAL_REVIEW_REQUIRED,Similarity does not establish duplication; preserve both original entries
P0324,326,AVR Based CRO using Atmega16 microcontroller,P0330,332,Helianthus: The Solar Tracking System using ATmega16 microcontroller,0.7073,0.2857,atmega16; microcontroller,CANDIDATE_ONLY_MANUAL_REVIEW_REQUIRED,Similarity does not establish duplication; preserve both original entries
P0429,431,Frequency counter using AVR microcontroller,P1108,1110,LED Light Bulb Controller using AVR Microcontroller,0.7073,0.2857,avr; microcontroller,CANDIDATE_ONLY_MANUAL_REVIEW_REQUIRED,Similarity does not establish duplication; preserve both original entries
P0471,473,A SIMPLE MANUAL CURVE TRACER using microcontroller,P0499,501,Simple LM335 Thermometer using microcontroller,0.7073,0.2857,microcontroller; simple,CANDIDATE_ONLY_MANUAL_REVIEW_REQUIRED,Similarity does not establish duplication; preserve both original entries
P0008,10,Generating AUDIO ECHO using Atmega32 microcontroller,P1186,1188,Alarm Clock using ATmega32 Microcontroller,0.7073,0.2857,atmega32; microcontroller,CANDIDATE_ONLY_MANUAL_REVIEW_REQUIRED,Similarity does not establish duplication; preserve both original entries
P1203,1205,Interfacing LCD with ATmega32 Microcontroller,P1309,1311,DS1307 RTC Interfacing with AVR microcontroller,0.7073,0.2857,interfacing; microcontroller,CANDIDATE_ONLY_MANUAL_REVIEW_REQUIRED,Similarity does not establish duplication; preserve both original entries
P0426,428,Nixie Clock with AVR using ATmega48 microcontroller,P1237,1239,RFID based security system using AVR ATmega32 microcontroller,0.7073,0.25,avr; microcontroller,CANDIDATE_ONLY_MANUAL_REVIEW_REQUIRED,Similarity does not establish duplication; preserve both original entries
P0325,327,PCM Audio Based Door Bell using Atmega32 microcontroller,P0344,346,AVR Based Operating System using ATMega32 microcontroller,0.7073,0.25,atmega32; microcontroller,CANDIDATE_ONLY_MANUAL_REVIEW_REQUIRED,Similarity does not establish duplication; preserve both original entries
P0426,428,Nixie Clock with AVR using ATmega48 microcontroller,P2047,2049,RFID-Based Security System with AVR ATmega32 Microcontroller,0.7073,0.25,avr; microcontroller,CANDIDATE_ONLY_MANUAL_REVIEW_REQUIRED,Similarity does not establish duplication; preserve both original entries
P0489,491,I2C Tiny USB using ATtiny45 microcontroller,P0614,616,Stealth USB CapsLocker using Tiny45 microcontroller,0.7073,0.25,microcontroller; usb,CANDIDATE_ONLY_MANUAL_REVIEW_REQUIRED,Similarity does not establish duplication; preserve both original entries
P0426,428,Nixie Clock with AVR using ATmega48 microcontroller,P2025,2027,RFID based security system using AVR ATmega32 microcontroller,0.7073,0.25,avr; microcontroller,CANDIDATE_ONLY_MANUAL_REVIEW_REQUIRED,Similarity does not establish duplication; preserve both original entries
P0055,57,DIY TiX Clock using ATMEGA16 AVR microcontroller,P2052,2054,DIY 3D LED Cube Using ATmega32 Microcontroller,0.7073,0.2222,diy; microcontroller,CANDIDATE_ONLY_MANUAL_REVIEW_REQUIRED,Similarity does not establish duplication; preserve both original entries
P0238,240,Arduino XMAS hitcounter using AVR microcontroller,P0273,275,Mini RGB Light Cube using AVR microcontroller,0.7073,0.2222,avr; microcontroller,CANDIDATE_ONLY_MANUAL_REVIEW_REQUIRED,Similarity does not establish duplication; preserve both original entries
P0311,313,Oscilloscope using AVR microcontroller,P2036,2038,Graphical LCD Oscilloscope using ATmega16Microcontroller,0.7073,0.1667,oscilloscope,CANDIDATE_ONLY_MANUAL_REVIEW_REQUIRED,Similarity does not establish duplication; preserve both original entries
P0271,273,Color Sensor using Atmega16 microcontroller,P0359,361,Ultrasonic Security System using Atmega644 microcontroller,0.7073,0.1429,microcontroller,CANDIDATE_ONLY_MANUAL_REVIEW_REQUIRED,Similarity does not establish duplication; preserve both original entries
P0400,402,Digital Stop Watch with ATmega8 using microcontroller,P0532,534,AttoBasic HOME using Atmega168 microcontroller,0.7073,0.1429,microcontroller,CANDIDATE_ONLY_MANUAL_REVIEW_REQUIRED,Similarity does not establish duplication; preserve both original entries
P0581,583,Wall of Pong using ATmega32 microcontroller,P0593,595,Minimalist Arduino using ATMega328P microcontroller,0.7073,0.1429,microcontroller,CANDIDATE_ONLY_MANUAL_REVIEW_REQUIRED,Similarity does not establish duplication; preserve both original entries
P0593,595,Minimalist Arduino using ATMega328P microcontroller,P1204,1206,LED Blinking with ATmega32 Microcontroller,0.7073,0.1429,microcontroller,CANDIDATE_ONLY_MANUAL_REVIEW_REQUIRED,Similarity does not establish duplication; preserve both original entries
P0584,586,RFID security system using ATmega32 microcontroller,P1981,1983,Simple Standalone ATMega328p Microcontroller,0.7073,0.1429,microcontroller,CANDIDATE_ONLY_MANUAL_REVIEW_REQUIRED,Similarity does not establish duplication; preserve both original entries
P0271,273,Color Sensor using Atmega16 microcontroller,P1288,1290,Stepper motor control with an ATmega8 microcontroller,0.7073,0.1429,microcontroller,CANDIDATE_ONLY_MANUAL_REVIEW_REQUIRED,Similarity does not establish duplication; preserve both original entries
P0444,446,Multimeter with Atmel using Atmega8-16pu microcontroller,P0604,606,The Prototino™ using ATmega168 microcontroller,0.7073,0.1429,microcontroller,CANDIDATE_ONLY_MANUAL_REVIEW_REQUIRED,Similarity does not establish duplication; preserve both original entries
P0550,552,Making a USB based AVR Programmer using ATMEGA8 Microcontroller,P0617,619,HVProg using ATmega8535 microcontroller,0.7073,0.125,microcontroller,CANDIDATE_ONLY_MANUAL_REVIEW_REQUIRED,Similarity does not establish duplication; preserve both original entries
P0432,434,Atmel Avr Project Circuit Archive 360 MB using ATmega8 microcontroller,P0539,541,AvrPhone using ATmega128 microcontroller,0.7073,0.125,microcontroller,CANDIDATE_ONLY_MANUAL_REVIEW_REQUIRED,Similarity does not establish duplication; preserve both original entries
P0378,380,AVR Data Logger with MicroSD using ATmega32 microcontroller,P0539,541,AvrPhone using ATmega128 microcontroller,0.7073,0.125,microcontroller,CANDIDATE_ONLY_MANUAL_REVIEW_REQUIRED,Similarity does not establish duplication; preserve both original entries
P0446,448,Atmel Test Card using ATmega32 microcontroller,P1323,1325,Digital Clock using AVR Atmega16 Microcontroller,0.7073,0.125,microcontroller,CANDIDATE_ONLY_MANUAL_REVIEW_REQUIRED,Similarity does not establish duplication; preserve both original entries
P0271,273,Color Sensor using Atmega16 microcontroller,P0444,446,Multimeter with Atmel using Atmega8-16pu microcontroller,0.7073,0.125,microcontroller,CANDIDATE_ONLY_MANUAL_REVIEW_REQUIRED,Similarity does not establish duplication; preserve both original entries
P0322,324,Easy Breadboarding using ATMega microcontroller,P1202,1204,Power LED Dimmer using ATmega32 Microcontroller,0.7073,0.125,microcontroller,CANDIDATE_ONLY_MANUAL_REVIEW_REQUIRED,Similarity does not establish duplication; preserve both original entries
P0320,322,Tea Timer using ATTiny2313 microcontroller,P0442,444,EEPROM Driver for AVR with RAM using ATtiny15 microcontroller,0.7073,0.1111,microcontroller,CANDIDATE_ONLY_MANUAL_REVIEW_REQUIRED,Similarity does not establish duplication; preserve both original entries
P0442,444,EEPROM Driver for AVR with RAM using ATtiny15 microcontroller,P0546,548,LED Menorah using ATtiny13 microcontroller,0.7073,0.1111,microcontroller,CANDIDATE_ONLY_MANUAL_REVIEW_REQUIRED,Similarity does not establish duplication; preserve both original entries
P0418,420,Atmel avr usb programmer using ATMEGA8 microcontroller,P0586,588,Air-Mouse using ATmega32 microcontroller,0.7073,0.1111,microcontroller,CANDIDATE_ONLY_MANUAL_REVIEW_REQUIRED,Similarity does not establish duplication; preserve both original entries
P0059,61,LED wind indicator Using atmega8 Microcontroller,P0446,448,Atmel Test Card using ATmega32 microcontroller,0.7073,0.1111,microcontroller,CANDIDATE_ONLY_MANUAL_REVIEW_REQUIRED,Similarity does not establish duplication; preserve both original entries
P0442,444,EEPROM Driver for AVR with RAM using ATtiny15 microcontroller,P0503,505,White LED Drive Circuit using Tiny microcontroller,0.7073,0.1,microcontroller,CANDIDATE_ONLY_MANUAL_REVIEW_REQUIRED,Similarity does not establish duplication; preserve both original entries
P0448,450,Dot Matrix Display Applications using AT89C2051 microcontroller,P0541,543,LED Matrix Display using TD62783 microcontroller,0.7071,0.375,display; matrix; microcontroller,CANDIDATE_ONLY_MANUAL_REVIEW_REQUIRED,Similarity does not establish duplication; preserve both original entries
P1077,1079,How to disable JTAG of AVR microcontroller,P1079,1081,How to use internal ADC of AVR microcontroller using interrupts,0.7071,0.3333,avr; how; microcontroller,CANDIDATE_ONLY_MANUAL_REVIEW_REQUIRED,Similarity does not establish duplication; preserve both original entries
P0418,420,Atmel avr usb programmer using ATMEGA8 microcontroller,P0568,570,Simplified AVR LCD routines using ATmega8 microcontroller,0.7071,0.3333,atmega8; avr; microcontroller,CANDIDATE_ONLY_MANUAL_REVIEW_REQUIRED,Similarity does not establish duplication; preserve both original entries
P1419,1421,Keypad Door Lock using AVR Microcontroller – Atmega16,P1864,1866,Interfacing Stepper Motor with AVR Microcontroller Atmega16,0.7071,0.3333,atmega16; avr; microcontroller,CANDIDATE_ONLY_MANUAL_REVIEW_REQUIRED,Similarity does not establish duplication; preserve both original entries
P0368,370,Clever Clapper using ATtiny2313 microcontroller,P0380,382,Low Picofarad Capacitance Meter ATtiny2313 microcontroller,0.7071,0.25,attiny2313; microcontroller,CANDIDATE_ONLY_MANUAL_REVIEW_REQUIRED,Similarity does not establish duplication; preserve both original entries
P0380,382,Low Picofarad Capacitance Meter ATtiny2313 microcontroller,P0572,574,AVR Programmer using ATTINY2313 microcontroller,0.7071,0.25,attiny2313; microcontroller,CANDIDATE_ONLY_MANUAL_REVIEW_REQUIRED,Similarity does not establish duplication; preserve both original entries
P0039,41,ATTiny Board For AVR ATTiny microcontrollers,P0138,140,AVR mini board with additional boards using attiny2313 microcontroller,0.7071,0.2222,avr; board,CANDIDATE_ONLY_MANUAL_REVIEW_REQUIRED,Similarity does not establish duplication; preserve both original entries
P0366,368,AVR Based Mobile Phone using AVR ATmega128A microcontroller,P0394,396,AVR RGB LED and Sound Show using ATmega168 microcontroller,0.7071,0.2,avr; microcontroller,CANDIDATE_ONLY_MANUAL_REVIEW_REQUIRED,Similarity does not establish duplication; preserve both original entries
P1296,1298,How to use I2C-bus on the Atmel AVR Microcontroller,P1410,1412,Power factor measurement using Atmel AVR Micro-Controllers,0.7071,0.1667,atmel; avr,CANDIDATE_ONLY_MANUAL_REVIEW_REQUIRED,Similarity does not establish duplication; preserve both original entries
P0303,305,A multifunction digital meter using Atmega128 microcontroller,P2003,2005,Introduction to the Atmel ATmega16 Microcontroller,0.7071,0.1429,microcontroller,CANDIDATE_ONLY_MANUAL_REVIEW_REQUIRED,Similarity does not establish duplication; preserve both original entries
P0200,202,The Household Informer using atmega168 microcontroller,P0445,447,Computer connected Flower Water Circuit using ATmega8 microcontroller,0.7071,0.1111,microcontroller,CANDIDATE_ONLY_MANUAL_REVIEW_REQUIRED,Similarity does not establish duplication; preserve both original entries
P0190,192,Fun Hackable Speaker Timer using ATMega328 microcontroller,P1050,1052,MultiFunction LED Game Using An ATmega32 Microcontroller,0.7071,0.1,microcontroller,CANDIDATE_ONLY_MANUAL_REVIEW_REQUIRED,Similarity does not establish duplication; preserve both original entries
P0258,260,Music Playing Alarm Clock using ATmega644 microcontroller,P0372,374,Speaking Calculator using AVR ATmega88 microcontroller,0.7071,0.1,microcontroller,CANDIDATE_ONLY_MANUAL_REVIEW_REQUIRED,Similarity does not establish duplication; preserve both original entries
P1063,1065,How to configure Watchdog Timers of AVR Microcontroller (ATmega16),P1068,1070,How to interface keypad with AVR microcontroller (ATmega16),0.7069,0.4444,atmega16; avr; how; microcontroller,CANDIDATE_ONLY_MANUAL_REVIEW_REQUIRED,Similarity does not establish duplication; preserve both original entries
P0547,549,How to control Stepper Motor using AT89C51 Microcontroller,P1111,1113,Speed and Direction Control of Stepper Motor using AVR Microcontroller,0.7069,0.375,microcontroller; motor; stepper,CANDIDATE_ONLY_MANUAL_REVIEW_REQUIRED,Similarity does not establish duplication; preserve both original entries
P1069,1071,How to interface LED with AVR Microcontroller (ATmega16),P1855,1857,GPS module (uBlox Neo 6M) Interfacing with AVR Microcontroller Atmega16/32,0.7069,0.2727,atmega16; avr; microcontroller,CANDIDATE_ONLY_MANUAL_REVIEW_REQUIRED,Similarity does not establish duplication; preserve both original entries
P0044,46,DC Motor Speed Control using PWM,P1147,1149,PWM Based DC Motor Speed Control using Microcontroller,0.7059,0.75,motor; pwm; speed,CANDIDATE_ONLY_MANUAL_REVIEW_REQUIRED,Similarity does not establish duplication; preserve both original entries
P1295,1297,Interfacing GSM Module with Atmega32 AVR microcontroller,P1413,1415,Interfacing GSM Module with AVR Microcontroller: Send and Receive Messages,0.7059,0.5556,avr; gsm; interfacing; microcontroller; module,CANDIDATE_ONLY_MANUAL_REVIEW_REQUIRED,Similarity does not establish duplication; preserve both original entries
P1421,1423,Interfacing LCD Module with AVR in 4-Bit Mode,P1867,1869,Interfacing 16×2 LCD with Atmega16 AVR Microcontroller in 4-Bit Mode,0.7059,0.5556,avr; bit; interfacing; lcd; mode,CANDIDATE_ONLY_MANUAL_REVIEW_REQUIRED,Similarity does not establish duplication; preserve both original entries
P1421,1423,Interfacing LCD Module with AVR in 4-Bit Mode,P1994,1996,Interfacing LCD 16×2 with ATMEGA32 AVR Microcontroller in 4-bit mode,0.7059,0.5556,avr; bit; interfacing; lcd; mode,CANDIDATE_ONLY_MANUAL_REVIEW_REQUIRED,Similarity does not establish duplication; preserve both original entries
P0870,872,Wireless Music Player Using Atmega32,P1473,1475,RTTTL Player for the ATmega32,0.7059,0.5,atmega32; player,CANDIDATE_ONLY_MANUAL_REVIEW_REQUIRED,Similarity does not establish duplication; preserve both original entries
P0731,733,Missle Command video game using Atmega32,P0853,855,3D Maze in a Box video game Using Atmega32,0.7059,0.4286,atmega32; game; video,CANDIDATE_ONLY_MANUAL_REVIEW_REQUIRED,Similarity does not establish duplication; preserve both original entries
P0819,821,"Morse code interpreter, with speech synthesis Using Atmega32",P0876,878,Alarm clock with speech synthesis Using Atmega32,0.7059,0.375,atmega32; speech; synthesis,CANDIDATE_ONLY_MANUAL_REVIEW_REQUIRED,Similarity does not establish duplication; preserve both original entries
P1193,1195,Touch Keypad Interfacing with ATmega32 Microcontroller,P1286,1288,Interfacing LCD with Atmega32 Microcontroller using Atmel Studio,0.7059,0.375,atmega32; interfacing; microcontroller,CANDIDATE_ONLY_MANUAL_REVIEW_REQUIRED,Similarity does not establish duplication; preserve both original entries
P0681,683,The Rotating Globe Using Atmel Mega163,P0748,750,Tap the Dance using Atmel Mega163,0.7059,0.3333,atmel; mega163,CANDIDATE_ONLY_MANUAL_REVIEW_REQUIRED,Similarity does not establish duplication; preserve both original entries
P0893,895,IR harp using Atmega644,P0983,985,RoboSLR Using Atmega644,0.7059,0.3333,atmega644,CANDIDATE_ONLY_MANUAL_REVIEW_REQUIRED,Similarity does not establish duplication; preserve both original entries
P0436,438,8 Channel PWM using AVR microcontroller,P0465,467,Ponyprog Circuit for ATMEL’S AVR using microcontroller,0.7059,0.3333,avr; microcontroller,CANDIDATE_ONLY_MANUAL_REVIEW_REQUIRED,Similarity does not establish duplication; preserve both original entries
P0570,572,Servo motor control using Atmega8 microcontroller,P1147,1149,PWM Based DC Motor Speed Control using Microcontroller,0.7059,0.3333,microcontroller; motor,CANDIDATE_ONLY_MANUAL_REVIEW_REQUIRED,Similarity does not establish duplication; preserve both original entries
P2069,2071,AVR External Memory Access using ATmega8515 with Proteus Simulation,P2070,2072,Dual Thermometer using ATmega8515 with Proteus Simulation,0.7059,0.3333,atmega8515; proteus; simulation,CANDIDATE_ONLY_MANUAL_REVIEW_REQUIRED,Similarity does not establish duplication; preserve both original entries
P0275,277,AVR acoustic spectrum analyzer using Atmega8 microcontroller,P0418,420,Atmel avr usb programmer using ATMEGA8 microcontroller,0.7059,0.3333,atmega8; avr; microcontroller,CANDIDATE_ONLY_MANUAL_REVIEW_REQUIRED,Similarity does not establish duplication; preserve both original entries
P0465,467,Ponyprog Circuit for ATMEL’S AVR using microcontroller,P1189,1191,100mA Ammeter using AVR Microcontroller,0.7059,0.3333,avr; microcontroller,CANDIDATE_ONLY_MANUAL_REVIEW_REQUIRED,Similarity does not establish duplication; preserve both original entries
P1061,1063,Interfacing SD Card with AVR Microcontroller,P1991,1993,4×4 Keypad Interfacing with ATmega32 Microcontroller,0.7059,0.3333,interfacing; microcontroller,CANDIDATE_ONLY_MANUAL_REVIEW_REQUIRED,Similarity does not establish duplication; preserve both original entries
P0310,312,LC Meter using AVR microcontroller,P1097,1099,Audio Tone Generator using AVR Microcontroller,0.7059,0.3333,avr; microcontroller,CANDIDATE_ONLY_MANUAL_REVIEW_REQUIRED,Similarity does not establish duplication; preserve both original entries
P0382,384,AVR Digital Hum Nuller using ATmega168 microcontroller,P0604,606,The Prototino™ using ATmega168 microcontroller,0.7059,0.3333,atmega168; microcontroller,CANDIDATE_ONLY_MANUAL_REVIEW_REQUIRED,Similarity does not establish duplication; preserve both original entries
P1246,1248,A simple brushless sensorless motor driver for AVR Atmega,P1493,1495,HDD BRUSHLESS MOTOR DRIVER CIRCUIT ATMEGA8,0.7059,0.3333,brushless; driver; motor,CANDIDATE_ONLY_MANUAL_REVIEW_REQUIRED,Similarity does not establish duplication; preserve both original entries
P0249,251,Singing Pumpkins/ Arduino using microcontroller,P0593,595,Minimalist Arduino using ATMega328P microcontroller,0.7059,0.3333,arduino; microcontroller,CANDIDATE_ONLY_MANUAL_REVIEW_REQUIRED,Similarity does not establish duplication; preserve both original entries
P0558,560,Remote Control based Robot using C language,P1482,1484,REMOTE CONTROLLED ROBOT CIRCUIT RC5 AT90S2313,0.7059,0.3333,remote; robot,CANDIDATE_ONLY_MANUAL_REVIEW_REQUIRED,Similarity does not establish duplication; preserve both original entries
P0055,57,DIY TiX Clock using ATMEGA16 AVR microcontroller,P0084,86,Real Time Clock PCF8583 Using AVR microcontroller,0.7059,0.3333,avr; clock; microcontroller,CANDIDATE_ONLY_MANUAL_REVIEW_REQUIRED,Similarity does not establish duplication; preserve both original entries
P0288,290,Tetris and Snake with one AVR using Atmega168 microcontroller,P0394,396,AVR RGB LED and Sound Show using ATmega168 microcontroller,0.7059,0.3,atmega168; avr; microcontroller,CANDIDATE_ONLY_MANUAL_REVIEW_REQUIRED,Similarity does not establish duplication; preserve both original entries
P0124,126,LED Hanukkah Menorah using Microcontroller ATtiny13,P0185,187,Annoying Beeper using Microcontroller ATtiny13,0.7059,0.2857,attiny13; microcontroller,CANDIDATE_ONLY_MANUAL_REVIEW_REQUIRED,Similarity does not establish duplication; preserve both original entries
P0584,586,RFID security system using ATmega32 microcontroller,P1050,1052,MultiFunction LED Game Using An ATmega32 Microcontroller,0.7059,0.2857,atmega32; microcontroller,CANDIDATE_ONLY_MANUAL_REVIEW_REQUIRED,Similarity does not establish duplication; preserve both original entries
P1204,1206,LED Blinking with ATmega32 Microcontroller,P1996,1998,Interfacing Servo Motor with Atmega32 Microcontroller,0.7059,0.2857,atmega32; microcontroller,CANDIDATE_ONLY_MANUAL_REVIEW_REQUIRED,Similarity does not establish duplication; preserve both original entries
P0354,356,AVR Switch Timer using ATmega8 Microcontroller,P1288,1290,Stepper motor control with an ATmega8 microcontroller,0.7059,0.2857,atmega8; microcontroller,CANDIDATE_ONLY_MANUAL_REVIEW_REQUIRED,Similarity does not establish duplication; preserve both original entries
P0266,268,Arduino FTDI Header using ATmega8 microcontroller,P0605,607,Sensor Interfacing using ATmega8 microcontroller,0.7059,0.2857,atmega8; microcontroller,CANDIDATE_ONLY_MANUAL_REVIEW_REQUIRED,Similarity does not establish duplication; preserve both original entries
P0317,319,Programmer UsbAsp using AVR microcontroller,P1435,1437,TINY USB PROGRAMMER AVR MICROCONTROLLERS AVRDUDE,0.7059,0.25,avr; programmer,CANDIDATE_ONLY_MANUAL_REVIEW_REQUIRED,Similarity does not establish duplication; preserve both original entries
P0378,380,AVR Data Logger with MicroSD using ATmega32 microcontroller,P0581,583,Wall of Pong using ATmega32 microcontroller,0.7059,0.25,atmega32; microcontroller,CANDIDATE_ONLY_MANUAL_REVIEW_REQUIRED,Similarity does not establish duplication; preserve both original entries
P0320,322,Tea Timer using ATTiny2313 microcontroller,P0438,440,Morse Code Alarm Clock using ATtiny2313 microcontroller,0.7059,0.25,attiny2313; microcontroller,CANDIDATE_ONLY_MANUAL_REVIEW_REQUIRED,Similarity does not establish duplication; preserve both original entries
P0414,416,Midi Generator using ATtiny26-8PI microcontroller,P1092,1094,DIY – Waveform Generator using AVR Microcontroller,0.7059,0.25,generator; microcontroller,CANDIDATE_ONLY_MANUAL_REVIEW_REQUIRED,Similarity does not establish duplication; preserve both original entries
P0063,65,Simple calculator using avr microcontroller Atmega16,P0282,284,The simple joule thief using AVR microcontrollers,0.7059,0.25,avr; simple,CANDIDATE_ONLY_MANUAL_REVIEW_REQUIRED,Similarity does not establish duplication; preserve both original entries
P0023,25,CNC Update 2 Using atmega32 microcontroller,P0407,409,80×32 LED matrix display using ATmega32 microcontroller,0.7059,0.25,atmega32; microcontroller,CANDIDATE_ONLY_MANUAL_REVIEW_REQUIRED,Similarity does not establish duplication; preserve both original entries
P0179,181,Build the Penguin game system using ATMega32/644 microcontroller,P0344,346,AVR Based Operating System using ATMega32 microcontroller,0.7059,0.25,atmega32; microcontroller,CANDIDATE_ONLY_MANUAL_REVIEW_REQUIRED,Similarity does not establish duplication; preserve both original entries
P0548,550,LED DOT Matrix Pong using ATMega16 Microcontroller,P1202,1204,Power LED Dimmer using ATmega32 Microcontroller,0.7059,0.2222,led; microcontroller,CANDIDATE_ONLY_MANUAL_REVIEW_REQUIRED,Similarity does not establish duplication; preserve both original entries
P0325,327,PCM Audio Based Door Bell using Atmega32 microcontroller,P1202,1204,Power LED Dimmer using ATmega32 Microcontroller,0.7059,0.2222,atmega32; microcontroller,CANDIDATE_ONLY_MANUAL_REVIEW_REQUIRED,Similarity does not establish duplication; preserve both original entries
P1286,1288,Interfacing LCD with Atmega32 Microcontroller using Atmel Studio,P1857,1859,Interfacing DC Motor with AVR Microcontroller Atmega16,0.7059,0.2222,interfacing; microcontroller,CANDIDATE_ONLY_MANUAL_REVIEW_REQUIRED,Similarity does not establish duplication; preserve both original entries
P0290,292,50 MHz range frequency counter using ATtiny45 microcontroller,P0458,460,LC Resonant Frequency Meter using AVR microcontroller,0.7059,0.2222,frequency; microcontroller,CANDIDATE_ONLY_MANUAL_REVIEW_REQUIRED,Similarity does not establish duplication; preserve both original entries
P0586,588,Air-Mouse using ATmega32 microcontroller,P1995,1997,How to use Push Button with ATMEGA32 AVR Microcontroller,0.7059,0.2222,atmega32; microcontroller,CANDIDATE_ONLY_MANUAL_REVIEW_REQUIRED,Similarity does not establish duplication; preserve both original entries
P0163,165,Development system for PIC and AVR microcontrollers,P0310,312,LC Meter using AVR microcontroller,0.7059,0.2,avr,CANDIDATE_ONLY_MANUAL_REVIEW_REQUIRED,Similarity does not establish duplication; preserve both original entries
P0711,713,Laser Communications System Using ATMega32,P0873,875,NES EMULATION USING ATMEGA32,0.7059,0.2,atmega32,CANDIDATE_ONLY_MANUAL_REVIEW_REQUIRED,Similarity does not establish duplication; preserve both original entries
P0861,863,Trumpet MIDI Controller Using Atmega32,P1649,1651,Temperature Control System Using Labview (Atmega32),0.7059,0.2,atmega32,CANDIDATE_ONLY_MANUAL_REVIEW_REQUIRED,Similarity does not establish duplication; preserve both original entries
P1286,1288,Interfacing LCD with Atmega32 Microcontroller using Atmel Studio,P1860,1862,Interfacing ESP8266 NodeMCU with Atmega16 Microcontroller to Send an Email,0.7059,0.1818,interfacing; microcontroller,CANDIDATE_ONLY_MANUAL_REVIEW_REQUIRED,Similarity does not establish duplication; preserve both original entries
P0841,843,Teaching an old clock Using Atmega32,P1460,1462,MECHANICAL CLOCK CIRCUIT ATMEGA8,0.7059,0.1667,clock,CANDIDATE_ONLY_MANUAL_REVIEW_REQUIRED,Similarity does not establish duplication; preserve both original entries
P0616,618,The WhereAVR using ATmega8 microcontroller,P1186,1188,Alarm Clock using ATmega32 Microcontroller,0.7059,0.1667,microcontroller,CANDIDATE_ONLY_MANUAL_REVIEW_REQUIRED,Similarity does not establish duplication; preserve both original entries
P1237,1239,RFID based security system using AVR ATmega32 microcontroller,P1869,1871,ATMEGA328P Microcontroller,0.7059,0.1667,microcontroller,CANDIDATE_ONLY_MANUAL_REVIEW_REQUIRED,Similarity does not establish duplication; preserve both original entries
P0436,438,8 Channel PWM using AVR microcontroller,P0480,482,RF Inductance Meter using microcontroller,0.7059,0.1667,microcontroller,CANDIDATE_ONLY_MANUAL_REVIEW_REQUIRED,Similarity does not establish duplication; preserve both original entries
P0465,467,Ponyprog Circuit for ATMEL’S AVR using microcontroller,P0609,611,Evertool using ATmega16 microcontroller,0.7059,0.1667,microcontroller,CANDIDATE_ONLY_MANUAL_REVIEW_REQUIRED,Similarity does not establish duplication; preserve both original entries
P1869,1871,ATMEGA328P Microcontroller,P2047,2049,RFID-Based Security System with AVR ATmega32 Microcontroller,0.7059,0.1667,microcontroller,CANDIDATE_ONLY_MANUAL_REVIEW_REQUIRED,Similarity does not establish duplication; preserve both original entries
P1869,1871,ATMEGA328P Microcontroller,P2025,2027,RFID based security system using AVR ATmega32 microcontroller,0.7059,0.1667,microcontroller,CANDIDATE_ONLY_MANUAL_REVIEW_REQUIRED,Similarity does not establish duplication; preserve both original entries
P1152,1154,Digital Temperature Sensor Circuit,P1474,1476,ATmega32 ADC for Light and Temperature Sensors,0.7059,0.1667,temperature,CANDIDATE_ONLY_MANUAL_REVIEW_REQUIRED,Similarity does not establish duplication; preserve both original entries
P0404,406,Wireless Lan for AVR microcontrollers,P0465,467,Ponyprog Circuit for ATMEL’S AVR using microcontroller,0.7059,0.1667,avr,CANDIDATE_ONLY_MANUAL_REVIEW_REQUIRED,Similarity does not establish duplication; preserve both original entries
P0593,595,Minimalist Arduino using ATMega328P microcontroller,P1203,1205,Interfacing LCD with ATmega32 Microcontroller,0.7059,0.1429,microcontroller,CANDIDATE_ONLY_MANUAL_REVIEW_REQUIRED,Similarity does not establish duplication; preserve both original entries
P0316,318,Programmer using ATMEGA8 microcontroller,P1322,1324,Volt-Amp meter using AVR microcontroller,0.7059,0.1429,microcontroller,CANDIDATE_ONLY_MANUAL_REVIEW_REQUIRED,Similarity does not establish duplication; preserve both original entries
P0309,311,Power Supply using AVR microcontroller,P1311,1313,Token number display system using microcontroller,0.7059,0.1429,microcontroller,CANDIDATE_ONLY_MANUAL_REVIEW_REQUIRED,Similarity does not establish duplication; preserve both original entries
P0319,321,Kitchen Timer using ATTiny2313 microcontroller,P0431,433,PC Temperature Meter using ATtiny15 microcontroller,0.7059,0.1429,microcontroller,CANDIDATE_ONLY_MANUAL_REVIEW_REQUIRED,Similarity does not establish duplication; preserve both original entries
P0039,41,ATTiny Board For AVR ATTiny microcontrollers,P0295,297,Experimental board using ATTiny2313 microcontroller,0.7059,0.1429,board,CANDIDATE_ONLY_MANUAL_REVIEW_REQUIRED,Similarity does not establish duplication; preserve both original entries
P0022,24,Delta Robot using atmega32 micrcontroller,P0299,301,Digital oscilloscope GLCD using Atmega32 microcontroller,0.7059,0.1429,atmega32,CANDIDATE_ONLY_MANUAL_REVIEW_REQUIRED,Similarity does not establish duplication; preserve both original entries
P0381,383,DC Servomotor Controller System Meter using ATtiny2313 microcontroller,P1105,1107,DC Motor Control with Joystick & AVR Microcontroller,0.7059,0.1429,microcontroller,CANDIDATE_ONLY_MANUAL_REVIEW_REQUIRED,Similarity does not establish duplication; preserve both original entries
P0088,90,Temperature Indicator Using attiny2313 micrcontroller,P0314,316,Door Opener using ATTiny2313 microcontroller,0.7059,0.1429,attiny2313,CANDIDATE_ONLY_MANUAL_REVIEW_REQUIRED,Similarity does not establish duplication; preserve both original entries
P1202,1204,Power LED Dimmer using ATmega32 Microcontroller,P1981,1983,Simple Standalone ATMega328p Microcontroller,0.7059,0.125,microcontroller,CANDIDATE_ONLY_MANUAL_REVIEW_REQUIRED,Similarity does not establish duplication; preserve both original entries
P0539,541,AvrPhone using ATmega128 microcontroller,P0568,570,Simplified AVR LCD routines using ATmega8 microcontroller,0.7059,0.125,microcontroller,CANDIDATE_ONLY_MANUAL_REVIEW_REQUIRED,Similarity does not establish duplication; preserve both original entries
P0344,346,AVR Based Operating System using ATMega32 microcontroller,P0346,348,Modular User Interface System using ATMega88 microcontroller,0.7059,0.125,microcontroller,CANDIDATE_ONLY_MANUAL_REVIEW_REQUIRED,Similarity does not establish duplication; preserve both original entries
P0534,536,AVR mod player using ATmega325 microcontroller,P1287,1289,Interfacing DC Motor with Atmega32 Microcontroller,0.7059,0.125,microcontroller,CANDIDATE_ONLY_MANUAL_REVIEW_REQUIRED,Similarity does not establish duplication; preserve both original entries
P0134,136,Led dimmer 2 channels using Attiny13 microcontroller,P0602,604,The Game of Life using ATtiny2313 microcontroller,0.7059,0.125,microcontroller,CANDIDATE_ONLY_MANUAL_REVIEW_REQUIRED,Similarity does not establish duplication; preserve both original entries
P1268,1270,Atmega 32u4 Based USB Speaker,P1430,1432,ATMEGA8 FT232R USB ESR METER CIRCUIT,0.7059,0.125,usb,CANDIDATE_ONLY_MANUAL_REVIEW_REQUIRED,Similarity does not establish duplication; preserve both original entries
P0537,539,DS interface test tool using ATtiny2313 microcontroller,P0546,548,LED Menorah using ATtiny13 microcontroller,0.7059,0.125,microcontroller,CANDIDATE_ONLY_MANUAL_REVIEW_REQUIRED,Similarity does not establish duplication; preserve both original entries
P0586,588,Air-Mouse using ATmega32 microcontroller,P0717,719,Digital voice recorder using Atmel Mega32 microcontroller,0.7059,0.125,microcontroller,CANDIDATE_ONLY_MANUAL_REVIEW_REQUIRED,Similarity does not establish duplication; preserve both original entries
P0426,428,Nixie Clock with AVR using ATmega48 microcontroller,P0593,595,Minimalist Arduino using ATMega328P microcontroller,0.7059,0.125,microcontroller,CANDIDATE_ONLY_MANUAL_REVIEW_REQUIRED,Similarity does not establish duplication; preserve both original entries
P0814,816,Ultrasonic ParKontroller Using Atmel Mega32,P1433,1435,Ultrasonic Radar Model Using Microcontroller ATmega128,0.7059,0.125,ultrasonic,CANDIDATE_ONLY_MANUAL_REVIEW_REQUIRED,Similarity does not establish duplication; preserve both original entries
P0046,48,Box with a Music Lock using ATMega328P Microcontroller,P0082,84,Bluetooth Based Smart Home using atmega8 microcontroller,0.7059,0.125,microcontroller,CANDIDATE_ONLY_MANUAL_REVIEW_REQUIRED,Similarity does not establish duplication; preserve both original entries
P0344,346,AVR Based Operating System using ATMega32 microcontroller,P0484,486,Analog audio panel for PC using ATMega328 microcontroller,0.7059,0.125,microcontroller,CANDIDATE_ONLY_MANUAL_REVIEW_REQUIRED,Similarity does not establish duplication; preserve both original entries
P0046,48,Box with a Music Lock using ATMega328P Microcontroller,P0141,143,Stripboard Arduino using ATMega168 microcontroller,0.7059,0.125,microcontroller,CANDIDATE_ONLY_MANUAL_REVIEW_REQUIRED,Similarity does not establish duplication; preserve both original entries
P0346,348,Modular User Interface System using ATMega88 microcontroller,P0584,586,RFID security system using ATmega32 microcontroller,0.7059,0.125,microcontroller,CANDIDATE_ONLY_MANUAL_REVIEW_REQUIRED,Similarity does not establish duplication; preserve both original entries
P0385,387,AVR Power Usage Logger using ATmega168 microcontroller,P0615,617,Video Overlay using ATmega8 microcontroller,0.7059,0.1111,microcontroller,CANDIDATE_ONLY_MANUAL_REVIEW_REQUIRED,Similarity does not establish duplication; preserve both original entries
P1193,1195,Touch Keypad Interfacing with ATmega32 Microcontroller,P1320,1322,Automatic plant watering system using AVR(Atmega16) Microcontroller,0.7059,0.1111,microcontroller,CANDIDATE_ONLY_MANUAL_REVIEW_REQUIRED,Similarity does not establish duplication; preserve both original entries
P0418,420,Atmel avr usb programmer using ATMEGA8 microcontroller,P0581,583,Wall of Pong using ATmega32 microcontroller,0.7059,0.1111,microcontroller,CANDIDATE_ONLY_MANUAL_REVIEW_REQUIRED,Similarity does not establish duplication; preserve both original entries
P0544,546,MP3 Player using ATMega128 microcontroller,P0550,552,Making a USB based AVR Programmer using ATMEGA8 Microcontroller,0.7059,0.1111,microcontroller,CANDIDATE_ONLY_MANUAL_REVIEW_REQUIRED,Similarity does not establish duplication; preserve both original entries
P0271,273,Color Sensor using Atmega16 microcontroller,P0385,387,AVR Power Usage Logger using ATmega168 microcontroller,0.7059,0.1111,microcontroller,CANDIDATE_ONLY_MANUAL_REVIEW_REQUIRED,Similarity does not establish duplication; preserve both original entries
P0577,579,The Self-Driving Toy Car using ATmega1284 microcontroller,P0584,586,RFID security system using ATmega32 microcontroller,0.7059,0.1111,microcontroller,CANDIDATE_ONLY_MANUAL_REVIEW_REQUIRED,Similarity does not establish duplication; preserve both original entries
P0388,390,SMS Based Voting System – AVR GSM Project using ATmega32 microcontroller,P0605,607,Sensor Interfacing using ATmega8 microcontroller,0.7059,0.1111,microcontroller,CANDIDATE_ONLY_MANUAL_REVIEW_REQUIRED,Similarity does not establish duplication; preserve both original entries
P0135,137,Getting started with ubuntu and the AVR dragon using atmega8 microcontroller,P0256,258,Getting Started with Atmel AVR and BASCOM using attiny26 microcontroller,0.7049,0.4,avr; getting; microcontroller; started,CANDIDATE_ONLY_MANUAL_REVIEW_REQUIRED,Similarity does not establish duplication; preserve both original entries
P0177,179,Drive a Stepper Motor with an AVR Microprocessor using ATTiny2313 microcontroller,P0381,383,DC Servomotor Controller System Meter using ATtiny2313 microcontroller,0.7049,0.2222,attiny2313; microcontroller,CANDIDATE_ONLY_MANUAL_REVIEW_REQUIRED,Similarity does not establish duplication; preserve both original entries
P0135,137,Getting started with ubuntu and the AVR dragon using atmega8 microcontroller,P2033,2035,Getting Started with Assembly Programming for ATMEL­AVR­Microcontrollers,0.7049,0.2,getting; started,CANDIDATE_ONLY_MANUAL_REVIEW_REQUIRED,Similarity does not establish duplication; preserve both original entries
P1156,1158,Interfacing 16X2 LCD to AVR Microcontroller,P1994,1996,Interfacing LCD 16×2 with ATMEGA32 AVR Microcontroller in 4-bit mode,0.7048,0.4444,avr; interfacing; lcd; microcontroller,CANDIDATE_ONLY_MANUAL_REVIEW_REQUIRED,Similarity does not establish duplication; preserve both original entries
P1072,1074,Waveform Generation using AVR Microcontroller (Atmega16) Timers,P1081,1083,How to interface RFID with AVR microcontroller (ATmega16),0.7048,0.3333,atmega16; avr; microcontroller,CANDIDATE_ONLY_MANUAL_REVIEW_REQUIRED,Similarity does not establish duplication; preserve both original entries
P1295,1297,Interfacing GSM Module with Atmega32 AVR microcontroller,P1864,1866,Interfacing Stepper Motor with AVR Microcontroller Atmega16,0.7048,0.3333,avr; interfacing; microcontroller,CANDIDATE_ONLY_MANUAL_REVIEW_REQUIRED,Similarity does not establish duplication; preserve both original entries
P0407,409,80×32 LED matrix display using ATmega32 microcontroller,P0448,450,Dot Matrix Display Applications using AT89C2051 microcontroller,0.7048,0.3333,display; matrix; microcontroller,CANDIDATE_ONLY_MANUAL_REVIEW_REQUIRED,Similarity does not establish duplication; preserve both original entries
P1858,1860,How to Use Hall Sensor with AVR Microcontroller ATmega16,P1864,1866,Interfacing Stepper Motor with AVR Microcontroller Atmega16,0.7048,0.3,atmega16; avr; microcontroller,CANDIDATE_ONLY_MANUAL_REVIEW_REQUIRED,Similarity does not establish duplication; preserve both original entries
P0398,400,Remote Controlled Fan Regulator using ATmega8 microcontroller,P1868,1870,Rotary Encoder Interfacing with ATmega8 Microcontroller,0.7048,0.2222,atmega8; microcontroller,CANDIDATE_ONLY_MANUAL_REVIEW_REQUIRED,Similarity does not establish duplication; preserve both original entries
P0372,374,Speaking Calculator using AVR ATmega88 microcontroller,P0563,565,Programming AVR ADC module with WinAVR using Atmega8 microcontroller,0.7048,0.2,avr; microcontroller,CANDIDATE_ONLY_MANUAL_REVIEW_REQUIRED,Similarity does not establish duplication; preserve both original entries
P0306,308,Multi-channel temperature logger using Atmega48 microcontroller,P0385,387,AVR Power Usage Logger using ATmega168 microcontroller,0.7048,0.2,logger; microcontroller,CANDIDATE_ONLY_MANUAL_REVIEW_REQUIRED,Similarity does not establish duplication; preserve both original entries
P0550,552,Making a USB based AVR Programmer using ATMEGA8 Microcontroller,P1891,1893,Getting Started with C Programming for the ATMEL AVR Microcontrollers,0.7048,0.0909,avr,CANDIDATE_ONLY_MANUAL_REVIEW_REQUIRED,Similarity does not establish duplication; preserve both original entries
P1156,1158,Interfacing 16X2 LCD to AVR Microcontroller,P1183,1185,8×8 LED Matrix Interfacing with AVR Microcontroller,0.7045,0.4286,avr; interfacing; microcontroller,CANDIDATE_ONLY_MANUAL_REVIEW_REQUIRED,Similarity does not establish duplication; preserve both original entries
P0467,469,Interfacing DRAM Memory using AVR microcontroller,P1183,1185,8×8 LED Matrix Interfacing with AVR Microcontroller,0.7045,0.4286,avr; interfacing; microcontroller,CANDIDATE_ONLY_MANUAL_REVIEW_REQUIRED,Similarity does not establish duplication; preserve both original entries
P0584,586,RFID security system using ATmega32 microcontroller,P1214,1216,How to interface RFID with AVR ATmega32 microcontroller,0.7045,0.4286,atmega32; microcontroller; rfid,CANDIDATE_ONLY_MANUAL_REVIEW_REQUIRED,Similarity does not establish duplication; preserve both original entries
P0407,409,80×32 LED matrix display using ATmega32 microcontroller,P2052,2054,DIY 3D LED Cube Using ATmega32 Microcontroller,0.7045,0.375,atmega32; led; microcontroller,CANDIDATE_ONLY_MANUAL_REVIEW_REQUIRED,Similarity does not establish duplication; preserve both original entries
P0132,134,Synchronizing Fireflies using Microcontroller ATtiny13,P0185,187,Annoying Beeper using Microcontroller ATtiny13,0.7045,0.3333,attiny13; microcontroller,CANDIDATE_ONLY_MANUAL_REVIEW_REQUIRED,Similarity does not establish duplication; preserve both original entries
P0299,301,Digital oscilloscope GLCD using Atmega32 microcontroller,P0344,346,AVR Based Operating System using ATMega32 microcontroller,0.7045,0.3333,atmega32; microcontroller,CANDIDATE_ONLY_MANUAL_REVIEW_REQUIRED,Similarity does not establish duplication; preserve both original entries
P0570,572,Servo motor control using Atmega8 microcontroller,P1287,1289,Interfacing DC Motor with Atmega32 Microcontroller,0.7045,0.3333,microcontroller; motor,CANDIDATE_ONLY_MANUAL_REVIEW_REQUIRED,Similarity does not establish duplication; preserve both original entries
P1323,1325,Digital Clock using AVR Atmega16 Microcontroller,P2003,2005,Introduction to the Atmel ATmega16 Microcontroller,0.7045,0.3333,atmega16; microcontroller,CANDIDATE_ONLY_MANUAL_REVIEW_REQUIRED,Similarity does not establish duplication; preserve both original entries
P0537,539,DS interface test tool using ATtiny2313 microcontroller,P0602,604,The Game of Life using ATtiny2313 microcontroller,0.7045,0.2857,attiny2313; microcontroller,CANDIDATE_ONLY_MANUAL_REVIEW_REQUIRED,Similarity does not establish duplication; preserve both original entries
P0266,268,Arduino FTDI Header using ATmega8 microcontroller,P0593,595,Minimalist Arduino using ATMega328P microcontroller,0.7045,0.2857,arduino; microcontroller,CANDIDATE_ONLY_MANUAL_REVIEW_REQUIRED,Similarity does not establish duplication; preserve both original entries
P1309,1311,DS1307 RTC Interfacing with AVR microcontroller,P1991,1993,4×4 Keypad Interfacing with ATmega32 Microcontroller,0.7045,0.2857,interfacing; microcontroller,CANDIDATE_ONLY_MANUAL_REVIEW_REQUIRED,Similarity does not establish duplication; preserve both original entries
P0382,384,AVR Digital Hum Nuller using ATmega168 microcontroller,P0534,536,AVR mod player using ATmega325 microcontroller,0.7045,0.25,avr; microcontroller,CANDIDATE_ONLY_MANUAL_REVIEW_REQUIRED,Similarity does not establish duplication; preserve both original entries
P0447,449,100 MHz RF oscillator using ATtiny12 microcontroller,P0481,483,HF/VHF/UHF TEST OSCILLATOR using microcontroller,0.7045,0.25,microcontroller; oscillator,CANDIDATE_ONLY_MANUAL_REVIEW_REQUIRED,Similarity does not establish duplication; preserve both original entries
P0055,57,DIY TiX Clock using ATMEGA16 AVR microcontroller,P2003,2005,Introduction to the Atmel ATmega16 Microcontroller,0.7045,0.25,atmega16; microcontroller,CANDIDATE_ONLY_MANUAL_REVIEW_REQUIRED,Similarity does not establish duplication; preserve both original entries
P0465,467,Ponyprog Circuit for ATMEL’S AVR using microcontroller,P0494,496,Cellphone Operated Robot using ATmega16 AVR microcontroller,0.7045,0.25,avr; microcontroller,CANDIDATE_ONLY_MANUAL_REVIEW_REQUIRED,Similarity does not establish duplication; preserve both original entries
P0388,390,SMS Based Voting System – AVR GSM Project using ATmega32 microcontroller,P1287,1289,Interfacing DC Motor with Atmega32 Microcontroller,0.7045,0.25,atmega32; microcontroller,CANDIDATE_ONLY_MANUAL_REVIEW_REQUIRED,Similarity does not establish duplication; preserve both original entries
P0258,260,Music Playing Alarm Clock using ATmega644 microcontroller,P0379,381,Ear Trainer using ATMega644 microcontroller,0.7045,0.25,atmega644; microcontroller,CANDIDATE_ONLY_MANUAL_REVIEW_REQUIRED,Similarity does not establish duplication; preserve both original entries
P0068,70,Temperature controlled fan using PWM microcontroller,P0639,641,Watch controlled robot using AVR microcontroller,0.7045,0.25,controlled; microcontroller,CANDIDATE_ONLY_MANUAL_REVIEW_REQUIRED,Similarity does not establish duplication; preserve both original entries
P0179,181,Build the Penguin game system using ATMega32/644 microcontroller,P1202,1204,Power LED Dimmer using ATmega32 Microcontroller,0.7045,0.2222,atmega32; microcontroller,CANDIDATE_ONLY_MANUAL_REVIEW_REQUIRED,Similarity does not establish duplication; preserve both original entries
P0385,387,AVR Power Usage Logger using ATmega168 microcontroller,P0534,536,AVR mod player using ATmega325 microcontroller,0.7045,0.2222,avr; microcontroller,CANDIDATE_ONLY_MANUAL_REVIEW_REQUIRED,Similarity does not establish duplication; preserve both original entries
P0418,420,Atmel avr usb programmer using ATMEGA8 microcontroller,P1190,1192,Anti-Theft Alert System using ATmega8 Microcontroller,0.7045,0.2222,atmega8; microcontroller,CANDIDATE_ONLY_MANUAL_REVIEW_REQUIRED,Similarity does not establish duplication; preserve both original entries
P0390,392,PS2 Keyboard Interface with AVR MCU using ATmega8 microcontroller,P0647,649,RSS Reader using ATmega8 microcontroller,0.7045,0.2222,atmega8; microcontroller,CANDIDATE_ONLY_MANUAL_REVIEW_REQUIRED,Similarity does not establish duplication; preserve both original entries
P0354,356,AVR Switch Timer using ATmega8 Microcontroller,P0378,380,AVR Data Logger with MicroSD using ATmega32 microcontroller,0.7045,0.2222,avr; microcontroller,CANDIDATE_ONLY_MANUAL_REVIEW_REQUIRED,Similarity does not establish duplication; preserve both original entries
P0072,74,LCD Message Display Using AT Mega8 microcontroller,P0569,571,AVR LCD menu routine using ATmega8 microcontroller,0.7045,0.2222,lcd; microcontroller,CANDIDATE_ONLY_MANUAL_REVIEW_REQUIRED,Similarity does not establish duplication; preserve both original entries
P0418,420,Atmel avr usb programmer using ATMEGA8 microcontroller,P0446,448,Atmel Test Card using ATmega32 microcontroller,0.7045,0.2222,atmel; microcontroller,CANDIDATE_ONLY_MANUAL_REVIEW_REQUIRED,Similarity does not establish duplication; preserve both original entries
P0036,38,Digital Voltmeter using Microcontroller Atmega8,P0332,334,DS1669 Digital Potmeter UP/DOWN using microcontroller,0.7045,0.1667,microcontroller,CANDIDATE_ONLY_MANUAL_REVIEW_REQUIRED,Similarity does not establish duplication; preserve both original entries
P0088,90,Temperature Indicator Using attiny2313 micrcontroller,P0572,574,AVR Programmer using ATTINY2313 microcontroller,0.7045,0.1429,attiny2313,CANDIDATE_ONLY_MANUAL_REVIEW_REQUIRED,Similarity does not establish duplication; preserve both original entries
P0082,84,Bluetooth Based Smart Home using atmega8 microcontroller,P1981,1983,Simple Standalone ATMega328p Microcontroller,0.7045,0.1429,microcontroller,CANDIDATE_ONLY_MANUAL_REVIEW_REQUIRED,Similarity does not establish duplication; preserve both original entries
P0400,402,Digital Stop Watch with ATmega8 using microcontroller,P2003,2005,Introduction to the Atmel ATmega16 Microcontroller,0.7045,0.1429,microcontroller,CANDIDATE_ONLY_MANUAL_REVIEW_REQUIRED,Similarity does not establish duplication; preserve both original entries
P0330,332,Helianthus: The Solar Tracking System using ATmega16 microcontroller,P0344,346,AVR Based Operating System using ATMega32 microcontroller,0.7045,0.125,microcontroller,CANDIDATE_ONLY_MANUAL_REVIEW_REQUIRED,Similarity does not establish duplication; preserve both original entries
P0087,89,Stepper motor Driver Using AT2313 microcontroller,P0295,297,Experimental board using ATTiny2313 microcontroller,0.7045,0.125,microcontroller,CANDIDATE_ONLY_MANUAL_REVIEW_REQUIRED,Similarity does not establish duplication; preserve both original entries
P0298,300,AM radio transmission using AVR using Atmega324 microcontroller,P0581,583,Wall of Pong using ATmega32 microcontroller,0.7045,0.125,microcontroller,CANDIDATE_ONLY_MANUAL_REVIEW_REQUIRED,Similarity does not establish duplication; preserve both original entries
P0008,10,Generating AUDIO ECHO using Atmega32 microcontroller,P0605,607,Sensor Interfacing using ATmega8 microcontroller,0.7045,0.125,microcontroller,CANDIDATE_ONLY_MANUAL_REVIEW_REQUIRED,Similarity does not establish duplication; preserve both original entries
P0581,583,Wall of Pong using ATmega32 microcontroller,P0717,719,Digital voice recorder using Atmel Mega32 microcontroller,0.7045,0.125,microcontroller,CANDIDATE_ONLY_MANUAL_REVIEW_REQUIRED,Similarity does not establish duplication; preserve both original entries
P0372,374,Speaking Calculator using AVR ATmega88 microcontroller,P1203,1205,Interfacing LCD with ATmega32 Microcontroller,0.7045,0.125,microcontroller,CANDIDATE_ONLY_MANUAL_REVIEW_REQUIRED,Similarity does not establish duplication; preserve both original entries
P0534,536,AVR mod player using ATmega325 microcontroller,P1996,1998,Interfacing Servo Motor with Atmega32 Microcontroller,0.7045,0.1111,microcontroller,CANDIDATE_ONLY_MANUAL_REVIEW_REQUIRED,Similarity does not establish duplication; preserve both original entries
P0022,24,Delta Robot using atmega32 micrcontroller,P0494,496,Cellphone Operated Robot using ATmega16 AVR microcontroller,0.7045,0.1111,robot,CANDIDATE_ONLY_MANUAL_REVIEW_REQUIRED,Similarity does not establish duplication; preserve both original entries
P0141,143,Stripboard Arduino using ATMega168 microcontroller,P0569,571,AVR LCD menu routine using ATmega8 microcontroller,0.7045,0.1111,microcontroller,CANDIDATE_ONLY_MANUAL_REVIEW_REQUIRED,Similarity does not establish duplication; preserve both original entries
P0388,390,SMS Based Voting System – AVR GSM Project using ATmega32 microcontroller,P0593,595,Minimalist Arduino using ATMega328P microcontroller,0.7045,0.1111,microcontroller,CANDIDATE_ONLY_MANUAL_REVIEW_REQUIRED,Similarity does not establish duplication; preserve both original entries
P0141,143,Stripboard Arduino using ATMega168 microcontroller,P0548,550,LED DOT Matrix Pong using ATMega16 Microcontroller,0.7045,0.1111,microcontroller,CANDIDATE_ONLY_MANUAL_REVIEW_REQUIRED,Similarity does not establish duplication; preserve both original entries
P0300,302,VGA monitor tester using ATTiny2313 microcontroller,P0327,329,6 LED Knight Rider using ATtiny22 microcontroller,0.7045,0.1111,microcontroller,CANDIDATE_ONLY_MANUAL_REVIEW_REQUIRED,Similarity does not establish duplication; preserve both original entries
P0382,384,AVR Digital Hum Nuller using ATmega168 microcontroller,P1190,1192,Anti-Theft Alert System using ATmega8 Microcontroller,0.7045,0.1111,microcontroller,CANDIDATE_ONLY_MANUAL_REVIEW_REQUIRED,Similarity does not establish duplication; preserve both original entries
P0325,327,PCM Audio Based Door Bell using Atmega32 microcontroller,P1981,1983,Simple Standalone ATMega328p Microcontroller,0.7045,0.1111,microcontroller,CANDIDATE_ONLY_MANUAL_REVIEW_REQUIRED,Similarity does not establish duplication; preserve both original entries
P0379,381,Ear Trainer using ATMega644 microcontroller,P0568,570,Simplified AVR LCD routines using ATmega8 microcontroller,0.7045,0.1111,microcontroller,CANDIDATE_ONLY_MANUAL_REVIEW_REQUIRED,Similarity does not establish duplication; preserve both original entries
P0046,48,Box with a Music Lock using ATMega328P Microcontroller,P1050,1052,MultiFunction LED Game Using An ATmega32 Microcontroller,0.7045,0.1111,microcontroller,CANDIDATE_ONLY_MANUAL_REVIEW_REQUIRED,Similarity does not establish duplication; preserve both original entries
P0366,368,AVR Based Mobile Phone using AVR ATmega128A microcontroller,P1202,1204,Power LED Dimmer using ATmega32 Microcontroller,0.7045,0.1111,microcontroller,CANDIDATE_ONLY_MANUAL_REVIEW_REQUIRED,Similarity does not establish duplication; preserve both original entries
P0744,746,Duckhunt video game using Atmel Mega32,P0774,776,MiniGolf video game with putter Using Atmel Mega32,0.7042,0.5714,atmel; game; mega32; video,CANDIDATE_ONLY_MANUAL_REVIEW_REQUIRED,Similarity does not establish duplication; preserve both original entries
P0415,417,VGA Monitor adaptor using AVR microcontroller,P1198,1200,0-99 Counter using AVR Microcontroller,0.7042,0.3333,avr; microcontroller,CANDIDATE_ONLY_MANUAL_REVIEW_REQUIRED,Similarity does not establish duplication; preserve both original entries
P0238,240,Arduino XMAS hitcounter using AVR microcontroller,P0310,312,LC Meter using AVR microcontroller,0.7042,0.3333,avr; microcontroller,CANDIDATE_ONLY_MANUAL_REVIEW_REQUIRED,Similarity does not establish duplication; preserve both original entries
P0427,429,Packet Radio using AVR microcontroller,P1061,1063,Interfacing SD Card with AVR Microcontroller,0.7042,0.3333,avr; microcontroller,CANDIDATE_ONLY_MANUAL_REVIEW_REQUIRED,Similarity does not establish duplication; preserve both original entries
P0310,312,LC Meter using AVR microcontroller,P0467,469,Interfacing DRAM Memory using AVR microcontroller,0.7042,0.3333,avr; microcontroller,CANDIDATE_ONLY_MANUAL_REVIEW_REQUIRED,Similarity does not establish duplication; preserve both original entries
P0070,72,8 MHz frequency meter using AVR microcontroller,P1187,1189,Fire Alarm System using AVR Microcontroller,0.7042,0.2857,avr; microcontroller,CANDIDATE_ONLY_MANUAL_REVIEW_REQUIRED,Similarity does not establish duplication; preserve both original entries
P0377,379,AVR Code Debugger using AVR microcontroller,P1322,1324,Volt-Amp meter using AVR microcontroller,0.7042,0.2857,avr; microcontroller,CANDIDATE_ONLY_MANUAL_REVIEW_REQUIRED,Similarity does not establish duplication; preserve both original entries
P0328,330,8 LED Knight Rider using AVR microcontroller,P1189,1191,100mA Ammeter using AVR Microcontroller,0.7042,0.2857,avr; microcontroller,CANDIDATE_ONLY_MANUAL_REVIEW_REQUIRED,Similarity does not establish duplication; preserve both original entries
P0273,275,Mini RGB Light Cube using AVR microcontroller,P1198,1200,0-99 Counter using AVR Microcontroller,0.7042,0.2857,avr; microcontroller,CANDIDATE_ONLY_MANUAL_REVIEW_REQUIRED,Similarity does not establish duplication; preserve both original entries
P0363,365,"AvrX, Real Time Kernel using AVR microcontroller",P1187,1189,Fire Alarm System using AVR Microcontroller,0.7042,0.25,avr; microcontroller,CANDIDATE_ONLY_MANUAL_REVIEW_REQUIRED,Similarity does not establish duplication; preserve both original entries
P0586,588,Air-Mouse using ATmega32 microcontroller,P0604,606,The Prototino™ using ATmega168 microcontroller,0.7042,0.1667,microcontroller,CANDIDATE_ONLY_MANUAL_REVIEW_REQUIRED,Similarity does not establish duplication; preserve both original entries
P0584,586,RFID security system using ATmega32 microcontroller,P0617,619,HVProg using ATmega8535 microcontroller,0.7042,0.1667,microcontroller,CANDIDATE_ONLY_MANUAL_REVIEW_REQUIRED,Similarity does not establish duplication; preserve both original entries
P0584,586,RFID security system using ATmega32 microcontroller,P0609,611,Evertool using ATmega16 microcontroller,0.7042,0.1667,microcontroller,CANDIDATE_ONLY_MANUAL_REVIEW_REQUIRED,Similarity does not establish duplication; preserve both original entries
P0539,541,AvrPhone using ATmega128 microcontroller,P0615,617,Video Overlay using ATmega8 microcontroller,0.7042,0.1667,microcontroller,CANDIDATE_ONLY_MANUAL_REVIEW_REQUIRED,Similarity does not establish duplication; preserve both original entries
P0539,541,AvrPhone using ATmega128 microcontroller,P1204,1206,LED Blinking with ATmega32 Microcontroller,0.7042,0.1667,microcontroller,CANDIDATE_ONLY_MANUAL_REVIEW_REQUIRED,Similarity does not establish duplication; preserve both original entries
P0544,546,MP3 Player using ATMega128 microcontroller,P0613,615,etherrape using ATmega644 microcontroller,0.7042,0.1667,microcontroller,CANDIDATE_ONLY_MANUAL_REVIEW_REQUIRED,Similarity does not establish duplication; preserve both original entries
P0604,606,The Prototino™ using ATmega168 microcontroller,P0647,649,RSS Reader using ATmega8 microcontroller,0.7042,0.1667,microcontroller,CANDIDATE_ONLY_MANUAL_REVIEW_REQUIRED,Similarity does not establish duplication; preserve both original entries
P0377,379,AVR Code Debugger using AVR microcontroller,P0539,541,AvrPhone using ATmega128 microcontroller,0.7042,0.1667,microcontroller,CANDIDATE_ONLY_MANUAL_REVIEW_REQUIRED,Similarity does not establish duplication; preserve both original entries
P0074,76,AVR GPS Locator using avr microcontroller,P1186,1188,Alarm Clock using ATmega32 Microcontroller,0.7042,0.1429,microcontroller,CANDIDATE_ONLY_MANUAL_REVIEW_REQUIRED,Similarity does not establish duplication; preserve both original entries
P0377,379,AVR Code Debugger using AVR microcontroller,P0586,588,Air-Mouse using ATmega32 microcontroller,0.7042,0.1429,microcontroller,CANDIDATE_ONLY_MANUAL_REVIEW_REQUIRED,Similarity does not establish duplication; preserve both original entries
P0465,467,Ponyprog Circuit for ATMEL’S AVR using microcontroller,P0544,546,MP3 Player using ATMega128 microcontroller,0.7042,0.1429,microcontroller,CANDIDATE_ONLY_MANUAL_REVIEW_REQUIRED,Similarity does not establish duplication; preserve both original entries
P0328,330,8 LED Knight Rider using AVR microcontroller,P1310,1312,16×2 LCD interface with microcontroller,0.7042,0.125,microcontroller,CANDIDATE_ONLY_MANUAL_REVIEW_REQUIRED,Similarity does not establish duplication; preserve both original entries
P0370,372,AVR LED Candle using ATtiny85 microcontroller,P0779,781,Flat Bed Scanner Using Microcontroller,0.7042,0.125,microcontroller,CANDIDATE_ONLY_MANUAL_REVIEW_REQUIRED,Similarity does not establish duplication; preserve both original entries
P1079,1081,How to use internal ADC of AVR microcontroller using interrupts,P1858,1860,How to Use Hall Sensor with AVR Microcontroller ATmega16,0.7037,0.4,avr; how; microcontroller; use,CANDIDATE_ONLY_MANUAL_REVIEW_REQUIRED,Similarity does not establish duplication; preserve both original entries
P1542,1544,ATMEL ATMEGA8 VIA USB CONTROL CIRCUIT,P1598,1600,ATMEL ATMEGA8 IR DETECTOR CIRCUIT,0.7037,0.4,atmega8; atmel,CANDIDATE_ONLY_MANUAL_REVIEW_REQUIRED,Similarity does not establish duplication; preserve both original entries
P0725,727,Vocal Trainer Using Atmel Mega32,P0817,819,iPod controller Using Atmel Mega32,0.7037,0.4,atmel; mega32,CANDIDATE_ONLY_MANUAL_REVIEW_REQUIRED,Similarity does not establish duplication; preserve both original entries
P0750,752,Reversi Video Game Using ATmega32,P0974,976,Battle video game Using Atmega644,0.7037,0.3333,game; video,CANDIDATE_ONLY_MANUAL_REVIEW_REQUIRED,Similarity does not establish duplication; preserve both original entries
P1068,1070,How to interface keypad with AVR microcontroller (ATmega16),P1080,1082,RFID interfacing with AVR microcontroller (ATmega16) using interrupts,0.7037,0.3333,atmega16; avr; microcontroller,CANDIDATE_ONLY_MANUAL_REVIEW_REQUIRED,Similarity does not establish duplication; preserve both original entries
P0310,312,LC Meter using AVR microcontroller,P1869,1871,ATMEGA328P Microcontroller,0.7037,0.25,microcontroller,CANDIDATE_ONLY_MANUAL_REVIEW_REQUIRED,Similarity does not establish duplication; preserve both original entries
P0646,648,Virtual Archery using ATmega1284P,P0978,980,Virtual Saxophone Using Atmega644,0.7037,0.2,virtual,CANDIDATE_ONLY_MANUAL_REVIEW_REQUIRED,Similarity does not establish duplication; preserve both original entries
P1019,1021,Pushup Trainer Using Atmega1284,P1031,1033,Acoustic Wayfinder Using Atmega1284,0.7037,0.2,atmega1284,CANDIDATE_ONLY_MANUAL_REVIEW_REQUIRED,Similarity does not establish duplication; preserve both original entries
P1062,1064,How to interface GPS with AVR microcontroller (ATmega16),P1077,1079,How to disable JTAG of AVR microcontroller,0.7033,0.375,avr; how; microcontroller,CANDIDATE_ONLY_MANUAL_REVIEW_REQUIRED,Similarity does not establish duplication; preserve both original entries
P0041,43,Scientific Calculator using AVR Microcontroller,P2020,2022,Building a Basic Calculator using ATmega32 Microcontroller,0.7033,0.2857,calculator; microcontroller,CANDIDATE_ONLY_MANUAL_REVIEW_REQUIRED,Similarity does not establish duplication; preserve both original entries
P0040,42,Traffic light controller using avr microcontroller,P1096,1098,Stepper Motor Angle Control using AVR Microcontroller,0.7033,0.2857,avr; microcontroller,CANDIDATE_ONLY_MANUAL_REVIEW_REQUIRED,Similarity does not establish duplication; preserve both original entries
P0313,315,Dimmer using ATTiny2313 microcontroller,P0380,382,Low Picofarad Capacitance Meter ATtiny2313 microcontroller,0.7033,0.2857,attiny2313; microcontroller,CANDIDATE_ONLY_MANUAL_REVIEW_REQUIRED,Similarity does not establish duplication; preserve both original entries
P0082,84,Bluetooth Based Smart Home using atmega8 microcontroller,P0376,378,Electric Spinning Wheel using ATmega8 microcontroller,0.7033,0.2857,atmega8; microcontroller,CANDIDATE_ONLY_MANUAL_REVIEW_REQUIRED,Similarity does not establish duplication; preserve both original entries
P0488,490,TRUE RMS-TO-DC Adapter For DVM using microcontroller,P0545,547,PS/2 to C64 Mouse Adapter using ATmega8 microcontroller,0.7033,0.25,adapter; microcontroller,CANDIDATE_ONLY_MANUAL_REVIEW_REQUIRED,Similarity does not establish duplication; preserve both original entries
P1203,1205,Interfacing LCD with ATmega32 Microcontroller,P1324,1326,LCD Interface with Atmega32 AVR microcontoller for beginners,0.7033,0.25,atmega32; lcd,CANDIDATE_ONLY_MANUAL_REVIEW_REQUIRED,Similarity does not establish duplication; preserve both original entries
P1193,1195,Touch Keypad Interfacing with ATmega32 Microcontroller,P1309,1311,DS1307 RTC Interfacing with AVR microcontroller,0.7033,0.25,interfacing; microcontroller,CANDIDATE_ONLY_MANUAL_REVIEW_REQUIRED,Similarity does not establish duplication; preserve both original entries
P0258,260,Music Playing Alarm Clock using ATmega644 microcontroller,P0426,428,Nixie Clock with AVR using ATmega48 microcontroller,0.7033,0.2222,clock; microcontroller,CANDIDATE_ONLY_MANUAL_REVIEW_REQUIRED,Similarity does not establish duplication; preserve both original entries
P0154,156,Jar of Fireflies using AVR ATTiny45 Microcontroller,P0442,444,EEPROM Driver for AVR with RAM using ATtiny15 microcontroller,0.7033,0.2222,avr; microcontroller,CANDIDATE_ONLY_MANUAL_REVIEW_REQUIRED,Similarity does not establish duplication; preserve both original entries
P0534,536,AVR mod player using ATmega325 microcontroller,P1295,1297,Interfacing GSM Module with Atmega32 AVR microcontroller,0.7033,0.2222,avr; microcontroller,CANDIDATE_ONLY_MANUAL_REVIEW_REQUIRED,Similarity does not establish duplication; preserve both original entries
P0234,236,Arduino and Touchpad Tic Tac Toe using microcontroller,P0266,268,Arduino FTDI Header using ATmega8 microcontroller,0.7033,0.2222,arduino; microcontroller,CANDIDATE_ONLY_MANUAL_REVIEW_REQUIRED,Similarity does not establish duplication; preserve both original entries
P0388,390,SMS Based Voting System – AVR GSM Project using ATmega32 microcontroller,P1996,1998,Interfacing Servo Motor with Atmega32 Microcontroller,0.7033,0.2222,atmega32; microcontroller,CANDIDATE_ONLY_MANUAL_REVIEW_REQUIRED,Similarity does not establish duplication; preserve both original entries
P0412,414,USB AVR programmer using ATtiny2313 microcontroller,P0442,444,EEPROM Driver for AVR with RAM using ATtiny15 microcontroller,0.7033,0.2222,avr; microcontroller,CANDIDATE_ONLY_MANUAL_REVIEW_REQUIRED,Similarity does not establish duplication; preserve both original entries
P1062,1064,How to interface GPS with AVR microcontroller (ATmega16),P1309,1311,DS1307 RTC Interfacing with AVR microcontroller,0.7033,0.2222,avr; microcontroller,CANDIDATE_ONLY_MANUAL_REVIEW_REQUIRED,Similarity does not establish duplication; preserve both original entries
P0325,327,PCM Audio Based Door Bell using Atmega32 microcontroller,P1050,1052,MultiFunction LED Game Using An ATmega32 Microcontroller,0.7033,0.2222,atmega32; microcontroller,CANDIDATE_ONLY_MANUAL_REVIEW_REQUIRED,Similarity does not establish duplication; preserve both original entries
P0008,10,Generating AUDIO ECHO using Atmega32 microcontroller,P0593,595,Minimalist Arduino using ATMega328P microcontroller,0.7033,0.125,microcontroller,CANDIDATE_ONLY_MANUAL_REVIEW_REQUIRED,Similarity does not establish duplication; preserve both original entries
P0366,368,AVR Based Mobile Phone using AVR ATmega128A microcontroller,P1981,1983,Simple Standalone ATMega328p Microcontroller,0.7033,0.125,microcontroller,CANDIDATE_ONLY_MANUAL_REVIEW_REQUIRED,Similarity does not establish duplication; preserve both original entries
P1050,1052,MultiFunction LED Game Using An ATmega32 Microcontroller,P1981,1983,Simple Standalone ATMega328p Microcontroller,0.7033,0.125,microcontroller,CANDIDATE_ONLY_MANUAL_REVIEW_REQUIRED,Similarity does not establish duplication; preserve both original entries
P0372,374,Speaking Calculator using AVR ATmega88 microcontroller,P0570,572,Servo motor control using Atmega8 microcontroller,0.7033,0.125,microcontroller,CANDIDATE_ONLY_MANUAL_REVIEW_REQUIRED,Similarity does not establish duplication; preserve both original entries
P0322,324,Easy Breadboarding using ATMega microcontroller,P1868,1870,Rotary Encoder Interfacing with ATmega8 Microcontroller,0.7033,0.125,microcontroller,CANDIDATE_ONLY_MANUAL_REVIEW_REQUIRED,Similarity does not establish duplication; preserve both original entries
P0141,143,Stripboard Arduino using ATMega168 microcontroller,P0366,368,AVR Based Mobile Phone using AVR ATmega128A microcontroller,0.7033,0.125,microcontroller,CANDIDATE_ONLY_MANUAL_REVIEW_REQUIRED,Similarity does not establish duplication; preserve both original entries
P0369,371,Mini Logic Analyzer using ATmega8 microcontroller,P0372,374,Speaking Calculator using AVR ATmega88 microcontroller,0.7033,0.1111,microcontroller,CANDIDATE_ONLY_MANUAL_REVIEW_REQUIRED,Similarity does not establish duplication; preserve both original entries
P0179,181,Build the Penguin game system using ATMega32/644 microcontroller,P0200,202,The Household Informer using atmega168 microcontroller,0.7033,0.1111,microcontroller,CANDIDATE_ONLY_MANUAL_REVIEW_REQUIRED,Similarity does not establish duplication; preserve both original entries
P0224,226,Arduino Powered Binary Clock using ATmega168 microcontroller,P0615,617,Video Overlay using ATmega8 microcontroller,0.7033,0.1111,microcontroller,CANDIDATE_ONLY_MANUAL_REVIEW_REQUIRED,Similarity does not establish duplication; preserve both original entries
P0534,536,AVR mod player using ATmega325 microcontroller,P0717,719,Digital voice recorder using Atmel Mega32 microcontroller,0.7033,0.1111,microcontroller,CANDIDATE_ONLY_MANUAL_REVIEW_REQUIRED,Similarity does not establish duplication; preserve both original entries
P0275,277,AVR acoustic spectrum analyzer using Atmega8 microcontroller,P0379,381,Ear Trainer using ATMega644 microcontroller,0.7033,0.1111,microcontroller,CANDIDATE_ONLY_MANUAL_REVIEW_REQUIRED,Similarity does not establish duplication; preserve both original entries
P0346,348,Modular User Interface System using ATMega88 microcontroller,P0569,571,AVR LCD menu routine using ATmega8 microcontroller,0.7033,0.1,microcontroller,CANDIDATE_ONLY_MANUAL_REVIEW_REQUIRED,Similarity does not establish duplication; preserve both original entries
P0376,378,Electric Spinning Wheel using ATmega8 microcontroller,P0548,550,LED DOT Matrix Pong using ATMega16 Microcontroller,0.7033,0.1,microcontroller,CANDIDATE_ONLY_MANUAL_REVIEW_REQUIRED,Similarity does not establish duplication; preserve both original entries
P0057,59,USB PCB Business Card Using ATtiny85 Microcontroller,P0154,156,Jar of Fireflies using AVR ATTiny45 Microcontroller,0.7033,0.1,microcontroller,CANDIDATE_ONLY_MANUAL_REVIEW_REQUIRED,Similarity does not establish duplication; preserve both original entries
P0376,378,Electric Spinning Wheel using ATmega8 microcontroller,P1951,1953,The LED Chasing Effect Project using Atmel AVR Microcontroller,0.7033,0.1,microcontroller,CANDIDATE_ONLY_MANUAL_REVIEW_REQUIRED,Similarity does not establish duplication; preserve both original entries
P0179,181,Build the Penguin game system using ATMega32/644 microcontroller,P0569,571,AVR LCD menu routine using ATmega8 microcontroller,0.7033,0.0909,microcontroller,CANDIDATE_ONLY_MANUAL_REVIEW_REQUIRED,Similarity does not establish duplication; preserve both original entries
P0135,137,Getting started with ubuntu and the AVR dragon using atmega8 microcontroller,P0191,193,Assembling the Dragon Rider 500 for use with the AVR Dragon using ATmega88 microcontroller,0.7031,0.25,avr; dragon; microcontroller,CANDIDATE_ONLY_MANUAL_REVIEW_REQUIRED,Similarity does not establish duplication; preserve both original entries
P0341,343,Open Source AVR Temperature Controller using ATmega48 microcontroller,P0347,349,Controlling SpeakJet with an AVR microcontroller using ATmega88 microcontroller,0.7031,0.2222,avr; microcontroller,CANDIDATE_ONLY_MANUAL_REVIEW_REQUIRED,Similarity does not establish duplication; preserve both original entries
P1857,1859,Interfacing DC Motor with AVR Microcontroller Atmega16,P1867,1869,Interfacing 16×2 LCD with Atmega16 AVR Microcontroller in 4-Bit Mode,0.7027,0.4444,atmega16; avr; interfacing; microcontroller,CANDIDATE_ONLY_MANUAL_REVIEW_REQUIRED,Similarity does not establish duplication; preserve both original entries
P0316,318,Programmer using ATMEGA8 microcontroller,P1427,1429,Avr Atmega8 Microcontroller – An Introduction,0.7027,0.4,atmega8; microcontroller,CANDIDATE_ONLY_MANUAL_REVIEW_REQUIRED,Similarity does not establish duplication; preserve both original entries
P0024,26,EPROM Display using ULN2308A microcontroller,P1311,1313,Token number display system using microcontroller,0.7027,0.3333,display; microcontroller,CANDIDATE_ONLY_MANUAL_REVIEW_REQUIRED,Similarity does not establish duplication; preserve both original entries
P0647,649,RSS Reader using ATmega8 microcontroller,P1427,1429,Avr Atmega8 Microcontroller – An Introduction,0.7027,0.3333,atmega8; microcontroller,CANDIDATE_ONLY_MANUAL_REVIEW_REQUIRED,Similarity does not establish duplication; preserve both original entries
P1424,1426,Frequency counter circuit,P1923,1925,Frequency Visualizer,0.7027,0.3333,frequency,CANDIDATE_ONLY_MANUAL_REVIEW_REQUIRED,Similarity does not establish duplication; preserve both original entries
P0023,25,CNC Update 2 Using atmega32 microcontroller,P1204,1206,LED Blinking with ATmega32 Microcontroller,0.7027,0.3333,atmega32; microcontroller,CANDIDATE_ONLY_MANUAL_REVIEW_REQUIRED,Similarity does not establish duplication; preserve both original entries
P0023,25,CNC Update 2 Using atmega32 microcontroller,P0581,583,Wall of Pong using ATmega32 microcontroller,0.7027,0.3333,atmega32; microcontroller,CANDIDATE_ONLY_MANUAL_REVIEW_REQUIRED,Similarity does not establish duplication; preserve both original entries
P0313,315,Dimmer using ATTiny2313 microcontroller,P1202,1204,Power LED Dimmer using ATmega32 Microcontroller,0.7027,0.3333,dimmer; microcontroller,CANDIDATE_ONLY_MANUAL_REVIEW_REQUIRED,Similarity does not establish duplication; preserve both original entries
P0429,431,Frequency counter using AVR microcontroller,P0433,435,Capacitance Meter using AVR microcontroller,0.7027,0.3333,avr; microcontroller,CANDIDATE_ONLY_MANUAL_REVIEW_REQUIRED,Similarity does not establish duplication; preserve both original entries
P0588,590,AVR Thermometer using AT90S2313 microcontroller,P1189,1191,100mA Ammeter using AVR Microcontroller,0.7027,0.3333,avr; microcontroller,CANDIDATE_ONLY_MANUAL_REVIEW_REQUIRED,Similarity does not establish duplication; preserve both original entries
P0639,641,Watch controlled robot using AVR microcontroller,P1198,1200,0-99 Counter using AVR Microcontroller,0.7027,0.3333,avr; microcontroller,CANDIDATE_ONLY_MANUAL_REVIEW_REQUIRED,Similarity does not establish duplication; preserve both original entries
P0310,312,LC Meter using AVR microcontroller,P0439,441,1 KHz Synchronous Detector using AVR microcontroller,0.7027,0.3333,avr; microcontroller,CANDIDATE_ONLY_MANUAL_REVIEW_REQUIRED,Similarity does not establish duplication; preserve both original entries
P1857,1859,Interfacing DC Motor with AVR Microcontroller Atmega16,P1994,1996,Interfacing LCD 16×2 with ATMEGA32 AVR Microcontroller in 4-bit mode,0.7027,0.3,avr; interfacing; microcontroller,CANDIDATE_ONLY_MANUAL_REVIEW_REQUIRED,Similarity does not establish duplication; preserve both original entries
P0427,429,Packet Radio using AVR microcontroller,P0639,641,Watch controlled robot using AVR microcontroller,0.7027,0.2857,avr; microcontroller,CANDIDATE_ONLY_MANUAL_REVIEW_REQUIRED,Similarity does not establish duplication; preserve both original entries
P0324,326,AVR Based CRO using Atmega16 microcontroller,P1237,1239,RFID based security system using AVR ATmega32 microcontroller,0.7027,0.2857,avr; microcontroller,CANDIDATE_ONLY_MANUAL_REVIEW_REQUIRED,Similarity does not establish duplication; preserve both original entries
P0415,417,VGA Monitor adaptor using AVR microcontroller,P0465,467,Ponyprog Circuit for ATMEL’S AVR using microcontroller,0.7027,0.2857,avr; microcontroller,CANDIDATE_ONLY_MANUAL_REVIEW_REQUIRED,Similarity does not establish duplication; preserve both original entries
P0324,326,AVR Based CRO using Atmega16 microcontroller,P2047,2049,RFID-Based Security System with AVR ATmega32 Microcontroller,0.7027,0.2857,avr; microcontroller,CANDIDATE_ONLY_MANUAL_REVIEW_REQUIRED,Similarity does not establish duplication; preserve both original entries
P0361,363,STK500 Compatible ISP using AVR microcontroller,P1189,1191,100mA Ammeter using AVR Microcontroller,0.7027,0.2857,avr; microcontroller,CANDIDATE_ONLY_MANUAL_REVIEW_REQUIRED,Similarity does not establish duplication; preserve both original entries
P0317,319,Programmer UsbAsp using AVR microcontroller,P0333,335,93C66 EEPROM chip with an AVR microcontroller,0.7027,0.2857,avr; microcontroller,CANDIDATE_ONLY_MANUAL_REVIEW_REQUIRED,Similarity does not establish duplication; preserve both original entries
P0324,326,AVR Based CRO using Atmega16 microcontroller,P2025,2027,RFID based security system using AVR ATmega32 microcontroller,0.7027,0.2857,avr; microcontroller,CANDIDATE_ONLY_MANUAL_REVIEW_REQUIRED,Similarity does not establish duplication; preserve both original entries
P0055,57,DIY TiX Clock using ATMEGA16 AVR microcontroller,P1198,1200,0-99 Counter using AVR Microcontroller,0.7027,0.2857,avr; microcontroller,CANDIDATE_ONLY_MANUAL_REVIEW_REQUIRED,Similarity does not establish duplication; preserve both original entries
P0427,429,Packet Radio using AVR microcontroller,P1092,1094,DIY – Waveform Generator using AVR Microcontroller,0.7027,0.2857,avr; microcontroller,CANDIDATE_ONLY_MANUAL_REVIEW_REQUIRED,Similarity does not establish duplication; preserve both original entries
P1191,1193,Joystick Interfacing with AVR Microcontroller,P1322,1324,Volt-Amp meter using AVR microcontroller,0.7027,0.2857,avr; microcontroller,CANDIDATE_ONLY_MANUAL_REVIEW_REQUIRED,Similarity does not establish duplication; preserve both original entries
P1138,1140,LED thermometer,P1431,1433,NIXIE TUBE THERMOMETER CIRCUIT,0.7027,0.25,thermometer,CANDIDATE_ONLY_MANUAL_REVIEW_REQUIRED,Similarity does not establish duplication; preserve both original entries
P0660,662,Programming the Game Simon,P1968,1970,Programming for AVR,0.7027,0.25,programming,CANDIDATE_ONLY_MANUAL_REVIEW_REQUIRED,Similarity does not establish duplication; preserve both original entries
P0273,275,Mini RGB Light Cube using AVR microcontroller,P1950,1952,GETTING STARTED WITH AVR MICROCONTROLLER,0.7027,0.25,avr; microcontroller,CANDIDATE_ONLY_MANUAL_REVIEW_REQUIRED,Similarity does not establish duplication; preserve both original entries
P0315,317,Beamer Control using attiny2313 microcontroller,P0609,611,Evertool using ATmega16 microcontroller,0.7027,0.2,microcontroller,CANDIDATE_ONLY_MANUAL_REVIEW_REQUIRED,Similarity does not establish duplication; preserve both original entries
P0322,324,Easy Breadboarding using ATMega microcontroller,P0617,619,HVProg using ATmega8535 microcontroller,0.7027,0.1667,microcontroller,CANDIDATE_ONLY_MANUAL_REVIEW_REQUIRED,Similarity does not establish duplication; preserve both original entries
P0322,324,Easy Breadboarding using ATMega microcontroller,P0609,611,Evertool using ATmega16 microcontroller,0.7027,0.1667,microcontroller,CANDIDATE_ONLY_MANUAL_REVIEW_REQUIRED,Similarity does not establish duplication; preserve both original entries
P0581,583,Wall of Pong using ATmega32 microcontroller,P0604,606,The Prototino™ using ATmega168 microcontroller,0.7027,0.1667,microcontroller,CANDIDATE_ONLY_MANUAL_REVIEW_REQUIRED,Similarity does not establish duplication; preserve both original entries
P0539,541,AvrPhone using ATmega128 microcontroller,P1203,1205,Interfacing LCD with ATmega32 Microcontroller,0.7027,0.1667,microcontroller,CANDIDATE_ONLY_MANUAL_REVIEW_REQUIRED,Similarity does not establish duplication; preserve both original entries
P0616,618,The WhereAVR using ATmega8 microcontroller,P1323,1325,Digital Clock using AVR Atmega16 Microcontroller,0.7027,0.1667,microcontroller,CANDIDATE_ONLY_MANUAL_REVIEW_REQUIRED,Similarity does not establish duplication; preserve both original entries
P0324,326,AVR Based CRO using Atmega16 microcontroller,P0605,607,Sensor Interfacing using ATmega8 microcontroller,0.7027,0.1429,microcontroller,CANDIDATE_ONLY_MANUAL_REVIEW_REQUIRED,Similarity does not establish duplication; preserve both original entries
P0609,611,Evertool using ATmega16 microcontroller,P1202,1204,Power LED Dimmer using ATmega32 Microcontroller,0.7027,0.1429,microcontroller,CANDIDATE_ONLY_MANUAL_REVIEW_REQUIRED,Similarity does not establish duplication; preserve both original entries
P0163,165,Development system for PIC and AVR microcontrollers,P1322,1324,Volt-Amp meter using AVR microcontroller,0.7027,0.1429,avr,CANDIDATE_ONLY_MANUAL_REVIEW_REQUIRED,Similarity does not establish duplication; preserve both original entries
P0324,326,AVR Based CRO using Atmega16 microcontroller,P0400,402,Digital Stop Watch with ATmega8 using microcontroller,0.7027,0.1429,microcontroller,CANDIDATE_ONLY_MANUAL_REVIEW_REQUIRED,Similarity does not establish duplication; preserve both original entries
P0271,273,Color Sensor using Atmega16 microcontroller,P1204,1206,LED Blinking with ATmega32 Microcontroller,0.7027,0.1429,microcontroller,CANDIDATE_ONLY_MANUAL_REVIEW_REQUIRED,Similarity does not establish duplication; preserve both original entries
P0379,381,Ear Trainer using ATMega644 microcontroller,P0581,583,Wall of Pong using ATmega32 microcontroller,0.7027,0.1429,microcontroller,CANDIDATE_ONLY_MANUAL_REVIEW_REQUIRED,Similarity does not establish duplication; preserve both original entries
P0271,273,Color Sensor using Atmega16 microcontroller,P0581,583,Wall of Pong using ATmega32 microcontroller,0.7027,0.1429,microcontroller,CANDIDATE_ONLY_MANUAL_REVIEW_REQUIRED,Similarity does not establish duplication; preserve both original entries
P0532,534,AttoBasic HOME using Atmega168 microcontroller,P0647,649,RSS Reader using ATmega8 microcontroller,0.7027,0.1429,microcontroller,CANDIDATE_ONLY_MANUAL_REVIEW_REQUIRED,Similarity does not establish duplication; preserve both original entries
P0446,448,Atmel Test Card using ATmega32 microcontroller,P0539,541,AvrPhone using ATmega128 microcontroller,0.7027,0.1429,microcontroller,CANDIDATE_ONLY_MANUAL_REVIEW_REQUIRED,Similarity does not establish duplication; preserve both original entries
P0617,619,HVProg using ATmega8535 microcontroller,P1202,1204,Power LED Dimmer using ATmega32 Microcontroller,0.7027,0.1429,microcontroller,CANDIDATE_ONLY_MANUAL_REVIEW_REQUIRED,Similarity does not establish duplication; preserve both original entries
P0539,541,AvrPhone using ATmega128 microcontroller,P1190,1192,Anti-Theft Alert System using ATmega8 Microcontroller,0.7027,0.1429,microcontroller,CANDIDATE_ONLY_MANUAL_REVIEW_REQUIRED,Similarity does not establish duplication; preserve both original entries
P0544,546,MP3 Player using ATMega128 microcontroller,P0584,586,RFID security system using ATmega32 microcontroller,0.7027,0.1429,microcontroller,CANDIDATE_ONLY_MANUAL_REVIEW_REQUIRED,Similarity does not establish duplication; preserve both original entries
P0586,588,Air-Mouse using ATmega32 microcontroller,P1190,1192,Anti-Theft Alert System using ATmega8 Microcontroller,0.7027,0.125,microcontroller,CANDIDATE_ONLY_MANUAL_REVIEW_REQUIRED,Similarity does not establish duplication; preserve both original entries
P0446,448,Atmel Test Card using ATmega32 microcontroller,P0647,649,RSS Reader using ATmega8 microcontroller,0.7027,0.125,microcontroller,CANDIDATE_ONLY_MANUAL_REVIEW_REQUIRED,Similarity does not establish duplication; preserve both original entries
P0059,61,LED wind indicator Using atmega8 Microcontroller,P0324,326,AVR Based CRO using Atmega16 microcontroller,0.7027,0.125,microcontroller,CANDIDATE_ONLY_MANUAL_REVIEW_REQUIRED,Similarity does not establish duplication; preserve both original entries
P0281,283,ISP Breadboard Header using AVR microcontrollers,P0427,429,Packet Radio using AVR microcontroller,0.7027,0.125,avr,CANDIDATE_ONLY_MANUAL_REVIEW_REQUIRED,Similarity does not establish duplication; preserve both original entries
P1038,1040,Standalone Arduino / ATMega chip on breadboard,P1962,1964,Stand Alone Arduino ATmega328p,0.7027,0.125,arduino,CANDIDATE_ONLY_MANUAL_REVIEW_REQUIRED,Similarity does not establish duplication; preserve both original entries
P0222,224,Digital Window Sticker (Arduino Controlled) using ATMega328 microcontroller,P0727,729,MIDI DRUM CONTROLLER USING MEGA 32 MICROCONTROLLER,0.7027,0.1111,microcontroller,CANDIDATE_ONLY_MANUAL_REVIEW_REQUIRED,Similarity does not establish duplication; preserve both original entries
P0274,276,Wireless Accelerometer Controlled rgb-LED’s using atmega168 microcontroller,P0570,572,Servo motor control using Atmega8 microcontroller,0.7027,0.1111,microcontroller,CANDIDATE_ONLY_MANUAL_REVIEW_REQUIRED,Similarity does not establish duplication; preserve both original entries
P0085,87,DS1820 Temperature Controller using atmega8515 microcontroller,P0398,400,Remote Controlled Fan Regulator using ATmega8 microcontroller,0.7027,0.1111,microcontroller,CANDIDATE_ONLY_MANUAL_REVIEW_REQUIRED,Similarity does not establish duplication; preserve both original entries
P0388,390,SMS Based Voting System – AVR GSM Project using ATmega32 microcontroller,P1295,1297,Interfacing GSM Module with Atmega32 AVR microcontroller,0.7021,0.5,atmega32; avr; gsm; microcontroller,CANDIDATE_ONLY_MANUAL_REVIEW_REQUIRED,Similarity does not establish duplication; preserve both original entries
P0063,65,Simple calculator using avr microcontroller Atmega16,P0372,374,Speaking Calculator using AVR ATmega88 microcontroller,0.7021,0.4286,avr; calculator; microcontroller,CANDIDATE_ONLY_MANUAL_REVIEW_REQUIRED,Similarity does not establish duplication; preserve both original entries
P1156,1158,Interfacing 16X2 LCD to AVR Microcontroller,P1295,1297,Interfacing GSM Module with Atmega32 AVR microcontroller,0.7021,0.375,avr; interfacing; microcontroller,CANDIDATE_ONLY_MANUAL_REVIEW_REQUIRED,Similarity does not establish duplication; preserve both original entries
P0343,345,3D Color LED Graphics Display using ATmega32 microcontroller,P2052,2054,DIY 3D LED Cube Using ATmega32 Microcontroller,0.7021,0.375,atmega32; led; microcontroller,CANDIDATE_ONLY_MANUAL_REVIEW_REQUIRED,Similarity does not establish duplication; preserve both original entries
P0081,83,Multipattern Running light using ATtiny2313 microcontroller,P0315,317,Beamer Control using attiny2313 microcontroller,0.7021,0.3333,attiny2313; microcontroller,CANDIDATE_ONLY_MANUAL_REVIEW_REQUIRED,Similarity does not establish duplication; preserve both original entries
P1062,1064,How to interface GPS with AVR microcontroller (ATmega16),P1419,1421,Keypad Door Lock using AVR Microcontroller – Atmega16,0.7021,0.3333,atmega16; avr; microcontroller,CANDIDATE_ONLY_MANUAL_REVIEW_REQUIRED,Similarity does not establish duplication; preserve both original entries
P1088,1090,Fingerprint Detection using Microcontroller,P1856,1858,Fingerprint Based Biometric Attendance System using Atmega32 Microcontroller,0.7021,0.3333,fingerprint; microcontroller,CANDIDATE_ONLY_MANUAL_REVIEW_REQUIRED,Similarity does not establish duplication; preserve both original entries
P0066,68,Digital Melody player using atmega16 microcontroller,P2079,2081,Digital Melody Player using ATmega8 with Proteus Simulation,0.7021,0.2857,melody; player,CANDIDATE_ONLY_MANUAL_REVIEW_REQUIRED,Similarity does not establish duplication; preserve both original entries
P0081,83,Multipattern Running light using ATtiny2313 microcontroller,P0551,553,LED Dog Collar using ATTINY2313 Microcontroller,0.7021,0.25,attiny2313; microcontroller,CANDIDATE_ONLY_MANUAL_REVIEW_REQUIRED,Similarity does not establish duplication; preserve both original entries
P2075,2077,Temperature Meter using ATmega16 with Proteus Simulation,P2078,2080,ATmega128 LCD Driver using ATmega128 with Proteus Simulation,0.7021,0.25,proteus; simulation,CANDIDATE_ONLY_MANUAL_REVIEW_REQUIRED,Similarity does not establish duplication; preserve both original entries
P0200,202,The Household Informer using atmega168 microcontroller,P0288,290,Tetris and Snake with one AVR using Atmega168 microcontroller,0.7021,0.25,atmega168; microcontroller,CANDIDATE_ONLY_MANUAL_REVIEW_REQUIRED,Similarity does not establish duplication; preserve both original entries
P1183,1185,8×8 LED Matrix Interfacing with AVR Microcontroller,P1193,1195,Touch Keypad Interfacing with ATmega32 Microcontroller,0.7021,0.25,interfacing; microcontroller,CANDIDATE_ONLY_MANUAL_REVIEW_REQUIRED,Similarity does not establish duplication; preserve both original entries
P0082,84,Bluetooth Based Smart Home using atmega8 microcontroller,P0403,405,AVR Compiler toolchain for MAC using ATmega8 microcontroller,0.7021,0.25,atmega8; microcontroller,CANDIDATE_ONLY_MANUAL_REVIEW_REQUIRED,Similarity does not establish duplication; preserve both original entries
P1203,1205,Interfacing LCD with ATmega32 Microcontroller,P1285,1287,Blinking LED using Atmega32 Microcontroller and Atmel Studio,0.7021,0.25,atmega32; microcontroller,CANDIDATE_ONLY_MANUAL_REVIEW_REQUIRED,Similarity does not establish duplication; preserve both original entries
P0087,89,Stepper motor Driver Using AT2313 microcontroller,P1398,1400,Servo Motor Control by Using AVR ATmega32 Microcontroller,0.7021,0.25,microcontroller; motor,CANDIDATE_ONLY_MANUAL_REVIEW_REQUIRED,Similarity does not establish duplication; preserve both original entries
P0320,322,Tea Timer using ATTiny2313 microcontroller,P0380,382,Low Picofarad Capacitance Meter ATtiny2313 microcontroller,0.7021,0.25,attiny2313; microcontroller,CANDIDATE_ONLY_MANUAL_REVIEW_REQUIRED,Similarity does not establish duplication; preserve both original entries
P0300,302,VGA monitor tester using ATTiny2313 microcontroller,P0537,539,DS interface test tool using ATtiny2313 microcontroller,0.7021,0.25,attiny2313; microcontroller,CANDIDATE_ONLY_MANUAL_REVIEW_REQUIRED,Similarity does not establish duplication; preserve both original entries
P0295,297,Experimental board using ATTiny2313 microcontroller,P0438,440,Morse Code Alarm Clock using ATtiny2313 microcontroller,0.7021,0.25,attiny2313; microcontroller,CANDIDATE_ONLY_MANUAL_REVIEW_REQUIRED,Similarity does not establish duplication; preserve both original entries
P0063,65,Simple calculator using avr microcontroller Atmega16,P0107,109,LED Binary Calculator using Microcontroller ATtiny2313,0.7021,0.25,calculator; microcontroller,CANDIDATE_ONLY_MANUAL_REVIEW_REQUIRED,Similarity does not establish duplication; preserve both original entries
P0319,321,Kitchen Timer using ATTiny2313 microcontroller,P0470,472,A Pretty Good LC Meter Based on the AVR using ATTINY2313 Microcontroller,0.7021,0.25,attiny2313; microcontroller,CANDIDATE_ONLY_MANUAL_REVIEW_REQUIRED,Similarity does not establish duplication; preserve both original entries
P0412,414,USB AVR programmer using ATtiny2313 microcontroller,P0438,440,Morse Code Alarm Clock using ATtiny2313 microcontroller,0.7021,0.2222,attiny2313; microcontroller,CANDIDATE_ONLY_MANUAL_REVIEW_REQUIRED,Similarity does not establish duplication; preserve both original entries
P1076,1078,How to interface LCD in 4 bit mode with AVR microcontroller,P1191,1193,Joystick Interfacing with AVR Microcontroller,0.7021,0.2222,avr; microcontroller,CANDIDATE_ONLY_MANUAL_REVIEW_REQUIRED,Similarity does not establish duplication; preserve both original entries
P1076,1078,How to interface LCD in 4 bit mode with AVR microcontroller,P1203,1205,Interfacing LCD with ATmega32 Microcontroller,0.7021,0.2222,lcd; microcontroller,CANDIDATE_ONLY_MANUAL_REVIEW_REQUIRED,Similarity does not establish duplication; preserve both original entries
P0298,300,AM radio transmission using AVR using Atmega324 microcontroller,P0388,390,SMS Based Voting System – AVR GSM Project using ATmega32 microcontroller,0.7021,0.2222,avr; microcontroller,CANDIDATE_ONLY_MANUAL_REVIEW_REQUIRED,Similarity does not establish duplication; preserve both original entries
P0200,202,The Household Informer using atmega168 microcontroller,P1868,1870,Rotary Encoder Interfacing with ATmega8 Microcontroller,0.7021,0.125,microcontroller,CANDIDATE_ONLY_MANUAL_REVIEW_REQUIRED,Similarity does not establish duplication; preserve both original entries
P0200,202,The Household Informer using atmega168 microcontroller,P0330,332,Helianthus: The Solar Tracking System using ATmega16 microcontroller,0.7021,0.125,microcontroller,CANDIDATE_ONLY_MANUAL_REVIEW_REQUIRED,Similarity does not establish duplication; preserve both original entries
P0008,10,Generating AUDIO ECHO using Atmega32 microcontroller,P0372,374,Speaking Calculator using AVR ATmega88 microcontroller,0.7021,0.1111,microcontroller,CANDIDATE_ONLY_MANUAL_REVIEW_REQUIRED,Similarity does not establish duplication; preserve both original entries
P0366,368,AVR Based Mobile Phone using AVR ATmega128A microcontroller,P0484,486,Analog audio panel for PC using ATMega328 microcontroller,0.7021,0.1111,microcontroller,CANDIDATE_ONLY_MANUAL_REVIEW_REQUIRED,Similarity does not establish duplication; preserve both original entries
P0208,210,The Word Clock – Arduino version using ATMega168 microcontroller,P0605,607,Sensor Interfacing using ATmega8 microcontroller,0.7021,0.1111,microcontroller,CANDIDATE_ONLY_MANUAL_REVIEW_REQUIRED,Similarity does not establish duplication; preserve both original entries
P0039,41,ATTiny Board For AVR ATTiny microcontrollers,P0470,472,A Pretty Good LC Meter Based on the AVR using ATTINY2313 Microcontroller,0.7021,0.1111,avr,CANDIDATE_ONLY_MANUAL_REVIEW_REQUIRED,Similarity does not establish duplication; preserve both original entries
P0390,392,PS2 Keyboard Interface with AVR MCU using ATmega8 microcontroller,P1203,1205,Interfacing LCD with ATmega32 Microcontroller,0.7021,0.1,microcontroller,CANDIDATE_ONLY_MANUAL_REVIEW_REQUIRED,Similarity does not establish duplication; preserve both original entries
P0258,260,Music Playing Alarm Clock using ATmega644 microcontroller,P0388,390,SMS Based Voting System – AVR GSM Project using ATmega32 microcontroller,0.7021,0.0909,microcontroller,CANDIDATE_ONLY_MANUAL_REVIEW_REQUIRED,Similarity does not establish duplication; preserve both original entries
P0750,752,Reversi Video Game Using ATmega32,P0852,854,3D Video Game Control Using Atmega32,0.7018,0.75,atmega32; game; video,CANDIDATE_ONLY_MANUAL_REVIEW_REQUIRED,Similarity does not establish duplication; preserve both original entries
P1063,1065,How to configure Watchdog Timers of AVR Microcontroller (ATmega16),P1081,1083,How to interface RFID with AVR microcontroller (ATmega16),0.7018,0.4444,atmega16; avr; how; microcontroller,CANDIDATE_ONLY_MANUAL_REVIEW_REQUIRED,Similarity does not establish duplication; preserve both original entries
P0718,720,Digger video game using Atmel Mega32,P0757,759,Star Duel video game Using Mega32,0.7018,0.4286,game; mega32; video,CANDIDATE_ONLY_MANUAL_REVIEW_REQUIRED,Similarity does not establish duplication; preserve both original entries
P0802,804,CUAUV Voltage Sniffer Using Atmel Mega32,P0810,812,CalcParser Using Atmel Mega32,0.7018,0.3333,atmel; mega32,CANDIDATE_ONLY_MANUAL_REVIEW_REQUIRED,Similarity does not establish duplication; preserve both original entries
P0756,758,The Big Red Guide Using Atmel AVR Mega32,P0815,817,Braille reader using Atmel mega32,0.7018,0.25,atmel; mega32,CANDIDATE_ONLY_MANUAL_REVIEW_REQUIRED,Similarity does not establish duplication; preserve both original entries
P0307,309,Cellphone controlled robot vehicle using ATmega16 microcontroller,P0398,400,Remote Controlled Fan Regulator using ATmega8 microcontroller,0.7018,0.2,controlled; microcontroller,CANDIDATE_ONLY_MANUAL_REVIEW_REQUIRED,Similarity does not establish duplication; preserve both original entries
P1075,1077,SPI (serial peripheral interface) using AVR microcontroller (ATmega16),P1293,1295,Using Serial Peripheral Interface (SPI) Master and Slave with Atmel AVR Microcontroller,0.7015,0.6,avr; interface; microcontroller; peripheral; serial; spi,CANDIDATE_ONLY_MANUAL_REVIEW_REQUIRED,Similarity does not establish duplication; preserve both original entries
P0709,711,Memory Video Game Using Atmel Mega32,P0797,799,MCU/FPGA color video Game Platform Using Atmel Mega32,0.7013,0.4444,atmel; game; mega32; video,CANDIDATE_ONLY_MANUAL_REVIEW_REQUIRED,Similarity does not establish duplication; preserve both original entries
P0460,462,RF Field Strength meter using AVR microcontroller,P1322,1324,Volt-Amp meter using AVR microcontroller,0.7013,0.4286,avr; meter; microcontroller,CANDIDATE_ONLY_MANUAL_REVIEW_REQUIRED,Similarity does not establish duplication; preserve both original entries
P0616,618,The WhereAVR using ATmega8 microcontroller,P1288,1290,Stepper motor control with an ATmega8 microcontroller,0.7013,0.4,atmega8; microcontroller,CANDIDATE_ONLY_MANUAL_REVIEW_REQUIRED,Similarity does not establish duplication; preserve both original entries
P1105,1107,DC Motor Control with Joystick & AVR Microcontroller,P1198,1200,0-99 Counter using AVR Microcontroller,0.7013,0.4,avr; microcontroller,CANDIDATE_ONLY_MANUAL_REVIEW_REQUIRED,Similarity does not establish duplication; preserve both original entries
P0570,572,Servo motor control using Atmega8 microcontroller,P0647,649,RSS Reader using ATmega8 microcontroller,0.7013,0.3333,atmega8; microcontroller,CANDIDATE_ONLY_MANUAL_REVIEW_REQUIRED,Similarity does not establish duplication; preserve both original entries
P0444,446,Multimeter with Atmel using Atmega8-16pu microcontroller,P0616,618,The WhereAVR using ATmega8 microcontroller,0.7013,0.3333,atmega8; microcontroller,CANDIDATE_ONLY_MANUAL_REVIEW_REQUIRED,Similarity does not establish duplication; preserve both original entries
P0266,268,Arduino FTDI Header using ATmega8 microcontroller,P0316,318,Programmer using ATMEGA8 microcontroller,0.7013,0.3333,atmega8; microcontroller,CANDIDATE_ONLY_MANUAL_REVIEW_REQUIRED,Similarity does not establish duplication; preserve both original entries
P0446,448,Atmel Test Card using ATmega32 microcontroller,P1204,1206,LED Blinking with ATmega32 Microcontroller,0.7013,0.2857,atmega32; microcontroller,CANDIDATE_ONLY_MANUAL_REVIEW_REQUIRED,Similarity does not establish duplication; preserve both original entries
P0377,379,AVR Code Debugger using AVR microcontroller,P0534,536,AVR mod player using ATmega325 microcontroller,0.7013,0.2857,avr; microcontroller,CANDIDATE_ONLY_MANUAL_REVIEW_REQUIRED,Similarity does not establish duplication; preserve both original entries
P0639,641,Watch controlled robot using AVR microcontroller,P1631,1633,Line Follower Robot using Microcontroller,0.7013,0.2857,microcontroller; robot,CANDIDATE_ONLY_MANUAL_REVIEW_REQUIRED,Similarity does not establish duplication; preserve both original entries
P1186,1188,Alarm Clock using ATmega32 Microcontroller,P1202,1204,Power LED Dimmer using ATmega32 Microcontroller,0.7013,0.2857,atmega32; microcontroller,CANDIDATE_ONLY_MANUAL_REVIEW_REQUIRED,Similarity does not establish duplication; preserve both original entries
P0546,548,LED Menorah using ATtiny13 microcontroller,P1202,1204,Power LED Dimmer using ATmega32 Microcontroller,0.7013,0.2857,led; microcontroller,CANDIDATE_ONLY_MANUAL_REVIEW_REQUIRED,Similarity does not establish duplication; preserve both original entries
P0581,583,Wall of Pong using ATmega32 microcontroller,P2052,2054,DIY 3D LED Cube Using ATmega32 Microcontroller,0.7013,0.2857,atmega32; microcontroller,CANDIDATE_ONLY_MANUAL_REVIEW_REQUIRED,Similarity does not establish duplication; preserve both original entries
P0333,335,93C66 EEPROM chip with an AVR microcontroller,P0440,442,PWM Waveform Capture using AVR microcontroller,0.7013,0.25,avr; microcontroller,CANDIDATE_ONLY_MANUAL_REVIEW_REQUIRED,Similarity does not establish duplication; preserve both original entries
P0328,330,8 LED Knight Rider using AVR microcontroller,P0415,417,VGA Monitor adaptor using AVR microcontroller,0.7013,0.25,avr; microcontroller,CANDIDATE_ONLY_MANUAL_REVIEW_REQUIRED,Similarity does not establish duplication; preserve both original entries
P0055,57,DIY TiX Clock using ATMEGA16 AVR microcontroller,P0074,76,AVR GPS Locator using avr microcontroller,0.7013,0.25,avr; microcontroller,CANDIDATE_ONLY_MANUAL_REVIEW_REQUIRED,Similarity does not establish duplication; preserve both original entries
P0436,438,8 Channel PWM using AVR microcontroller,P1951,1953,The LED Chasing Effect Project using Atmel AVR Microcontroller,0.7013,0.25,avr; microcontroller,CANDIDATE_ONLY_MANUAL_REVIEW_REQUIRED,Similarity does not establish duplication; preserve both original entries
P0055,57,DIY TiX Clock using ATMEGA16 AVR microcontroller,P0465,467,Ponyprog Circuit for ATMEL’S AVR using microcontroller,0.7013,0.25,avr; microcontroller,CANDIDATE_ONLY_MANUAL_REVIEW_REQUIRED,Similarity does not establish duplication; preserve both original entries
P0503,505,White LED Drive Circuit using Tiny microcontroller,P0551,553,LED Dog Collar using ATTINY2313 Microcontroller,0.7013,0.25,led; microcontroller,CANDIDATE_ONLY_MANUAL_REVIEW_REQUIRED,Similarity does not establish duplication; preserve both original entries
P0616,618,The WhereAVR using ATmega8 microcontroller,P1287,1289,Interfacing DC Motor with Atmega32 Microcontroller,0.7013,0.1667,microcontroller,CANDIDATE_ONLY_MANUAL_REVIEW_REQUIRED,Similarity does not establish duplication; preserve both original entries
P0459,461,Digital Telemetry using ATMega8 microcontroller,P1186,1188,Alarm Clock using ATmega32 Microcontroller,0.7013,0.1667,microcontroller,CANDIDATE_ONLY_MANUAL_REVIEW_REQUIRED,Similarity does not establish duplication; preserve both original entries
P0493,495,HF AC Millivoltmeter Adapter using microcontroller,P1189,1191,100mA Ammeter using AVR Microcontroller,0.7013,0.1667,microcontroller,CANDIDATE_ONLY_MANUAL_REVIEW_REQUIRED,Similarity does not establish duplication; preserve both original entries
P0082,84,Bluetooth Based Smart Home using atmega8 microcontroller,P0609,611,Evertool using ATmega16 microcontroller,0.7013,0.1667,microcontroller,CANDIDATE_ONLY_MANUAL_REVIEW_REQUIRED,Similarity does not establish duplication; preserve both original entries
P0459,461,Digital Telemetry using ATMega8 microcontroller,P0544,546,MP3 Player using ATMega128 microcontroller,0.7013,0.1667,microcontroller,CANDIDATE_ONLY_MANUAL_REVIEW_REQUIRED,Similarity does not establish duplication; preserve both original entries
P0379,381,Ear Trainer using ATMega644 microcontroller,P1203,1205,Interfacing LCD with ATmega32 Microcontroller,0.7013,0.1429,microcontroller,CANDIDATE_ONLY_MANUAL_REVIEW_REQUIRED,Similarity does not establish duplication; preserve both original entries
P0615,617,Video Overlay using ATmega8 microcontroller,P1203,1205,Interfacing LCD with ATmega32 Microcontroller,0.7013,0.1429,microcontroller,CANDIDATE_ONLY_MANUAL_REVIEW_REQUIRED,Similarity does not establish duplication; preserve both original entries
P0532,534,AttoBasic HOME using Atmega168 microcontroller,P0581,583,Wall of Pong using ATmega32 microcontroller,0.7013,0.1429,microcontroller,CANDIDATE_ONLY_MANUAL_REVIEW_REQUIRED,Similarity does not establish duplication; preserve both original entries
P0570,572,Servo motor control using Atmega8 microcontroller,P0586,588,Air-Mouse using ATmega32 microcontroller,0.7013,0.1429,microcontroller,CANDIDATE_ONLY_MANUAL_REVIEW_REQUIRED,Similarity does not establish duplication; preserve both original entries
P0604,606,The Prototino™ using ATmega168 microcontroller,P1190,1192,Anti-Theft Alert System using ATmega8 Microcontroller,0.7013,0.1429,microcontroller,CANDIDATE_ONLY_MANUAL_REVIEW_REQUIRED,Similarity does not establish duplication; preserve both original entries
P0324,326,AVR Based CRO using Atmega16 microcontroller,P0444,446,Multimeter with Atmel using Atmega8-16pu microcontroller,0.7013,0.125,microcontroller,CANDIDATE_ONLY_MANUAL_REVIEW_REQUIRED,Similarity does not establish duplication; preserve both original entries
P0361,363,STK500 Compatible ISP using AVR microcontroller,P1311,1313,Token number display system using microcontroller,0.7013,0.125,microcontroller,CANDIDATE_ONLY_MANUAL_REVIEW_REQUIRED,Similarity does not establish duplication; preserve both original entries
P0544,546,MP3 Player using ATMega128 microcontroller,P1202,1204,Power LED Dimmer using ATmega32 Microcontroller,0.7013,0.125,microcontroller,CANDIDATE_ONLY_MANUAL_REVIEW_REQUIRED,Similarity does not establish duplication; preserve both original entries
P0379,381,Ear Trainer using ATMega644 microcontroller,P0426,428,Nixie Clock with AVR using ATmega48 microcontroller,0.7013,0.125,microcontroller,CANDIDATE_ONLY_MANUAL_REVIEW_REQUIRED,Similarity does not establish duplication; preserve both original entries
P0266,268,Arduino FTDI Header using ATmega8 microcontroller,P0586,588,Air-Mouse using ATmega32 microcontroller,0.7013,0.125,microcontroller,CANDIDATE_ONLY_MANUAL_REVIEW_REQUIRED,Similarity does not establish duplication; preserve both original entries
P0569,571,AVR LCD menu routine using ATmega8 microcontroller,P0617,619,HVProg using ATmega8535 microcontroller,0.7013,0.125,microcontroller,CANDIDATE_ONLY_MANUAL_REVIEW_REQUIRED,Similarity does not establish duplication; preserve both original entries
P0433,435,Capacitance Meter using AVR microcontroller,P2034,2036,Building a Web Server Using AVR Microcontrollers,0.7013,0.125,avr,CANDIDATE_ONLY_MANUAL_REVIEW_REQUIRED,Similarity does not establish duplication; preserve both original entries
P0023,25,CNC Update 2 Using atmega32 microcontroller,P1190,1192,Anti-Theft Alert System using ATmega8 Microcontroller,0.7013,0.125,microcontroller,CANDIDATE_ONLY_MANUAL_REVIEW_REQUIRED,Similarity does not establish duplication; preserve both original entries
P0023,25,CNC Update 2 Using atmega32 microcontroller,P0354,356,AVR Switch Timer using ATmega8 Microcontroller,0.7013,0.125,microcontroller,CANDIDATE_ONLY_MANUAL_REVIEW_REQUIRED,Similarity does not establish duplication; preserve both original entries
P0046,48,Box with a Music Lock using ATMega328P Microcontroller,P0544,546,MP3 Player using ATMega128 microcontroller,0.7013,0.125,microcontroller,CANDIDATE_ONLY_MANUAL_REVIEW_REQUIRED,Similarity does not establish duplication; preserve both original entries
P0388,390,SMS Based Voting System – AVR GSM Project using ATmega32 microcontroller,P0539,541,AvrPhone using ATmega128 microcontroller,0.7013,0.125,microcontroller,CANDIDATE_ONLY_MANUAL_REVIEW_REQUIRED,Similarity does not establish duplication; preserve both original entries
P0329,331,16 LED Knight Rider using 74HCT138 microcontroller,P1310,1312,16×2 LCD interface with microcontroller,0.7013,0.125,microcontroller,CANDIDATE_ONLY_MANUAL_REVIEW_REQUIRED,Similarity does not establish duplication; preserve both original entries
P0271,273,Color Sensor using Atmega16 microcontroller,P0534,536,AVR mod player using ATmega325 microcontroller,0.7013,0.125,microcontroller,CANDIDATE_ONLY_MANUAL_REVIEW_REQUIRED,Similarity does not establish duplication; preserve both original entries
P2072,2074,AVR ADC using ATmega16 with TLC549 Serial ADC in Proteus Simulation,P2076,2078,AVR Based 8-bit DAC using ATmega16 with Proteus Simulation,0.701,0.4444,atmega16; avr; proteus; simulation,CANDIDATE_ONLY_MANUAL_REVIEW_REQUIRED,Similarity does not establish duplication; preserve both original entries
P2074,2076,I/O Expander with 8255A using ATmega16 with Proteus Simulation,P2082,2084,AVR Based DC Motor Controller using ATmega16 with Proteus Simulation,0.701,0.4286,atmega16; proteus; simulation,CANDIDATE_ONLY_MANUAL_REVIEW_REQUIRED,Similarity does not establish duplication; preserve both original entries
P1062,1064,How to interface GPS with AVR microcontroller (ATmega16),P1862,1864,Line Follower Robot using AVR Microcontroller ATmega16,0.701,0.3333,atmega16; avr; microcontroller,CANDIDATE_ONLY_MANUAL_REVIEW_REQUIRED,Similarity does not establish duplication; preserve both original entries
P1069,1071,How to interface LED with AVR Microcontroller (ATmega16),P1862,1864,Line Follower Robot using AVR Microcontroller ATmega16,0.701,0.3333,atmega16; avr; microcontroller,CANDIDATE_ONLY_MANUAL_REVIEW_REQUIRED,Similarity does not establish duplication; preserve both original entries
P0319,321,Kitchen Timer using ATTiny2313 microcontroller,P0381,383,DC Servomotor Controller System Meter using ATtiny2313 microcontroller,0.701,0.3333,attiny2313; microcontroller,CANDIDATE_ONLY_MANUAL_REVIEW_REQUIRED,Similarity does not establish duplication; preserve both original entries
P0552,554,Prime Calculator is Complete using ATMega8 Microcontroller,P1288,1290,Stepper motor control with an ATmega8 microcontroller,0.701,0.2857,atmega8; microcontroller,CANDIDATE_ONLY_MANUAL_REVIEW_REQUIRED,Similarity does not establish duplication; preserve both original entries
P0431,433,PC Temperature Meter using ATtiny15 microcontroller,P1197,1199,Temperature Measurement using LM35 and AVR Microcontroller,0.701,0.2857,microcontroller; temperature,CANDIDATE_ONLY_MANUAL_REVIEW_REQUIRED,Similarity does not establish duplication; preserve both original entries
P1145,1147,Temperature Controlled DC Fan using Microcontroller,P1197,1199,Temperature Measurement using LM35 and AVR Microcontroller,0.701,0.2857,microcontroller; temperature,CANDIDATE_ONLY_MANUAL_REVIEW_REQUIRED,Similarity does not establish duplication; preserve both original entries
P0141,143,Stripboard Arduino using ATMega168 microcontroller,P0192,194,Assembling the ZIFduino USB 1.2 using ATMEGA168 microcontroller,0.701,0.2857,atmega168; microcontroller,CANDIDATE_ONLY_MANUAL_REVIEW_REQUIRED,Similarity does not establish duplication; preserve both original entries
P2070,2072,Dual Thermometer using ATmega8515 with Proteus Simulation,P2082,2084,AVR Based DC Motor Controller using ATmega16 with Proteus Simulation,0.701,0.25,proteus; simulation,CANDIDATE_ONLY_MANUAL_REVIEW_REQUIRED,Similarity does not establish duplication; preserve both original entries
P0224,226,Arduino Powered Binary Clock using ATmega168 microcontroller,P0266,268,Arduino FTDI Header using ATmega8 microcontroller,0.701,0.2222,arduino; microcontroller,CANDIDATE_ONLY_MANUAL_REVIEW_REQUIRED,Similarity does not establish duplication; preserve both original entries
P0059,61,LED wind indicator Using atmega8 Microcontroller,P0398,400,Remote Controlled Fan Regulator using ATmega8 microcontroller,0.701,0.2222,atmega8; microcontroller,CANDIDATE_ONLY_MANUAL_REVIEW_REQUIRED,Similarity does not establish duplication; preserve both original entries
P0179,181,Build the Penguin game system using ATMega32/644 microcontroller,P2020,2022,Building a Basic Calculator using ATmega32 Microcontroller,0.701,0.2222,atmega32; microcontroller,CANDIDATE_ONLY_MANUAL_REVIEW_REQUIRED,Similarity does not establish duplication; preserve both original entries
P0049,51,Hack a Toaster Oven for Reflow Soldering using ATmega32 microcontroller,P0344,346,AVR Based Operating System using ATMega32 microcontroller,0.701,0.2222,atmega32; microcontroller,CANDIDATE_ONLY_MANUAL_REVIEW_REQUIRED,Similarity does not establish duplication; preserve both original entries
P0385,387,AVR Power Usage Logger using ATmega168 microcontroller,P0550,552,Making a USB based AVR Programmer using ATMEGA8 Microcontroller,0.701,0.2,avr; microcontroller,CANDIDATE_ONLY_MANUAL_REVIEW_REQUIRED,Similarity does not establish duplication; preserve both original entries
P0467,469,Interfacing DRAM Memory using AVR microcontroller,P1076,1078,How to interface LCD in 4 bit mode with AVR microcontroller,0.701,0.2,avr; microcontroller,CANDIDATE_ONLY_MANUAL_REVIEW_REQUIRED,Similarity does not establish duplication; preserve both original entries
P0388,390,SMS Based Voting System – AVR GSM Project using ATmega32 microcontroller,P0390,392,PS2 Keyboard Interface with AVR MCU using ATmega8 microcontroller,0.701,0.1818,avr; microcontroller,CANDIDATE_ONLY_MANUAL_REVIEW_REQUIRED,Similarity does not establish duplication; preserve both original entries
P1324,1326,LCD Interface with Atmega32 AVR microcontoller for beginners,P1991,1993,4×4 Keypad Interfacing with ATmega32 Microcontroller,0.701,0.1111,atmega32,CANDIDATE_ONLY_MANUAL_REVIEW_REQUIRED,Similarity does not establish duplication; preserve both original entries
P0577,579,The Self-Driving Toy Car using ATmega1284 microcontroller,P2020,2022,Building a Basic Calculator using ATmega32 Microcontroller,0.701,0.1,microcontroller,CANDIDATE_ONLY_MANUAL_REVIEW_REQUIRED,Similarity does not establish duplication; preserve both original entries
P0346,348,Modular User Interface System using ATMega88 microcontroller,P0403,405,AVR Compiler toolchain for MAC using ATmega8 microcontroller,0.701,0.1,microcontroller,CANDIDATE_ONLY_MANUAL_REVIEW_REQUIRED,Similarity does not establish duplication; preserve both original entries
P0256,258,Getting Started with Atmel AVR and BASCOM using attiny26 microcontroller,P1891,1893,Getting Started with C Programming for the ATMEL AVR Microcontrollers,0.7009,0.4444,atmel; avr; getting; started,CANDIDATE_ONLY_MANUAL_REVIEW_REQUIRED,Similarity does not establish duplication; preserve both original entries
P1064,1066,How to interface serial ADC0831 with AVR microcontroller (ATmega16),P1079,1081,How to use internal ADC of AVR microcontroller using interrupts,0.7009,0.2727,avr; how; microcontroller,CANDIDATE_ONLY_MANUAL_REVIEW_REQUIRED,Similarity does not establish duplication; preserve both original entries
P0083,85,8×8 Dotmatrix Scrolling LED display using atmega8515 microcontroller,P0085,87,DS1820 Temperature Controller using atmega8515 microcontroller,0.7009,0.25,atmega8515; microcontroller,CANDIDATE_ONLY_MANUAL_REVIEW_REQUIRED,Similarity does not establish duplication; preserve both original entries
P0290,292,50 MHz range frequency counter using ATtiny45 microcontroller,P0482,484,A Little More Serious Frequency Meter using ATtiny2313 microcontroller,0.7009,0.1818,frequency; microcontroller,CANDIDATE_ONLY_MANUAL_REVIEW_REQUIRED,Similarity does not establish duplication; preserve both original entries
P0418,420,Atmel avr usb programmer using ATMEGA8 microcontroller,P1955,1957,Atmel AVR Programmer USB Circuit Atmega8,0.7,0.8333,atmega8; atmel; avr; programmer; usb,CANDIDATE_ONLY_MANUAL_REVIEW_REQUIRED,Similarity does not establish duplication; preserve both original entries
P0344,346,AVR Based Operating System using ATMega32 microcontroller,P1237,1239,RFID based security system using AVR ATmega32 microcontroller,0.7,0.5,atmega32; avr; microcontroller,CANDIDATE_ONLY_MANUAL_REVIEW_REQUIRED,Similarity does not establish duplication; preserve both original entries
P0741,743,Color Tetris video game using ATMega32,P0828,830,TouchPad video game Using Atmega32,0.7,0.5,atmega32; game; video,CANDIDATE_ONLY_MANUAL_REVIEW_REQUIRED,Similarity does not establish duplication; preserve both original entries
P0344,346,AVR Based Operating System using ATMega32 microcontroller,P2025,2027,RFID based security system using AVR ATmega32 microcontroller,0.7,0.5,atmega32; avr; microcontroller,CANDIDATE_ONLY_MANUAL_REVIEW_REQUIRED,Similarity does not establish duplication; preserve both original entries
P0344,346,AVR Based Operating System using ATMega32 microcontroller,P2047,2049,RFID-Based Security System with AVR ATmega32 Microcontroller,0.7,0.5,atmega32; avr; microcontroller,CANDIDATE_ONLY_MANUAL_REVIEW_REQUIRED,Similarity does not establish duplication; preserve both original entries
P0772,774,Pong2 Using Atmel Mega32,P0800,802,SearchBot Using Atmel Mega32,0.7,0.5,atmel; mega32,CANDIDATE_ONLY_MANUAL_REVIEW_REQUIRED,Similarity does not establish duplication; preserve both original entries
P0398,400,Remote Controlled Fan Regulator using ATmega8 microcontroller,P1145,1147,Temperature Controlled DC Fan using Microcontroller,0.7,0.4286,controlled; fan; microcontroller,CANDIDATE_ONLY_MANUAL_REVIEW_REQUIRED,Similarity does not establish duplication; preserve both original entries
P1062,1064,How to interface GPS with AVR microcontroller (ATmega16),P1070,1072,How to use External (Hardware) Interrupts of AVR Microcontroller (ATmega16),0.7,0.4,atmega16; avr; how; microcontroller,CANDIDATE_ONLY_MANUAL_REVIEW_REQUIRED,Similarity does not establish duplication; preserve both original entries
P1069,1071,How to interface LED with AVR Microcontroller (ATmega16),P1070,1072,How to use External (Hardware) Interrupts of AVR Microcontroller (ATmega16),0.7,0.4,atmega16; avr; how; microcontroller,CANDIDATE_ONLY_MANUAL_REVIEW_REQUIRED,Similarity does not establish duplication; preserve both original entries
P0389,391,Line Following Robot using AVR ATmega8,P1862,1864,Line Follower Robot using AVR Microcontroller ATmega16,0.7,0.375,avr; line; robot,CANDIDATE_ONLY_MANUAL_REVIEW_REQUIRED,Similarity does not establish duplication; preserve both original entries
P0426,428,Nixie Clock with AVR using ATmega48 microcontroller,P0490,492,Dutchtronix AVR Oscilloscope Clock using Atmega328 microcontroller,0.7,0.375,avr; clock; microcontroller,CANDIDATE_ONLY_MANUAL_REVIEW_REQUIRED,Similarity does not establish duplication; preserve both original entries
P0039,41,ATTiny Board For AVR ATTiny microcontrollers,P0284,286,Reading Switches with using Attiny microcontrollers,0.7,0.3333,attiny; microcontrollers,CANDIDATE_ONLY_MANUAL_REVIEW_REQUIRED,Similarity does not establish duplication; preserve both original entries
P0718,720,Digger video game using Atmel Mega32,P0852,854,3D Video Game Control Using Atmega32,0.7,0.3333,game; video,CANDIDATE_ONLY_MANUAL_REVIEW_REQUIRED,Similarity does not establish duplication; preserve both original entries
P0586,588,Air-Mouse using ATmega32 microcontroller,P1991,1993,4×4 Keypad Interfacing with ATmega32 Microcontroller,0.7,0.3333,atmega32; microcontroller,CANDIDATE_ONLY_MANUAL_REVIEW_REQUIRED,Similarity does not establish duplication; preserve both original entries
P1480,1482,NI-MH BATTERY CHARGER CIRCUIT ATMEL ATTINY26,P1559,1561,NIMH NICD BATTERY FAST PWM CHARGER CIRCUIT ATMEL AVR,0.7,0.3333,atmel; battery; charger,CANDIDATE_ONLY_MANUAL_REVIEW_REQUIRED,Similarity does not establish duplication; preserve both original entries
P0898,900,3D scanner Using Atmega644,P0961,963,Quadcopter Using Atmega644,0.7,0.3333,atmega644,CANDIDATE_ONLY_MANUAL_REVIEW_REQUIRED,Similarity does not establish duplication; preserve both original entries
P0317,319,Programmer UsbAsp using AVR microcontroller,P0467,469,Interfacing DRAM Memory using AVR microcontroller,0.7,0.2857,avr; microcontroller,CANDIDATE_ONLY_MANUAL_REVIEW_REQUIRED,Similarity does not establish duplication; preserve both original entries
P0418,420,Atmel avr usb programmer using ATMEGA8 microcontroller,P0616,618,The WhereAVR using ATmega8 microcontroller,0.7,0.2857,atmega8; microcontroller,CANDIDATE_ONLY_MANUAL_REVIEW_REQUIRED,Similarity does not establish duplication; preserve both original entries
P0370,372,AVR LED Candle using ATtiny85 microcontroller,P0572,574,AVR Programmer using ATTINY2313 microcontroller,0.7,0.2857,avr; microcontroller,CANDIDATE_ONLY_MANUAL_REVIEW_REQUIRED,Similarity does not establish duplication; preserve both original entries
P0377,379,AVR Code Debugger using AVR microcontroller,P0460,462,RF Field Strength meter using AVR microcontroller,0.7,0.2857,avr; microcontroller,CANDIDATE_ONLY_MANUAL_REVIEW_REQUIRED,Similarity does not establish duplication; preserve both original entries
P0238,240,Arduino XMAS hitcounter using AVR microcontroller,P0433,435,Capacitance Meter using AVR microcontroller,0.7,0.2857,avr; microcontroller,CANDIDATE_ONLY_MANUAL_REVIEW_REQUIRED,Similarity does not establish duplication; preserve both original entries
P0432,434,Atmel Avr Project Circuit Archive 360 MB using ATmega8 microcontroller,P0616,618,The WhereAVR using ATmega8 microcontroller,0.7,0.2857,atmega8; microcontroller,CANDIDATE_ONLY_MANUAL_REVIEW_REQUIRED,Similarity does not establish duplication; preserve both original entries
P1632,1634,Microcontroller Projects: Home Automation System,P1706,1708,DIY Cheapest Bluetooth Controlled Home Automation,0.7,0.2857,automation; home,CANDIDATE_ONLY_MANUAL_REVIEW_REQUIRED,Similarity does not establish duplication; preserve both original entries
P0041,43,Scientific Calculator using AVR Microcontroller,P0415,417,VGA Monitor adaptor using AVR microcontroller,0.7,0.2857,avr; microcontroller,CANDIDATE_ONLY_MANUAL_REVIEW_REQUIRED,Similarity does not establish duplication; preserve both original entries
P0238,240,Arduino XMAS hitcounter using AVR microcontroller,P0377,379,AVR Code Debugger using AVR microcontroller,0.7,0.2857,avr; microcontroller,CANDIDATE_ONLY_MANUAL_REVIEW_REQUIRED,Similarity does not establish duplication; preserve both original entries
P0271,273,Color Sensor using Atmega16 microcontroller,P1192,1194,Flex Sensor Interfacing with AVR Microcontroller,0.7,0.2857,microcontroller; sensor,CANDIDATE_ONLY_MANUAL_REVIEW_REQUIRED,Similarity does not establish duplication; preserve both original entries
P0744,746,Duckhunt video game using Atmel Mega32,P0751,753,Arkanoid Video Game using Atmega32,0.7,0.2857,game; video,CANDIDATE_ONLY_MANUAL_REVIEW_REQUIRED,Similarity does not establish duplication; preserve both original entries
P0433,435,Capacitance Meter using AVR microcontroller,P0467,469,Interfacing DRAM Memory using AVR microcontroller,0.7,0.2857,avr; microcontroller,CANDIDATE_ONLY_MANUAL_REVIEW_REQUIRED,Similarity does not establish duplication; preserve both original entries
P0366,368,AVR Based Mobile Phone using AVR ATmega128A microcontroller,P1320,1322,Automatic plant watering system using AVR(Atmega16) Microcontroller,0.7,0.25,avr; microcontroller,CANDIDATE_ONLY_MANUAL_REVIEW_REQUIRED,Similarity does not establish duplication; preserve both original entries
P0893,895,IR harp using Atmega644,P0976,978,MicroKart 644 Using Atmega644,0.7,0.25,atmega644,CANDIDATE_ONLY_MANUAL_REVIEW_REQUIRED,Similarity does not establish duplication; preserve both original entries
P0705,707,Space Fighter Video Game Using ATMega32,P0757,759,Star Duel video game Using Mega32,0.7,0.25,game; video,CANDIDATE_ONLY_MANUAL_REVIEW_REQUIRED,Similarity does not establish duplication; preserve both original entries
P0325,327,PCM Audio Based Door Bell using Atmega32 microcontroller,P1186,1188,Alarm Clock using ATmega32 Microcontroller,0.7,0.25,atmega32; microcontroller,CANDIDATE_ONLY_MANUAL_REVIEW_REQUIRED,Similarity does not establish duplication; preserve both original entries
P0893,895,IR harp using Atmega644,P0941,943,Sonar SensCap Using Atmega644,0.7,0.25,atmega644,CANDIDATE_ONLY_MANUAL_REVIEW_REQUIRED,Similarity does not establish duplication; preserve both original entries
P0324,326,AVR Based CRO using Atmega16 microcontroller,P0432,434,Atmel Avr Project Circuit Archive 360 MB using ATmega8 microcontroller,0.7,0.25,avr; microcontroller,CANDIDATE_ONLY_MANUAL_REVIEW_REQUIRED,Similarity does not establish duplication; preserve both original entries
P0446,448,Atmel Test Card using ATmega32 microcontroller,P2052,2054,DIY 3D LED Cube Using ATmega32 Microcontroller,0.7,0.25,atmega32; microcontroller,CANDIDATE_ONLY_MANUAL_REVIEW_REQUIRED,Similarity does not establish duplication; preserve both original entries
P0339,341,"Simple USB AVR programmer, USBasp using ATMega8 microcontroller",P1981,1983,Simple Standalone ATMega328p Microcontroller,0.7,0.2222,microcontroller; simple,CANDIDATE_ONLY_MANUAL_REVIEW_REQUIRED,Similarity does not establish duplication; preserve both original entries
P0277,279,Building a digital light meter with a calibrated LDR using Atmega8 microcontroller,P0303,305,A multifunction digital meter using Atmega128 microcontroller,0.7,0.2222,meter; microcontroller,CANDIDATE_ONLY_MANUAL_REVIEW_REQUIRED,Similarity does not establish duplication; preserve both original entries
P0451,453,Serial interface with 2X16 LCD display using ATMega8515 microcontroller,P1203,1205,Interfacing LCD with ATmega32 Microcontroller,0.7,0.2222,lcd; microcontroller,CANDIDATE_ONLY_MANUAL_REVIEW_REQUIRED,Similarity does not establish duplication; preserve both original entries
P0314,316,Door Opener using ATTiny2313 microcontroller,P0482,484,A Little More Serious Frequency Meter using ATtiny2313 microcontroller,0.7,0.2222,attiny2313; microcontroller,CANDIDATE_ONLY_MANUAL_REVIEW_REQUIRED,Similarity does not establish duplication; preserve both original entries
P0846,848,ROBOT ARM Using Atmega32,P0875,877,Blackout game Using Atmega32,0.7,0.2,atmega32,CANDIDATE_ONLY_MANUAL_REVIEW_REQUIRED,Similarity does not establish duplication; preserve both original entries
P0310,312,LC Meter using AVR microcontroller,P0616,618,The WhereAVR using ATmega8 microcontroller,0.7,0.2,microcontroller,CANDIDATE_ONLY_MANUAL_REVIEW_REQUIRED,Similarity does not establish duplication; preserve both original entries
P0123,125,How to choose a MicroController,P0312,314,2 Bit u Stepper using microcontroller,0.7,0.2,microcontroller,CANDIDATE_ONLY_MANUAL_REVIEW_REQUIRED,Similarity does not establish duplication; preserve both original entries
P0392,394,PC Controlled Robot using ATmega32,P0861,863,Trumpet MIDI Controller Using Atmega32,0.7,0.2,atmega32,CANDIDATE_ONLY_MANUAL_REVIEW_REQUIRED,Similarity does not establish duplication; preserve both original entries
P0352,354,Low-cost AVR programmer,P1910,1912,Using the AVRISP Programmer,0.7,0.2,programmer,CANDIDATE_ONLY_MANUAL_REVIEW_REQUIRED,Similarity does not establish duplication; preserve both original entries
P0191,193,Assembling the Dragon Rider 500 for use with the AVR Dragon using ATmega88 microcontroller,P0192,194,Assembling the ZIFduino USB 1.2 using ATMEGA168 microcontroller,0.7,0.1818,assembling; microcontroller,CANDIDATE_ONLY_MANUAL_REVIEW_REQUIRED,Similarity does not establish duplication; preserve both original entries
P0066,68,Digital Melody player using atmega16 microcontroller,P0316,318,Programmer using ATMEGA8 microcontroller,0.7,0.1667,microcontroller,CANDIDATE_ONLY_MANUAL_REVIEW_REQUIRED,Similarity does not establish duplication; preserve both original entries
P0539,541,AvrPhone using ATmega128 microcontroller,P2003,2005,Introduction to the Atmel ATmega16 Microcontroller,0.7,0.1667,microcontroller,CANDIDATE_ONLY_MANUAL_REVIEW_REQUIRED,Similarity does not establish duplication; preserve both original entries
P0316,318,Programmer using ATMEGA8 microcontroller,P2003,2005,Introduction to the Atmel ATmega16 Microcontroller,0.7,0.1667,microcontroller,CANDIDATE_ONLY_MANUAL_REVIEW_REQUIRED,Similarity does not establish duplication; preserve both original entries
P0075,77,LCD Thermometer LM35 Using AT Mega8,P0181,183,DIY Digital Thermometer Using ATMega8,0.7,0.1667,thermometer,CANDIDATE_ONLY_MANUAL_REVIEW_REQUIRED,Similarity does not establish duplication; preserve both original entries
P0647,649,RSS Reader using ATmega8 microcontroller,P2057,2059,An In-Depth Review of the ATmega168PB Microcontroller Project,0.7,0.1429,microcontroller,CANDIDATE_ONLY_MANUAL_REVIEW_REQUIRED,Similarity does not establish duplication; preserve both original entries
P0200,202,The Household Informer using atmega168 microcontroller,P0544,546,MP3 Player using ATMega128 microcontroller,0.7,0.1429,microcontroller,CANDIDATE_ONLY_MANUAL_REVIEW_REQUIRED,Similarity does not establish duplication; preserve both original entries
P0366,368,AVR Based Mobile Phone using AVR ATmega128A microcontroller,P0609,611,Evertool using ATmega16 microcontroller,0.7,0.1429,microcontroller,CANDIDATE_ONLY_MANUAL_REVIEW_REQUIRED,Similarity does not establish duplication; preserve both original entries
P0022,24,Delta Robot using atmega32 micrcontroller,P1287,1289,Interfacing DC Motor with Atmega32 Microcontroller,0.7,0.1429,atmega32,CANDIDATE_ONLY_MANUAL_REVIEW_REQUIRED,Similarity does not establish duplication; preserve both original entries
P0082,84,Bluetooth Based Smart Home using atmega8 microcontroller,P1186,1188,Alarm Clock using ATmega32 Microcontroller,0.7,0.1429,microcontroller,CANDIDATE_ONLY_MANUAL_REVIEW_REQUIRED,Similarity does not establish duplication; preserve both original entries
P0576,578,RFID Checkout System Design using ATmega644 microcontroller,P0586,588,Air-Mouse using ATmega32 microcontroller,0.7,0.1429,microcontroller,CANDIDATE_ONLY_MANUAL_REVIEW_REQUIRED,Similarity does not establish duplication; preserve both original entries
P0616,618,The WhereAVR using ATmega8 microcontroller,P1996,1998,Interfacing Servo Motor with Atmega32 Microcontroller,0.7,0.1429,microcontroller,CANDIDATE_ONLY_MANUAL_REVIEW_REQUIRED,Similarity does not establish duplication; preserve both original entries
P0379,381,Ear Trainer using ATMega644 microcontroller,P0570,572,Servo motor control using Atmega8 microcontroller,0.7,0.1429,microcontroller,CANDIDATE_ONLY_MANUAL_REVIEW_REQUIRED,Similarity does not establish duplication; preserve both original entries
P0085,87,DS1820 Temperature Controller using atmega8515 microcontroller,P0727,729,MIDI DRUM CONTROLLER USING MEGA 32 MICROCONTROLLER,0.7,0.1429,microcontroller,CANDIDATE_ONLY_MANUAL_REVIEW_REQUIRED,Similarity does not establish duplication; preserve both original entries
P0576,578,RFID Checkout System Design using ATmega644 microcontroller,P0647,649,RSS Reader using ATmega8 microcontroller,0.7,0.1429,microcontroller,CANDIDATE_ONLY_MANUAL_REVIEW_REQUIRED,Similarity does not establish duplication; preserve both original entries
P0727,729,MIDI DRUM CONTROLLER USING MEGA 32 MICROCONTROLLER,P1186,1188,Alarm Clock using ATmega32 Microcontroller,0.7,0.1429,microcontroller,CANDIDATE_ONLY_MANUAL_REVIEW_REQUIRED,Similarity does not establish duplication; preserve both original entries
P1186,1188,Alarm Clock using ATmega32 Microcontroller,P1981,1983,Simple Standalone ATMega328p Microcontroller,0.7,0.1429,microcontroller,CANDIDATE_ONLY_MANUAL_REVIEW_REQUIRED,Similarity does not establish duplication; preserve both original entries
P0577,579,The Self-Driving Toy Car using ATmega1284 microcontroller,P0609,611,Evertool using ATmega16 microcontroller,0.7,0.125,microcontroller,CANDIDATE_ONLY_MANUAL_REVIEW_REQUIRED,Similarity does not establish duplication; preserve both original entries
P0087,89,Stepper motor Driver Using AT2313 microcontroller,P0381,383,DC Servomotor Controller System Meter using ATtiny2313 microcontroller,0.7,0.125,microcontroller,CANDIDATE_ONLY_MANUAL_REVIEW_REQUIRED,Similarity does not establish duplication; preserve both original entries
P0271,273,Color Sensor using Atmega16 microcontroller,P0369,371,Mini Logic Analyzer using ATmega8 microcontroller,0.7,0.125,microcontroller,CANDIDATE_ONLY_MANUAL_REVIEW_REQUIRED,Similarity does not establish duplication; preserve both original entries
P0023,25,CNC Update 2 Using atmega32 microcontroller,P0266,268,Arduino FTDI Header using ATmega8 microcontroller,0.7,0.125,microcontroller,CANDIDATE_ONLY_MANUAL_REVIEW_REQUIRED,Similarity does not establish duplication; preserve both original entries
P1589,1591,MICROCONTROLLER CONTROLLED METAL DETECTOR PROJECTS,P1630,1632,Microcontroller Projects: Sonar Water-Level Meter,0.7,0.125,microcontroller,CANDIDATE_ONLY_MANUAL_REVIEW_REQUIRED,Similarity does not establish duplication; preserve both original entries
P0023,25,CNC Update 2 Using atmega32 microcontroller,P0369,371,Mini Logic Analyzer using ATmega8 microcontroller,0.7,0.125,microcontroller,CANDIDATE_ONLY_MANUAL_REVIEW_REQUIRED,Similarity does not establish duplication; preserve both original entries
P0388,390,SMS Based Voting System – AVR GSM Project using ATmega32 microcontroller,P0604,606,The Prototino™ using ATmega168 microcontroller,0.7,0.125,microcontroller,CANDIDATE_ONLY_MANUAL_REVIEW_REQUIRED,Similarity does not establish duplication; preserve both original entries
P0412,414,USB AVR programmer using ATtiny2313 microcontroller,P0642,644,USB Sensors with ATtiny Microcontrollers,0.7,0.125,usb,CANDIDATE_ONLY_MANUAL_REVIEW_REQUIRED,Similarity does not establish duplication; preserve both original entries
P0300,302,VGA monitor tester using ATTiny2313 microcontroller,P0384,386,Energy Monitoring Transmitter using Atmega328 microcontroller,0.7,0.1111,microcontroller,CANDIDATE_ONLY_MANUAL_REVIEW_REQUIRED,Similarity does not establish duplication; preserve both original entries
P0369,371,Mini Logic Analyzer using ATmega8 microcontroller,P1856,1858,Fingerprint Based Biometric Attendance System using Atmega32 Microcontroller,0.7,0.1111,microcontroller,CANDIDATE_ONLY_MANUAL_REVIEW_REQUIRED,Similarity does not establish duplication; preserve both original entries
P0281,283,ISP Breadboard Header using AVR microcontrollers,P0328,330,8 LED Knight Rider using AVR microcontroller,0.7,0.1111,avr,CANDIDATE_ONLY_MANUAL_REVIEW_REQUIRED,Similarity does not establish duplication; preserve both original entries
P0303,305,A multifunction digital meter using Atmega128 microcontroller,P0577,579,The Self-Driving Toy Car using ATmega1284 microcontroller,0.7,0.1111,microcontroller,CANDIDATE_ONLY_MANUAL_REVIEW_REQUIRED,Similarity does not establish duplication; preserve both original entries
P0426,428,Nixie Clock with AVR using ATmega48 microcontroller,P0446,448,Atmel Test Card using ATmega32 microcontroller,0.7,0.1111,microcontroller,CANDIDATE_ONLY_MANUAL_REVIEW_REQUIRED,Similarity does not establish duplication; preserve both original entries
P0325,327,PCM Audio Based Door Bell using Atmega32 microcontroller,P0544,546,MP3 Player using ATMega128 microcontroller,0.7,0.1111,microcontroller,CANDIDATE_ONLY_MANUAL_REVIEW_REQUIRED,Similarity does not establish duplication; preserve both original entries
P1190,1192,Anti-Theft Alert System using ATmega8 Microcontroller,P2052,2054,DIY 3D LED Cube Using ATmega32 Microcontroller,0.7,0.1111,microcontroller,CANDIDATE_ONLY_MANUAL_REVIEW_REQUIRED,Similarity does not establish duplication; preserve both original entries
P0569,571,AVR LCD menu routine using ATmega8 microcontroller,P1186,1188,Alarm Clock using ATmega32 Microcontroller,0.7,0.1111,microcontroller,CANDIDATE_ONLY_MANUAL_REVIEW_REQUIRED,Similarity does not establish duplication; preserve both original entries
P0190,192,Fun Hackable Speaker Timer using ATMega328 microcontroller,P1996,1998,Interfacing Servo Motor with Atmega32 Microcontroller,0.7,0.1,microcontroller,CANDIDATE_ONLY_MANUAL_REVIEW_REQUIRED,Similarity does not establish duplication; preserve both original entries
P1193,1195,Touch Keypad Interfacing with ATmega32 Microcontroller,P1324,1326,LCD Interface with Atmega32 AVR microcontoller for beginners,0.7,0.1,atmega32,CANDIDATE_ONLY_MANUAL_REVIEW_REQUIRED,Similarity does not establish duplication; preserve both original entries
P0103,105,Music Playing Alarm Clock using Microcontroller AT90USB1286,P0386,388,AVR Music Player with Alarm Clock using AT90USB1286 microcontroller,0.6972,0.625,alarm; at90usb1286; clock; microcontroller; music,CANDIDATE_ONLY_MANUAL_REVIEW_REQUIRED,Similarity does not establish duplication; preserve both original entries
P0743,745,The Contender video game using Atmel Mega32,P0774,776,MiniGolf video game with putter Using Atmel Mega32,0.6944,0.5714,atmel; game; mega32; video,CANDIDATE_ONLY_MANUAL_REVIEW_REQUIRED,Similarity does not establish duplication; preserve both original entries
P0699,701,Wireless Keyboard Using Atmega32,P0746,748,Keyboard mania using Atmega32,0.6939,0.6667,atmega32; keyboard,CANDIDATE_ONLY_MANUAL_REVIEW_REQUIRED,Similarity does not establish duplication; preserve both original entries
P0696,698,Tetris Video Game,P0741,743,Color Tetris video game using ATMega32,0.6939,0.6,game; tetris; video,CANDIDATE_ONLY_MANUAL_REVIEW_REQUIRED,Similarity does not establish duplication; preserve both original entries
P0291,293,AVR based remote controlled fan regulator,P0398,400,Remote Controlled Fan Regulator using ATmega8 microcontroller,0.6889,0.5714,controlled; fan; regulator; remote,CANDIDATE_ONLY_MANUAL_REVIEW_REQUIRED,Similarity does not establish duplication; preserve both original entries
P0090,92,An Absolute Beginner's Guide to 8-Bit AVR Programming-AVR Dragon,P0193,195,Beginner's Guide – AVR Programming,0.6882,0.5714,avr; beginner; guide; programming,CANDIDATE_ONLY_MANUAL_REVIEW_REQUIRED,Similarity does not establish duplication; preserve both original entries
P0852,854,3D Video Game Control Using Atmega32,P0853,855,3D Maze in a Box video game Using Atmega32,0.6875,0.6,atmega32; game; video,CANDIDATE_ONLY_MANUAL_REVIEW_REQUIRED,Similarity does not establish duplication; preserve both original entries
P0572,574,AVR Programmer using ATTINY2313 microcontroller,P0620,622,USB AVR in-system Programmer using ATtiny2313,0.6849,0.6,attiny2313; avr; programmer,CANDIDATE_ONLY_MANUAL_REVIEW_REQUIRED,Similarity does not establish duplication; preserve both original entries
P0199,201,The $9 Quasi-duino (Almost-duino),P0262,264,The $9 Quasi-duino (Almost-duino) using ATmega328 microcontroll,0.6842,0.6,almost; duino; quasi,CANDIDATE_ONLY_MANUAL_REVIEW_REQUIRED,Similarity does not establish duplication; preserve both original entries
P0276,278,Intelligent temperature monitoring and control system using AVR microcontroller,P1314,1316,AVR Microcontroller based Temperature Monitoring and Control System,0.6833,0.8,avr; microcontroller; monitoring; temperature,CANDIDATE_ONLY_MANUAL_REVIEW_REQUIRED,Similarity does not establish duplication; preserve both original entries
P1875,1877,Programming the ATtiny,P1879,1881,ATtiny Programming With Arduino,0.6818,0.6667,attiny; programming,CANDIDATE_ONLY_MANUAL_REVIEW_REQUIRED,Similarity does not establish duplication; preserve both original entries
P1268,1270,Atmega 32u4 Based USB Speaker,P1269,1271,Atmega 32u4 Based Wireless USB Mouse,0.6792,0.6,32u4; atmega; usb,CANDIDATE_ONLY_MANUAL_REVIEW_REQUIRED,Similarity does not establish duplication; preserve both original entries
P1263,1265,Atmega 32u4 Based USB Digital Voltmeter,P1268,1270,Atmega 32u4 Based USB Speaker,0.6786,0.6,32u4; atmega; usb,CANDIDATE_ONLY_MANUAL_REVIEW_REQUIRED,Similarity does not establish duplication; preserve both original entries
P1268,1270,Atmega 32u4 Based USB Speaker,P1271,1273,Atmega 32u4 Based Wireless USB Keyboard,0.6786,0.6,32u4; atmega; usb,CANDIDATE_ONLY_MANUAL_REVIEW_REQUIRED,Similarity does not establish duplication; preserve both original entries
P0124,126,LED Hanukkah Menorah using Microcontroller ATtiny13,P0546,548,LED Menorah using ATtiny13 microcontroller,0.6667,0.8,attiny13; led; menorah; microcontroller,CANDIDATE_ONLY_MANUAL_REVIEW_REQUIRED,Similarity does not establish duplication; preserve both original entries
P1064,1066,How to interface serial ADC0831 with AVR microcontroller (ATmega16),P1075,1077,SPI (serial peripheral interface) using AVR microcontroller (ATmega16),0.6667,0.5556,atmega16; avr; interface; microcontroller; serial,CANDIDATE_ONLY_MANUAL_REVIEW_REQUIRED,Similarity does not establish duplication; preserve both original entries
P1105,1107,DC Motor Control with Joystick & AVR Microcontroller,P1191,1193,Joystick Interfacing with AVR Microcontroller,0.6588,0.6,avr; joystick; microcontroller,CANDIDATE_ONLY_MANUAL_REVIEW_REQUIRED,Similarity does not establish duplication; preserve both original entries
P0297,299,Open source color video game development system based on AVR,P1216,1218,Color Video Game on AVR,0.6571,0.6667,avr; color; game; video,CANDIDATE_ONLY_MANUAL_REVIEW_REQUIRED,Similarity does not establish duplication; preserve both original entries
P0731,733,Missle Command video game using Atmega32,P0852,854,3D Video Game Control Using Atmega32,0.6562,0.6,atmega32; game; video,CANDIDATE_ONLY_MANUAL_REVIEW_REQUIRED,Similarity does not establish duplication; preserve both original entries
P0776,778,Nova Strike video game Using Atmega32,P0852,854,3D Video Game Control Using Atmega32,0.6557,0.6,atmega32; game; video,CANDIDATE_ONLY_MANUAL_REVIEW_REQUIRED,Similarity does not establish duplication; preserve both original entries
P1227,1229,CT Sensor on AVR ATmega,P1412,1414,UV Sensor ML8511 AVR Atmega library,0.6552,0.6,atmega; avr; sensor,CANDIDATE_ONLY_MANUAL_REVIEW_REQUIRED,Similarity does not establish duplication; preserve both original entries
P1096,1098,Stepper Motor Angle Control using AVR Microcontroller,P1864,1866,Interfacing Stepper Motor with AVR Microcontroller Atmega16,0.6535,0.5714,avr; microcontroller; motor; stepper,CANDIDATE_ONLY_MANUAL_REVIEW_REQUIRED,Similarity does not establish duplication; preserve both original entries
P0741,743,Color Tetris video game using ATMega32,P0852,854,3D Video Game Control Using Atmega32,0.6452,0.6,atmega32; game; video,CANDIDATE_ONLY_MANUAL_REVIEW_REQUIRED,Similarity does not establish duplication; preserve both original entries
P1059,1061,How to Initialize Peripherals from Boot Loader Section,P1060,1062,How to Program in Boot Loader Section,0.6374,0.5714,boot; how; loader; section,CANDIDATE_ONLY_MANUAL_REVIEW_REQUIRED,Similarity does not establish duplication; preserve both original entries
P0418,420,Atmel avr usb programmer using ATMEGA8 microcontroller,P1305,1307,Atmel AVR ISP Microcontroller Programmer Project,0.6364,0.5714,atmel; avr; microcontroller; programmer,CANDIDATE_ONLY_MANUAL_REVIEW_REQUIRED,Similarity does not establish duplication; preserve both original entries
P0705,707,Space Fighter Video Game Using ATMega32,P0852,854,3D Video Game Control Using Atmega32,0.6349,0.6,atmega32; game; video,CANDIDATE_ONLY_MANUAL_REVIEW_REQUIRED,Similarity does not establish duplication; preserve both original entries
P0087,89,Stepper motor Driver Using AT2313 microcontroller,P1135,1137,Stepper motor driver,0.6349,0.6,driver; motor; stepper,CANDIDATE_ONLY_MANUAL_REVIEW_REQUIRED,Similarity does not establish duplication; preserve both original entries
P0448,450,Dot Matrix Display Applications using AT89C2051 microcontroller,P1573,1575,AT89C2051 WITH DOT MATRIX DISPLAY APPLICATIONS,0.6327,0.8333,applications; at89c2051; display; dot; matrix,CANDIDATE_ONLY_MANUAL_REVIEW_REQUIRED,Similarity does not establish duplication; preserve both original entries
P1211,1213,Servo motor control using AVR,P1398,1400,Servo Motor Control by Using AVR ATmega32 Microcontroller,0.6216,0.6,avr; motor; servo,CANDIDATE_ONLY_MANUAL_REVIEW_REQUIRED,Similarity does not establish duplication; preserve both original entries
P1886,1888,Programming AVR Microcontrollers with Atmel Studio 7,P1891,1893,Getting Started with C Programming for the ATMEL AVR Microcontrollers,0.6214,0.5714,atmel; avr; microcontrollers; programming,CANDIDATE_ONLY_MANUAL_REVIEW_REQUIRED,Similarity does not establish duplication; preserve both original entries
P1951,1953,The LED Chasing Effect Project using Atmel AVR Microcontroller,P2043,2045,Lighting Up Your World: The Atmel AVR Microcontroller LED Chasing Project,0.6154,0.5556,atmel; avr; chasing; led; microcontroller,CANDIDATE_ONLY_MANUAL_REVIEW_REQUIRED,Similarity does not establish duplication; preserve both original entries
P0235,237,Interfacing ATmega32 with an LCD and a DAC,P1203,1205,Interfacing LCD with ATmega32 Microcontroller,0.6111,0.6,atmega32; interfacing; lcd,CANDIDATE_ONLY_MANUAL_REVIEW_REQUIRED,Similarity does not establish duplication; preserve both original entries
P1126,1128,Dot matrix display,P1573,1575,AT89C2051 WITH DOT MATRIX DISPLAY APPLICATIONS,0.6102,0.6,display; dot; matrix,CANDIDATE_ONLY_MANUAL_REVIEW_REQUIRED,Similarity does not establish duplication; preserve both original entries
P1637,1639,Getting Started With Atmel AVR and BASCOM,P1891,1893,Getting Started with C Programming for the ATMEL AVR Microcontrollers,0.6087,0.5714,atmel; avr; getting; started,CANDIDATE_ONLY_MANUAL_REVIEW_REQUIRED,Similarity does not establish duplication; preserve both original entries
P0087,89,Stepper motor Driver Using AT2313 microcontroller,P1130,1132,PC stepper motor driver,0.6061,0.6,driver; motor; stepper,CANDIDATE_ONLY_MANUAL_REVIEW_REQUIRED,Similarity does not establish duplication; preserve both original entries
P2041,2043,Building a Reliable RFID-Based Security System with AVR ATmega32,P2047,2049,RFID-Based Security System with AVR ATmega32 Microcontroller,0.6047,0.5714,atmega32; avr; rfid; security,CANDIDATE_ONLY_MANUAL_REVIEW_REQUIRED,Similarity does not establish duplication; preserve both original entries
P1237,1239,RFID based security system using AVR ATmega32 microcontroller,P2041,2043,Building a Reliable RFID-Based Security System with AVR ATmega32,0.6047,0.5714,atmega32; avr; rfid; security,CANDIDATE_ONLY_MANUAL_REVIEW_REQUIRED,Similarity does not establish duplication; preserve both original entries
P2025,2027,RFID based security system using AVR ATmega32 microcontroller,P2041,2043,Building a Reliable RFID-Based Security System with AVR ATmega32,0.6047,0.5714,atmega32; avr; rfid; security,CANDIDATE_ONLY_MANUAL_REVIEW_REQUIRED,Similarity does not establish duplication; preserve both original entries
P1398,1400,Servo Motor Control by Using AVR ATmega32 Microcontroller,P1866,1868,Interfacing Servo Motor with AVR Microcontroller Atmega16,0.6019,0.5714,avr; microcontroller; motor; servo,CANDIDATE_ONLY_MANUAL_REVIEW_REQUIRED,Similarity does not establish duplication; preserve both original entries
P1240,1242,USB AVR programmer,P1955,1957,Atmel AVR Programmer USB Circuit Atmega8,0.6,0.6,avr; programmer; usb,CANDIDATE_ONLY_MANUAL_REVIEW_REQUIRED,Similarity does not establish duplication; preserve both original entries
P1096,1098,Stepper Motor Angle Control using AVR Microcontroller,P1111,1113,Speed and Direction Control of Stepper Motor using AVR Microcontroller,0.5946,0.5714,avr; microcontroller; motor; stepper,CANDIDATE_ONLY_MANUAL_REVIEW_REQUIRED,Similarity does not establish duplication; preserve both original entries
P0550,552,Making a USB based AVR Programmer using ATMEGA8 Microcontroller,P1955,1957,Atmel AVR Programmer USB Circuit Atmega8,0.5926,0.5714,atmega8; avr; programmer; usb,CANDIDATE_ONLY_MANUAL_REVIEW_REQUIRED,Similarity does not establish duplication; preserve both original entries
P0922,924,CMOS Camera Rock Paper Scissors Game System Using Atmega644,P1719,1721,Electronic Paper Rock Scissors Game,0.5926,0.5714,game; paper; rock; scissors,CANDIDATE_ONLY_MANUAL_REVIEW_REQUIRED,Similarity does not establish duplication; preserve both original entries
P0716,718,Digital Guitar Tuner,P0837,839,Guitar Tuner Using Atmega32,0.5854,0.6667,guitar; tuner,CANDIDATE_ONLY_MANUAL_REVIEW_REQUIRED,Similarity does not establish duplication; preserve both original entries
P1197,1199,Temperature Measurement using LM35 and AVR Microcontroller,P1620,1622,AVR TEMPERATURE MEASUREMENT SYSTEM,0.5823,0.6,avr; measurement; temperature,CANDIDATE_ONLY_MANUAL_REVIEW_REQUIRED,Similarity does not establish duplication; preserve both original entries
P2073,2075,AVR ATmega16 Controlled Stepper Motor using Proteus Simulation,P2082,2084,AVR Based DC Motor Controller using ATmega16 with Proteus Simulation,0.5794,0.7143,atmega16; avr; motor; proteus; simulation,CANDIDATE_ONLY_MANUAL_REVIEW_REQUIRED,Similarity does not establish duplication; preserve both original entries
P0412,414,USB AVR programmer using ATtiny2313 microcontroller,P1240,1242,USB AVR programmer,0.5714,0.6,avr; programmer; usb,CANDIDATE_ONLY_MANUAL_REVIEW_REQUIRED,Similarity does not establish duplication; preserve both original entries
P1263,1265,Atmega 32u4 Based USB Digital Voltmeter,P1269,1271,Atmega 32u4 Based Wireless USB Mouse,0.5714,0.6,32u4; atmega; usb,CANDIDATE_ONLY_MANUAL_REVIEW_REQUIRED,Similarity does not establish duplication; preserve both original entries
P0456,458,Control Relay Card with USB port Atmel using Atmega8 microcontroller,P1576,1578,USB PORT RELAY CONTROL WITH ATMEL ATMEGA8,0.5591,0.7143,atmega8; atmel; port; relay; usb,CANDIDATE_ONLY_MANUAL_REVIEW_REQUIRED,Similarity does not establish duplication; preserve both original entries
P1028,1030,Rock-Paper-Scissors-Spock-Lizard Game Using Atmega1284,P1719,1721,Electronic Paper Rock Scissors Game,0.5542,0.5714,game; paper; rock; scissors,CANDIDATE_ONLY_MANUAL_REVIEW_REQUIRED,Similarity does not establish duplication; preserve both original entries
P0028,30,microSD ATmega32 Data-Logger,P0378,380,AVR Data Logger with MicroSD using ATmega32 microcontroller,0.5526,0.6667,atmega32; data; logger; microsd,CANDIDATE_ONLY_MANUAL_REVIEW_REQUIRED,Similarity does not establish duplication; preserve both original entries
P1622,1624,MICROCONTROLLER CONTROLLED ROBOT PROJECTS,P1699,1701,Voice Controlled Robot Using 8051 Microcontroller,0.5333,0.6,controlled; microcontroller; robot,CANDIDATE_ONLY_MANUAL_REVIEW_REQUIRED,Similarity does not establish duplication; preserve both original entries
P1408,1410,DC motor interfacing with AVR ATmega16/ATmega32,P1857,1859,Interfacing DC Motor with AVR Microcontroller Atmega16,0.5275,0.6667,atmega16; avr; interfacing; motor,CANDIDATE_ONLY_MANUAL_REVIEW_REQUIRED,Similarity does not establish duplication; preserve both original entries
P0056,58,Using ATMega328 Microcontroller Custom Tron Disc Mod,P0246,248,Custom Tron Disc Mod using ATMega328,0.5263,0.8333,atmega328; custom; disc; mod; tron,CANDIDATE_ONLY_MANUAL_REVIEW_REQUIRED,Similarity does not establish duplication; preserve both original entries
P1122,1124,Attendance System using AVR and RFID,P1629,1631,RFID based Attendance System,0.5263,0.6667,attendance; rfid,CANDIDATE_ONLY_MANUAL_REVIEW_REQUIRED,Similarity does not establish duplication; preserve both original entries
P0885,887,GPS Data Logger with Wireless Trigger Using Atmega644,P1690,1692,GPS Data Logger,0.5263,0.6,data; gps; logger,CANDIDATE_ONLY_MANUAL_REVIEW_REQUIRED,Similarity does not establish duplication; preserve both original entries
P0286,288,Development Board With LCD using Atmega16 microcontrollers,P1044,1046,Atmega16/32 Development Board With LCD,0.525,0.75,atmega16; board; lcd,CANDIDATE_ONLY_MANUAL_REVIEW_REQUIRED,Similarity does not establish duplication; preserve both original entries
P1441,1443,0-30V 0-3A ADJUSTABLE SWITCHING LABORATORY POWER SUPPLY,P1468,1470,ADJUSTABLE POWER SUPPLY CIRCUIT 0 30V LCD,0.5227,0.5714,30v; adjustable; power; supply,CANDIDATE_ONLY_MANUAL_REVIEW_REQUIRED,Similarity does not establish duplication; preserve both original entries
P1263,1265,Atmega 32u4 Based USB Digital Voltmeter,P1271,1273,Atmega 32u4 Based Wireless USB Keyboard,0.5152,0.6,32u4; atmega; usb,CANDIDATE_ONLY_MANUAL_REVIEW_REQUIRED,Similarity does not establish duplication; preserve both original entries
P1408,1410,DC motor interfacing with AVR ATmega16/ATmega32,P1866,1868,Interfacing Servo Motor with AVR Microcontroller Atmega16,0.5106,0.5714,atmega16; avr; interfacing; motor,CANDIDATE_ONLY_MANUAL_REVIEW_REQUIRED,Similarity does not establish duplication; preserve both original entries
P0044,46,DC Motor Speed Control using PWM,P1399,1401,How to control DC motor speed using PWM on Atmega32,0.507,0.6,motor; pwm; speed,CANDIDATE_ONLY_MANUAL_REVIEW_REQUIRED,Similarity does not establish duplication; preserve both original entries
P1408,1410,DC motor interfacing with AVR ATmega16/ATmega32,P1864,1866,Interfacing Stepper Motor with AVR Microcontroller Atmega16,0.5,0.5714,atmega16; avr; interfacing; motor,CANDIDATE_ONLY_MANUAL_REVIEW_REQUIRED,Similarity does not establish duplication; preserve both original entries
P1212,1214,ATMega16 AVR Microcontroller Seven Segment Digital Clock,P1323,1325,Digital Clock using AVR Atmega16 Microcontroller,0.4898,0.6667,atmega16; avr; clock; microcontroller,CANDIDATE_ONLY_MANUAL_REVIEW_REQUIRED,Similarity does not establish duplication; preserve both original entries
P0639,641,Watch controlled robot using AVR microcontroller,P1622,1624,MICROCONTROLLER CONTROLLED ROBOT PROJECTS,0.4865,0.6,controlled; microcontroller; robot,CANDIDATE_ONLY_MANUAL_REVIEW_REQUIRED,Similarity does not establish duplication; preserve both original entries
P1156,1158,Interfacing 16X2 LCD to AVR Microcontroller,P1220,1222,LCD Interfacing with AVR,0.4839,0.6,avr; interfacing; lcd,CANDIDATE_ONLY_MANUAL_REVIEW_REQUIRED,Similarity does not establish duplication; preserve both original entries
P0131,133,The Arduino LED Cube using LED microcontroller,P0233,235,The 4x4x4 LED cube (Arduino),0.4483,0.6,arduino; cube; led,CANDIDATE_ONLY_MANUAL_REVIEW_REQUIRED,Similarity does not establish duplication; preserve both original entries
P0434,436,AT89C52 DS1302 DS18B20 LCD On Time-Temperature,P1565,1567,LCD DATE TIME TEMPERATURE AT89C52 DS18B20 DS1302,0.4468,0.8571,at89c52; ds1302; ds18b20; lcd; temperature; time,CANDIDATE_ONLY_MANUAL_REVIEW_REQUIRED,Similarity does not establish duplication; preserve both original entries
P1109,1111,Digital Clock using Seven Segment Display and ATMega16,P1212,1214,ATMega16 AVR Microcontroller Seven Segment Digital Clock,0.4423,0.5714,atmega16; clock; segment; seven,CANDIDATE_ONLY_MANUAL_REVIEW_REQUIRED,Similarity does not establish duplication; preserve both original entries
P0422,424,"Atmel Bascom avr 8051 project, the circuit archive using AT89S8252 microcontroller",P1552,1554,8051 BASCOM AVR PROJECTS ATMEL CIRCUITS ARCHIVE,0.4301,0.625,8051; archive; atmel; avr; bascom,CANDIDATE_ONLY_MANUAL_REVIEW_REQUIRED,Similarity does not establish duplication; preserve both original entries
P0834,836,Battle Tank – A 3d Atmega32 Based Video Game,P0852,854,3D Video Game Control Using Atmega32,0.4062,0.6,atmega32; game; video,CANDIDATE_ONLY_MANUAL_REVIEW_REQUIRED,Similarity does not establish duplication; preserve both original entries
P1204,1206,LED Blinking with ATmega32 Microcontroller,P1318,1320,ATmega32 blinking LED Lights,0.4,0.6,atmega32; blinking; led,CANDIDATE_ONLY_MANUAL_REVIEW_REQUIRED,Similarity does not establish duplication; preserve both original entries
P1886,1888,Programming AVR Microcontrollers with Atmel Studio 7,P1953,1955,Setting up Atmel Studio for USBasp and AVR Programming,0.3711,0.5714,atmel; avr; programming; studio,CANDIDATE_ONLY_MANUAL_REVIEW_REQUIRED,Similarity does not establish duplication; preserve both original entries
P1909,1911,Prototype Board for Atmel Mega644,P2048,2050,Innovative Applications with the Atmel Mega644 Prototype Board,0.3659,0.6667,atmel; board; mega644; prototype,CANDIDATE_ONLY_MANUAL_REVIEW_REQUIRED,Similarity does not establish duplication; preserve both original entries
